INFO - 2025-10-14 13:22:14 --> Session: Class initialized using 'CodeIgniter\Session\Handlers\FileHandler' driver.
INFO - 2025-10-14 13:22:14 --> Session: Class initialized using 'CodeIgniter\Session\Handlers\FileHandler' driver.
INFO - 2025-10-14 13:22:15 --> Session: Class initialized using 'CodeIgniter\Session\Handlers\FileHandler' driver.
INFO - 2025-10-14 13:22:19 --> Session: Class initialized using 'CodeIgniter\Session\Handlers\FileHandler' driver.
INFO - 2025-10-14 13:22:20 --> Session: Class initialized using 'CodeIgniter\Session\Handlers\FileHandler' driver.
INFO - 2025-10-14 13:23:59 --> Session: Class initialized using 'CodeIgniter\Session\Handlers\FileHandler' driver.
INFO - 2025-10-14 13:24:01 --> Session: Class initialized using 'CodeIgniter\Session\Handlers\FileHandler' driver.
WARNING - 2025-10-14 13:24:06 --> [DEPRECATED] Creation of dynamic property App\Controllers\WarehouseController::$db is deprecated in APPPATH\Controllers\WarehouseController.php on line 15.
 1 APPPATH\Controllers\Home.php(34): App\Controllers\WarehouseController->__construct()
 2 SYSTEMPATH\CodeIgniter.php(933): App\Controllers\Home->index()
 3 SYSTEMPATH\CodeIgniter.php(509): CodeIgniter\CodeIgniter->runController(Object(App\Controllers\Home))
 4 SYSTEMPATH\CodeIgniter.php(355): CodeIgniter\CodeIgniter->handleRequest(null, Object(Config\Cache), false)
 5 SYSTEMPATH\Boot.php(325): CodeIgniter\CodeIgniter->run()
 6 SYSTEMPATH\Boot.php(67): CodeIgniter\Boot::runCodeIgniter(Object(CodeIgniter\CodeIgniter))
 7 FCPATH\index.php(56): CodeIgniter\Boot::bootWeb(Object(Config\Paths))
WARNING - 2025-10-14 13:24:06 --> [DEPRECATED] Creation of dynamic property App\Controllers\WarehouseController::$session is deprecated in APPPATH\Controllers\WarehouseController.php on line 16.
 1 APPPATH\Controllers\Home.php(34): App\Controllers\WarehouseController->__construct()
 2 SYSTEMPATH\CodeIgniter.php(933): App\Controllers\Home->index()
 3 SYSTEMPATH\CodeIgniter.php(509): CodeIgniter\CodeIgniter->runController(Object(App\Controllers\Home))
 4 SYSTEMPATH\CodeIgniter.php(355): CodeIgniter\CodeIgniter->handleRequest(null, Object(Config\Cache), false)
 5 SYSTEMPATH\Boot.php(325): CodeIgniter\CodeIgniter->run()
 6 SYSTEMPATH\Boot.php(67): CodeIgniter\Boot::runCodeIgniter(Object(CodeIgniter\CodeIgniter))
 7 FCPATH\index.php(56): CodeIgniter\Boot::bootWeb(Object(Config\Paths))
WARNING - 2025-10-14 13:24:06 --> [DEPRECATED] Creation of dynamic property App\Controllers\WarehouseController::$uri is deprecated in APPPATH\Controllers\WarehouseController.php on line 17.
 1 APPPATH\Controllers\Home.php(34): App\Controllers\WarehouseController->__construct()
 2 SYSTEMPATH\CodeIgniter.php(933): App\Controllers\Home->index()
 3 SYSTEMPATH\CodeIgniter.php(509): CodeIgniter\CodeIgniter->runController(Object(App\Controllers\Home))
 4 SYSTEMPATH\CodeIgniter.php(355): CodeIgniter\CodeIgniter->handleRequest(null, Object(Config\Cache), false)
 5 SYSTEMPATH\Boot.php(325): CodeIgniter\CodeIgniter->run()
 6 SYSTEMPATH\Boot.php(67): CodeIgniter\Boot::runCodeIgniter(Object(CodeIgniter\CodeIgniter))
 7 FCPATH\index.php(56): CodeIgniter\Boot::bootWeb(Object(Config\Paths))
WARNING - 2025-10-14 13:24:06 --> [DEPRECATED] Creation of dynamic property App\Controllers\WarehouseController::$form_validation is deprecated in APPPATH\Controllers\WarehouseController.php on line 19.
 1 APPPATH\Controllers\Home.php(34): App\Controllers\WarehouseController->__construct()
 2 SYSTEMPATH\CodeIgniter.php(933): App\Controllers\Home->index()
 3 SYSTEMPATH\CodeIgniter.php(509): CodeIgniter\CodeIgniter->runController(Object(App\Controllers\Home))
 4 SYSTEMPATH\CodeIgniter.php(355): CodeIgniter\CodeIgniter->handleRequest(null, Object(Config\Cache), false)
 5 SYSTEMPATH\Boot.php(325): CodeIgniter\CodeIgniter->run()
 6 SYSTEMPATH\Boot.php(67): CodeIgniter\Boot::runCodeIgniter(Object(CodeIgniter\CodeIgniter))
 7 FCPATH\index.php(56): CodeIgniter\Boot::bootWeb(Object(Config\Paths))
WARNING - 2025-10-14 13:24:06 --> [DEPRECATED] Creation of dynamic property App\Controllers\WarehouseController::$userValidation is deprecated in APPPATH\Controllers\WarehouseController.php on line 20.
 1 APPPATH\Controllers\Home.php(34): App\Controllers\WarehouseController->__construct()
 2 SYSTEMPATH\CodeIgniter.php(933): App\Controllers\Home->index()
 3 SYSTEMPATH\CodeIgniter.php(509): CodeIgniter\CodeIgniter->runController(Object(App\Controllers\Home))
 4 SYSTEMPATH\CodeIgniter.php(355): CodeIgniter\CodeIgniter->handleRequest(null, Object(Config\Cache), false)
 5 SYSTEMPATH\Boot.php(325): CodeIgniter\CodeIgniter->run()
 6 SYSTEMPATH\Boot.php(67): CodeIgniter\Boot::runCodeIgniter(Object(CodeIgniter\CodeIgniter))
 7 FCPATH\index.php(56): CodeIgniter\Boot::bootWeb(Object(Config\Paths))
INFO - 2025-10-14 13:24:12 --> Session: Class initialized using 'CodeIgniter\Session\Handlers\FileHandler' driver.
WARNING - 2025-10-14 13:24:14 --> [DEPRECATED] Creation of dynamic property App\Controllers\DashboardController::$db is deprecated in APPPATH\Controllers\DashboardController.php on line 14.
 1 SYSTEMPATH\CodeIgniter.php(903): App\Controllers\DashboardController->__construct()
 2 SYSTEMPATH\CodeIgniter.php(500): CodeIgniter\CodeIgniter->createController()
 3 SYSTEMPATH\CodeIgniter.php(355): CodeIgniter\CodeIgniter->handleRequest(null, Object(Config\Cache), false)
 4 SYSTEMPATH\Boot.php(325): CodeIgniter\CodeIgniter->run()
 5 SYSTEMPATH\Boot.php(67): CodeIgniter\Boot::runCodeIgniter(Object(CodeIgniter\CodeIgniter))
 6 FCPATH\index.php(56): CodeIgniter\Boot::bootWeb(Object(Config\Paths))
WARNING - 2025-10-14 13:24:14 --> [DEPRECATED] Creation of dynamic property App\Controllers\DashboardController::$session is deprecated in APPPATH\Controllers\DashboardController.php on line 15.
 1 SYSTEMPATH\CodeIgniter.php(903): App\Controllers\DashboardController->__construct()
 2 SYSTEMPATH\CodeIgniter.php(500): CodeIgniter\CodeIgniter->createController()
 3 SYSTEMPATH\CodeIgniter.php(355): CodeIgniter\CodeIgniter->handleRequest(null, Object(Config\Cache), false)
 4 SYSTEMPATH\Boot.php(325): CodeIgniter\CodeIgniter->run()
 5 SYSTEMPATH\Boot.php(67): CodeIgniter\Boot::runCodeIgniter(Object(CodeIgniter\CodeIgniter))
 6 FCPATH\index.php(56): CodeIgniter\Boot::bootWeb(Object(Config\Paths))
WARNING - 2025-10-14 13:24:14 --> [DEPRECATED] Creation of dynamic property App\Controllers\DashboardController::$uri is deprecated in APPPATH\Controllers\DashboardController.php on line 16.
 1 SYSTEMPATH\CodeIgniter.php(903): App\Controllers\DashboardController->__construct()
 2 SYSTEMPATH\CodeIgniter.php(500): CodeIgniter\CodeIgniter->createController()
 3 SYSTEMPATH\CodeIgniter.php(355): CodeIgniter\CodeIgniter->handleRequest(null, Object(Config\Cache), false)
 4 SYSTEMPATH\Boot.php(325): CodeIgniter\CodeIgniter->run()
 5 SYSTEMPATH\Boot.php(67): CodeIgniter\Boot::runCodeIgniter(Object(CodeIgniter\CodeIgniter))
 6 FCPATH\index.php(56): CodeIgniter\Boot::bootWeb(Object(Config\Paths))
WARNING - 2025-10-14 13:24:14 --> [DEPRECATED] Creation of dynamic property App\Controllers\DashboardController::$form_validation is deprecated in APPPATH\Controllers\DashboardController.php on line 18.
 1 SYSTEMPATH\CodeIgniter.php(903): App\Controllers\DashboardController->__construct()
 2 SYSTEMPATH\CodeIgniter.php(500): CodeIgniter\CodeIgniter->createController()
 3 SYSTEMPATH\CodeIgniter.php(355): CodeIgniter\CodeIgniter->handleRequest(null, Object(Config\Cache), false)
 4 SYSTEMPATH\Boot.php(325): CodeIgniter\CodeIgniter->run()
 5 SYSTEMPATH\Boot.php(67): CodeIgniter\Boot::runCodeIgniter(Object(CodeIgniter\CodeIgniter))
 6 FCPATH\index.php(56): CodeIgniter\Boot::bootWeb(Object(Config\Paths))
WARNING - 2025-10-14 13:24:14 --> [DEPRECATED] Creation of dynamic property App\Controllers\DashboardController::$userValidation is deprecated in APPPATH\Controllers\DashboardController.php on line 19.
 1 SYSTEMPATH\CodeIgniter.php(903): App\Controllers\DashboardController->__construct()
 2 SYSTEMPATH\CodeIgniter.php(500): CodeIgniter\CodeIgniter->createController()
 3 SYSTEMPATH\CodeIgniter.php(355): CodeIgniter\CodeIgniter->handleRequest(null, Object(Config\Cache), false)
 4 SYSTEMPATH\Boot.php(325): CodeIgniter\CodeIgniter->run()
 5 SYSTEMPATH\Boot.php(67): CodeIgniter\Boot::runCodeIgniter(Object(CodeIgniter\CodeIgniter))
 6 FCPATH\index.php(56): CodeIgniter\Boot::bootWeb(Object(Config\Paths))
INFO - 2025-10-14 13:24:15 --> Session: Class initialized using 'CodeIgniter\Session\Handlers\FileHandler' driver.
WARNING - 2025-10-14 13:24:15 --> [DEPRECATED] Creation of dynamic property App\Controllers\DashboardController::$db is deprecated in APPPATH\Controllers\DashboardController.php on line 14.
 1 SYSTEMPATH\CodeIgniter.php(903): App\Controllers\DashboardController->__construct()
 2 SYSTEMPATH\CodeIgniter.php(500): CodeIgniter\CodeIgniter->createController()
 3 SYSTEMPATH\CodeIgniter.php(355): CodeIgniter\CodeIgniter->handleRequest(null, Object(Config\Cache), false)
 4 SYSTEMPATH\Boot.php(325): CodeIgniter\CodeIgniter->run()
 5 SYSTEMPATH\Boot.php(67): CodeIgniter\Boot::runCodeIgniter(Object(CodeIgniter\CodeIgniter))
 6 FCPATH\index.php(56): CodeIgniter\Boot::bootWeb(Object(Config\Paths))
WARNING - 2025-10-14 13:24:15 --> [DEPRECATED] Creation of dynamic property App\Controllers\DashboardController::$session is deprecated in APPPATH\Controllers\DashboardController.php on line 15.
 1 SYSTEMPATH\CodeIgniter.php(903): App\Controllers\DashboardController->__construct()
 2 SYSTEMPATH\CodeIgniter.php(500): CodeIgniter\CodeIgniter->createController()
 3 SYSTEMPATH\CodeIgniter.php(355): CodeIgniter\CodeIgniter->handleRequest(null, Object(Config\Cache), false)
 4 SYSTEMPATH\Boot.php(325): CodeIgniter\CodeIgniter->run()
 5 SYSTEMPATH\Boot.php(67): CodeIgniter\Boot::runCodeIgniter(Object(CodeIgniter\CodeIgniter))
 6 FCPATH\index.php(56): CodeIgniter\Boot::bootWeb(Object(Config\Paths))
WARNING - 2025-10-14 13:24:15 --> [DEPRECATED] Creation of dynamic property App\Controllers\DashboardController::$uri is deprecated in APPPATH\Controllers\DashboardController.php on line 16.
 1 SYSTEMPATH\CodeIgniter.php(903): App\Controllers\DashboardController->__construct()
 2 SYSTEMPATH\CodeIgniter.php(500): CodeIgniter\CodeIgniter->createController()
 3 SYSTEMPATH\CodeIgniter.php(355): CodeIgniter\CodeIgniter->handleRequest(null, Object(Config\Cache), false)
 4 SYSTEMPATH\Boot.php(325): CodeIgniter\CodeIgniter->run()
 5 SYSTEMPATH\Boot.php(67): CodeIgniter\Boot::runCodeIgniter(Object(CodeIgniter\CodeIgniter))
 6 FCPATH\index.php(56): CodeIgniter\Boot::bootWeb(Object(Config\Paths))
WARNING - 2025-10-14 13:24:15 --> [DEPRECATED] Creation of dynamic property App\Controllers\DashboardController::$form_validation is deprecated in APPPATH\Controllers\DashboardController.php on line 18.
 1 SYSTEMPATH\CodeIgniter.php(903): App\Controllers\DashboardController->__construct()
 2 SYSTEMPATH\CodeIgniter.php(500): CodeIgniter\CodeIgniter->createController()
 3 SYSTEMPATH\CodeIgniter.php(355): CodeIgniter\CodeIgniter->handleRequest(null, Object(Config\Cache), false)
 4 SYSTEMPATH\Boot.php(325): CodeIgniter\CodeIgniter->run()
 5 SYSTEMPATH\Boot.php(67): CodeIgniter\Boot::runCodeIgniter(Object(CodeIgniter\CodeIgniter))
 6 FCPATH\index.php(56): CodeIgniter\Boot::bootWeb(Object(Config\Paths))
WARNING - 2025-10-14 13:24:15 --> [DEPRECATED] Creation of dynamic property App\Controllers\DashboardController::$userValidation is deprecated in APPPATH\Controllers\DashboardController.php on line 19.
 1 SYSTEMPATH\CodeIgniter.php(903): App\Controllers\DashboardController->__construct()
 2 SYSTEMPATH\CodeIgniter.php(500): CodeIgniter\CodeIgniter->createController()
 3 SYSTEMPATH\CodeIgniter.php(355): CodeIgniter\CodeIgniter->handleRequest(null, Object(Config\Cache), false)
 4 SYSTEMPATH\Boot.php(325): CodeIgniter\CodeIgniter->run()
 5 SYSTEMPATH\Boot.php(67): CodeIgniter\Boot::runCodeIgniter(Object(CodeIgniter\CodeIgniter))
 6 FCPATH\index.php(56): CodeIgniter\Boot::bootWeb(Object(Config\Paths))
INFO - 2025-10-14 13:24:16 --> Session: Class initialized using 'CodeIgniter\Session\Handlers\FileHandler' driver.
WARNING - 2025-10-14 13:24:16 --> [DEPRECATED] Creation of dynamic property App\Controllers\DashboardController::$db is deprecated in APPPATH\Controllers\DashboardController.php on line 14.
 1 SYSTEMPATH\CodeIgniter.php(903): App\Controllers\DashboardController->__construct()
 2 SYSTEMPATH\CodeIgniter.php(500): CodeIgniter\CodeIgniter->createController()
 3 SYSTEMPATH\CodeIgniter.php(355): CodeIgniter\CodeIgniter->handleRequest(null, Object(Config\Cache), false)
 4 SYSTEMPATH\Boot.php(325): CodeIgniter\CodeIgniter->run()
 5 SYSTEMPATH\Boot.php(67): CodeIgniter\Boot::runCodeIgniter(Object(CodeIgniter\CodeIgniter))
 6 FCPATH\index.php(56): CodeIgniter\Boot::bootWeb(Object(Config\Paths))
WARNING - 2025-10-14 13:24:16 --> [DEPRECATED] Creation of dynamic property App\Controllers\DashboardController::$session is deprecated in APPPATH\Controllers\DashboardController.php on line 15.
 1 SYSTEMPATH\CodeIgniter.php(903): App\Controllers\DashboardController->__construct()
 2 SYSTEMPATH\CodeIgniter.php(500): CodeIgniter\CodeIgniter->createController()
 3 SYSTEMPATH\CodeIgniter.php(355): CodeIgniter\CodeIgniter->handleRequest(null, Object(Config\Cache), false)
 4 SYSTEMPATH\Boot.php(325): CodeIgniter\CodeIgniter->run()
 5 SYSTEMPATH\Boot.php(67): CodeIgniter\Boot::runCodeIgniter(Object(CodeIgniter\CodeIgniter))
 6 FCPATH\index.php(56): CodeIgniter\Boot::bootWeb(Object(Config\Paths))
WARNING - 2025-10-14 13:24:16 --> [DEPRECATED] Creation of dynamic property App\Controllers\DashboardController::$uri is deprecated in APPPATH\Controllers\DashboardController.php on line 16.
 1 SYSTEMPATH\CodeIgniter.php(903): App\Controllers\DashboardController->__construct()
 2 SYSTEMPATH\CodeIgniter.php(500): CodeIgniter\CodeIgniter->createController()
 3 SYSTEMPATH\CodeIgniter.php(355): CodeIgniter\CodeIgniter->handleRequest(null, Object(Config\Cache), false)
 4 SYSTEMPATH\Boot.php(325): CodeIgniter\CodeIgniter->run()
 5 SYSTEMPATH\Boot.php(67): CodeIgniter\Boot::runCodeIgniter(Object(CodeIgniter\CodeIgniter))
 6 FCPATH\index.php(56): CodeIgniter\Boot::bootWeb(Object(Config\Paths))
WARNING - 2025-10-14 13:24:16 --> [DEPRECATED] Creation of dynamic property App\Controllers\DashboardController::$form_validation is deprecated in APPPATH\Controllers\DashboardController.php on line 18.
 1 SYSTEMPATH\CodeIgniter.php(903): App\Controllers\DashboardController->__construct()
 2 SYSTEMPATH\CodeIgniter.php(500): CodeIgniter\CodeIgniter->createController()
 3 SYSTEMPATH\CodeIgniter.php(355): CodeIgniter\CodeIgniter->handleRequest(null, Object(Config\Cache), false)
 4 SYSTEMPATH\Boot.php(325): CodeIgniter\CodeIgniter->run()
 5 SYSTEMPATH\Boot.php(67): CodeIgniter\Boot::runCodeIgniter(Object(CodeIgniter\CodeIgniter))
 6 FCPATH\index.php(56): CodeIgniter\Boot::bootWeb(Object(Config\Paths))
WARNING - 2025-10-14 13:24:16 --> [DEPRECATED] Creation of dynamic property App\Controllers\DashboardController::$userValidation is deprecated in APPPATH\Controllers\DashboardController.php on line 19.
 1 SYSTEMPATH\CodeIgniter.php(903): App\Controllers\DashboardController->__construct()
 2 SYSTEMPATH\CodeIgniter.php(500): CodeIgniter\CodeIgniter->createController()
 3 SYSTEMPATH\CodeIgniter.php(355): CodeIgniter\CodeIgniter->handleRequest(null, Object(Config\Cache), false)
 4 SYSTEMPATH\Boot.php(325): CodeIgniter\CodeIgniter->run()
 5 SYSTEMPATH\Boot.php(67): CodeIgniter\Boot::runCodeIgniter(Object(CodeIgniter\CodeIgniter))
 6 FCPATH\index.php(56): CodeIgniter\Boot::bootWeb(Object(Config\Paths))
INFO - 2025-10-14 14:00:20 --> Session: Class initialized using 'CodeIgniter\Session\Handlers\FileHandler' driver.
WARNING - 2025-10-14 14:00:46 --> [DEPRECATED] Creation of dynamic property App\Controllers\WarehouseController::$db is deprecated in APPPATH\Controllers\WarehouseController.php on line 15.
 1 APPPATH\Controllers\Home.php(34): App\Controllers\WarehouseController->__construct()
 2 SYSTEMPATH\CodeIgniter.php(933): App\Controllers\Home->index()
 3 SYSTEMPATH\CodeIgniter.php(509): CodeIgniter\CodeIgniter->runController(Object(App\Controllers\Home))
 4 SYSTEMPATH\CodeIgniter.php(355): CodeIgniter\CodeIgniter->handleRequest(null, Object(Config\Cache), false)
 5 SYSTEMPATH\Boot.php(325): CodeIgniter\CodeIgniter->run()
 6 SYSTEMPATH\Boot.php(67): CodeIgniter\Boot::runCodeIgniter(Object(CodeIgniter\CodeIgniter))
 7 FCPATH\index.php(56): CodeIgniter\Boot::bootWeb(Object(Config\Paths))
WARNING - 2025-10-14 14:00:46 --> [DEPRECATED] Creation of dynamic property App\Controllers\WarehouseController::$session is deprecated in APPPATH\Controllers\WarehouseController.php on line 16.
 1 APPPATH\Controllers\Home.php(34): App\Controllers\WarehouseController->__construct()
 2 SYSTEMPATH\CodeIgniter.php(933): App\Controllers\Home->index()
 3 SYSTEMPATH\CodeIgniter.php(509): CodeIgniter\CodeIgniter->runController(Object(App\Controllers\Home))
 4 SYSTEMPATH\CodeIgniter.php(355): CodeIgniter\CodeIgniter->handleRequest(null, Object(Config\Cache), false)
 5 SYSTEMPATH\Boot.php(325): CodeIgniter\CodeIgniter->run()
 6 SYSTEMPATH\Boot.php(67): CodeIgniter\Boot::runCodeIgniter(Object(CodeIgniter\CodeIgniter))
 7 FCPATH\index.php(56): CodeIgniter\Boot::bootWeb(Object(Config\Paths))
WARNING - 2025-10-14 14:00:46 --> [DEPRECATED] Creation of dynamic property App\Controllers\WarehouseController::$uri is deprecated in APPPATH\Controllers\WarehouseController.php on line 17.
 1 APPPATH\Controllers\Home.php(34): App\Controllers\WarehouseController->__construct()
 2 SYSTEMPATH\CodeIgniter.php(933): App\Controllers\Home->index()
 3 SYSTEMPATH\CodeIgniter.php(509): CodeIgniter\CodeIgniter->runController(Object(App\Controllers\Home))
 4 SYSTEMPATH\CodeIgniter.php(355): CodeIgniter\CodeIgniter->handleRequest(null, Object(Config\Cache), false)
 5 SYSTEMPATH\Boot.php(325): CodeIgniter\CodeIgniter->run()
 6 SYSTEMPATH\Boot.php(67): CodeIgniter\Boot::runCodeIgniter(Object(CodeIgniter\CodeIgniter))
 7 FCPATH\index.php(56): CodeIgniter\Boot::bootWeb(Object(Config\Paths))
WARNING - 2025-10-14 14:00:46 --> [DEPRECATED] Creation of dynamic property App\Controllers\WarehouseController::$form_validation is deprecated in APPPATH\Controllers\WarehouseController.php on line 19.
 1 APPPATH\Controllers\Home.php(34): App\Controllers\WarehouseController->__construct()
 2 SYSTEMPATH\CodeIgniter.php(933): App\Controllers\Home->index()
 3 SYSTEMPATH\CodeIgniter.php(509): CodeIgniter\CodeIgniter->runController(Object(App\Controllers\Home))
 4 SYSTEMPATH\CodeIgniter.php(355): CodeIgniter\CodeIgniter->handleRequest(null, Object(Config\Cache), false)
 5 SYSTEMPATH\Boot.php(325): CodeIgniter\CodeIgniter->run()
 6 SYSTEMPATH\Boot.php(67): CodeIgniter\Boot::runCodeIgniter(Object(CodeIgniter\CodeIgniter))
 7 FCPATH\index.php(56): CodeIgniter\Boot::bootWeb(Object(Config\Paths))
WARNING - 2025-10-14 14:00:46 --> [DEPRECATED] Creation of dynamic property App\Controllers\WarehouseController::$userValidation is deprecated in APPPATH\Controllers\WarehouseController.php on line 20.
 1 APPPATH\Controllers\Home.php(34): App\Controllers\WarehouseController->__construct()
 2 SYSTEMPATH\CodeIgniter.php(933): App\Controllers\Home->index()
 3 SYSTEMPATH\CodeIgniter.php(509): CodeIgniter\CodeIgniter->runController(Object(App\Controllers\Home))
 4 SYSTEMPATH\CodeIgniter.php(355): CodeIgniter\CodeIgniter->handleRequest(null, Object(Config\Cache), false)
 5 SYSTEMPATH\Boot.php(325): CodeIgniter\CodeIgniter->run()
 6 SYSTEMPATH\Boot.php(67): CodeIgniter\Boot::runCodeIgniter(Object(CodeIgniter\CodeIgniter))
 7 FCPATH\index.php(56): CodeIgniter\Boot::bootWeb(Object(Config\Paths))
INFO - 2025-10-14 14:01:17 --> Session: Class initialized using 'CodeIgniter\Session\Handlers\FileHandler' driver.
INFO - 2025-10-14 14:03:22 --> Session: Class initialized using 'CodeIgniter\Session\Handlers\FileHandler' driver.
INFO - 2025-10-14 14:03:23 --> Session: Class initialized using 'CodeIgniter\Session\Handlers\FileHandler' driver.
WARNING - 2025-10-14 14:03:24 --> [DEPRECATED] Creation of dynamic property App\Controllers\WarehouseController::$db is deprecated in APPPATH\Controllers\WarehouseController.php on line 15.
 1 APPPATH\Controllers\Home.php(34): App\Controllers\WarehouseController->__construct()
 2 SYSTEMPATH\CodeIgniter.php(933): App\Controllers\Home->index()
 3 SYSTEMPATH\CodeIgniter.php(509): CodeIgniter\CodeIgniter->runController(Object(App\Controllers\Home))
 4 SYSTEMPATH\CodeIgniter.php(355): CodeIgniter\CodeIgniter->handleRequest(null, Object(Config\Cache), false)
 5 SYSTEMPATH\Boot.php(325): CodeIgniter\CodeIgniter->run()
 6 SYSTEMPATH\Boot.php(67): CodeIgniter\Boot::runCodeIgniter(Object(CodeIgniter\CodeIgniter))
 7 FCPATH\index.php(56): CodeIgniter\Boot::bootWeb(Object(Config\Paths))
WARNING - 2025-10-14 14:03:24 --> [DEPRECATED] Creation of dynamic property App\Controllers\WarehouseController::$session is deprecated in APPPATH\Controllers\WarehouseController.php on line 16.
 1 APPPATH\Controllers\Home.php(34): App\Controllers\WarehouseController->__construct()
 2 SYSTEMPATH\CodeIgniter.php(933): App\Controllers\Home->index()
 3 SYSTEMPATH\CodeIgniter.php(509): CodeIgniter\CodeIgniter->runController(Object(App\Controllers\Home))
 4 SYSTEMPATH\CodeIgniter.php(355): CodeIgniter\CodeIgniter->handleRequest(null, Object(Config\Cache), false)
 5 SYSTEMPATH\Boot.php(325): CodeIgniter\CodeIgniter->run()
 6 SYSTEMPATH\Boot.php(67): CodeIgniter\Boot::runCodeIgniter(Object(CodeIgniter\CodeIgniter))
 7 FCPATH\index.php(56): CodeIgniter\Boot::bootWeb(Object(Config\Paths))
WARNING - 2025-10-14 14:03:24 --> [DEPRECATED] Creation of dynamic property App\Controllers\WarehouseController::$uri is deprecated in APPPATH\Controllers\WarehouseController.php on line 17.
 1 APPPATH\Controllers\Home.php(34): App\Controllers\WarehouseController->__construct()
 2 SYSTEMPATH\CodeIgniter.php(933): App\Controllers\Home->index()
 3 SYSTEMPATH\CodeIgniter.php(509): CodeIgniter\CodeIgniter->runController(Object(App\Controllers\Home))
 4 SYSTEMPATH\CodeIgniter.php(355): CodeIgniter\CodeIgniter->handleRequest(null, Object(Config\Cache), false)
 5 SYSTEMPATH\Boot.php(325): CodeIgniter\CodeIgniter->run()
 6 SYSTEMPATH\Boot.php(67): CodeIgniter\Boot::runCodeIgniter(Object(CodeIgniter\CodeIgniter))
 7 FCPATH\index.php(56): CodeIgniter\Boot::bootWeb(Object(Config\Paths))
WARNING - 2025-10-14 14:03:24 --> [DEPRECATED] Creation of dynamic property App\Controllers\WarehouseController::$form_validation is deprecated in APPPATH\Controllers\WarehouseController.php on line 19.
 1 APPPATH\Controllers\Home.php(34): App\Controllers\WarehouseController->__construct()
 2 SYSTEMPATH\CodeIgniter.php(933): App\Controllers\Home->index()
 3 SYSTEMPATH\CodeIgniter.php(509): CodeIgniter\CodeIgniter->runController(Object(App\Controllers\Home))
 4 SYSTEMPATH\CodeIgniter.php(355): CodeIgniter\CodeIgniter->handleRequest(null, Object(Config\Cache), false)
 5 SYSTEMPATH\Boot.php(325): CodeIgniter\CodeIgniter->run()
 6 SYSTEMPATH\Boot.php(67): CodeIgniter\Boot::runCodeIgniter(Object(CodeIgniter\CodeIgniter))
 7 FCPATH\index.php(56): CodeIgniter\Boot::bootWeb(Object(Config\Paths))
WARNING - 2025-10-14 14:03:24 --> [DEPRECATED] Creation of dynamic property App\Controllers\WarehouseController::$userValidation is deprecated in APPPATH\Controllers\WarehouseController.php on line 20.
 1 APPPATH\Controllers\Home.php(34): App\Controllers\WarehouseController->__construct()
 2 SYSTEMPATH\CodeIgniter.php(933): App\Controllers\Home->index()
 3 SYSTEMPATH\CodeIgniter.php(509): CodeIgniter\CodeIgniter->runController(Object(App\Controllers\Home))
 4 SYSTEMPATH\CodeIgniter.php(355): CodeIgniter\CodeIgniter->handleRequest(null, Object(Config\Cache), false)
 5 SYSTEMPATH\Boot.php(325): CodeIgniter\CodeIgniter->run()
 6 SYSTEMPATH\Boot.php(67): CodeIgniter\Boot::runCodeIgniter(Object(CodeIgniter\CodeIgniter))
 7 FCPATH\index.php(56): CodeIgniter\Boot::bootWeb(Object(Config\Paths))
INFO - 2025-10-14 14:03:26 --> Session: Class initialized using 'CodeIgniter\Session\Handlers\FileHandler' driver.
WARNING - 2025-10-14 14:03:26 --> [DEPRECATED] Creation of dynamic property App\Controllers\DashboardController::$db is deprecated in APPPATH\Controllers\DashboardController.php on line 14.
 1 SYSTEMPATH\CodeIgniter.php(903): App\Controllers\DashboardController->__construct()
 2 SYSTEMPATH\CodeIgniter.php(500): CodeIgniter\CodeIgniter->createController()
 3 SYSTEMPATH\CodeIgniter.php(355): CodeIgniter\CodeIgniter->handleRequest(null, Object(Config\Cache), false)
 4 SYSTEMPATH\Boot.php(325): CodeIgniter\CodeIgniter->run()
 5 SYSTEMPATH\Boot.php(67): CodeIgniter\Boot::runCodeIgniter(Object(CodeIgniter\CodeIgniter))
 6 FCPATH\index.php(56): CodeIgniter\Boot::bootWeb(Object(Config\Paths))
WARNING - 2025-10-14 14:03:26 --> [DEPRECATED] Creation of dynamic property App\Controllers\DashboardController::$session is deprecated in APPPATH\Controllers\DashboardController.php on line 15.
 1 SYSTEMPATH\CodeIgniter.php(903): App\Controllers\DashboardController->__construct()
 2 SYSTEMPATH\CodeIgniter.php(500): CodeIgniter\CodeIgniter->createController()
 3 SYSTEMPATH\CodeIgniter.php(355): CodeIgniter\CodeIgniter->handleRequest(null, Object(Config\Cache), false)
 4 SYSTEMPATH\Boot.php(325): CodeIgniter\CodeIgniter->run()
 5 SYSTEMPATH\Boot.php(67): CodeIgniter\Boot::runCodeIgniter(Object(CodeIgniter\CodeIgniter))
 6 FCPATH\index.php(56): CodeIgniter\Boot::bootWeb(Object(Config\Paths))
WARNING - 2025-10-14 14:03:26 --> [DEPRECATED] Creation of dynamic property App\Controllers\DashboardController::$uri is deprecated in APPPATH\Controllers\DashboardController.php on line 16.
 1 SYSTEMPATH\CodeIgniter.php(903): App\Controllers\DashboardController->__construct()
 2 SYSTEMPATH\CodeIgniter.php(500): CodeIgniter\CodeIgniter->createController()
 3 SYSTEMPATH\CodeIgniter.php(355): CodeIgniter\CodeIgniter->handleRequest(null, Object(Config\Cache), false)
 4 SYSTEMPATH\Boot.php(325): CodeIgniter\CodeIgniter->run()
 5 SYSTEMPATH\Boot.php(67): CodeIgniter\Boot::runCodeIgniter(Object(CodeIgniter\CodeIgniter))
 6 FCPATH\index.php(56): CodeIgniter\Boot::bootWeb(Object(Config\Paths))
WARNING - 2025-10-14 14:03:27 --> [DEPRECATED] Creation of dynamic property App\Controllers\DashboardController::$form_validation is deprecated in APPPATH\Controllers\DashboardController.php on line 18.
 1 SYSTEMPATH\CodeIgniter.php(903): App\Controllers\DashboardController->__construct()
 2 SYSTEMPATH\CodeIgniter.php(500): CodeIgniter\CodeIgniter->createController()
 3 SYSTEMPATH\CodeIgniter.php(355): CodeIgniter\CodeIgniter->handleRequest(null, Object(Config\Cache), false)
 4 SYSTEMPATH\Boot.php(325): CodeIgniter\CodeIgniter->run()
 5 SYSTEMPATH\Boot.php(67): CodeIgniter\Boot::runCodeIgniter(Object(CodeIgniter\CodeIgniter))
 6 FCPATH\index.php(56): CodeIgniter\Boot::bootWeb(Object(Config\Paths))
WARNING - 2025-10-14 14:03:27 --> [DEPRECATED] Creation of dynamic property App\Controllers\DashboardController::$userValidation is deprecated in APPPATH\Controllers\DashboardController.php on line 19.
 1 SYSTEMPATH\CodeIgniter.php(903): App\Controllers\DashboardController->__construct()
 2 SYSTEMPATH\CodeIgniter.php(500): CodeIgniter\CodeIgniter->createController()
 3 SYSTEMPATH\CodeIgniter.php(355): CodeIgniter\CodeIgniter->handleRequest(null, Object(Config\Cache), false)
 4 SYSTEMPATH\Boot.php(325): CodeIgniter\CodeIgniter->run()
 5 SYSTEMPATH\Boot.php(67): CodeIgniter\Boot::runCodeIgniter(Object(CodeIgniter\CodeIgniter))
 6 FCPATH\index.php(56): CodeIgniter\Boot::bootWeb(Object(Config\Paths))
INFO - 2025-10-14 14:03:27 --> Session: Class initialized using 'CodeIgniter\Session\Handlers\FileHandler' driver.
WARNING - 2025-10-14 14:03:27 --> [DEPRECATED] Creation of dynamic property App\Controllers\DashboardController::$db is deprecated in APPPATH\Controllers\DashboardController.php on line 14.
 1 SYSTEMPATH\CodeIgniter.php(903): App\Controllers\DashboardController->__construct()
 2 SYSTEMPATH\CodeIgniter.php(500): CodeIgniter\CodeIgniter->createController()
 3 SYSTEMPATH\CodeIgniter.php(355): CodeIgniter\CodeIgniter->handleRequest(null, Object(Config\Cache), false)
 4 SYSTEMPATH\Boot.php(325): CodeIgniter\CodeIgniter->run()
 5 SYSTEMPATH\Boot.php(67): CodeIgniter\Boot::runCodeIgniter(Object(CodeIgniter\CodeIgniter))
 6 FCPATH\index.php(56): CodeIgniter\Boot::bootWeb(Object(Config\Paths))
WARNING - 2025-10-14 14:03:27 --> [DEPRECATED] Creation of dynamic property App\Controllers\DashboardController::$session is deprecated in APPPATH\Controllers\DashboardController.php on line 15.
 1 SYSTEMPATH\CodeIgniter.php(903): App\Controllers\DashboardController->__construct()
 2 SYSTEMPATH\CodeIgniter.php(500): CodeIgniter\CodeIgniter->createController()
 3 SYSTEMPATH\CodeIgniter.php(355): CodeIgniter\CodeIgniter->handleRequest(null, Object(Config\Cache), false)
 4 SYSTEMPATH\Boot.php(325): CodeIgniter\CodeIgniter->run()
 5 SYSTEMPATH\Boot.php(67): CodeIgniter\Boot::runCodeIgniter(Object(CodeIgniter\CodeIgniter))
 6 FCPATH\index.php(56): CodeIgniter\Boot::bootWeb(Object(Config\Paths))
WARNING - 2025-10-14 14:03:27 --> [DEPRECATED] Creation of dynamic property App\Controllers\DashboardController::$uri is deprecated in APPPATH\Controllers\DashboardController.php on line 16.
 1 SYSTEMPATH\CodeIgniter.php(903): App\Controllers\DashboardController->__construct()
 2 SYSTEMPATH\CodeIgniter.php(500): CodeIgniter\CodeIgniter->createController()
 3 SYSTEMPATH\CodeIgniter.php(355): CodeIgniter\CodeIgniter->handleRequest(null, Object(Config\Cache), false)
 4 SYSTEMPATH\Boot.php(325): CodeIgniter\CodeIgniter->run()
 5 SYSTEMPATH\Boot.php(67): CodeIgniter\Boot::runCodeIgniter(Object(CodeIgniter\CodeIgniter))
 6 FCPATH\index.php(56): CodeIgniter\Boot::bootWeb(Object(Config\Paths))
WARNING - 2025-10-14 14:03:27 --> [DEPRECATED] Creation of dynamic property App\Controllers\DashboardController::$form_validation is deprecated in APPPATH\Controllers\DashboardController.php on line 18.
 1 SYSTEMPATH\CodeIgniter.php(903): App\Controllers\DashboardController->__construct()
 2 SYSTEMPATH\CodeIgniter.php(500): CodeIgniter\CodeIgniter->createController()
 3 SYSTEMPATH\CodeIgniter.php(355): CodeIgniter\CodeIgniter->handleRequest(null, Object(Config\Cache), false)
 4 SYSTEMPATH\Boot.php(325): CodeIgniter\CodeIgniter->run()
 5 SYSTEMPATH\Boot.php(67): CodeIgniter\Boot::runCodeIgniter(Object(CodeIgniter\CodeIgniter))
 6 FCPATH\index.php(56): CodeIgniter\Boot::bootWeb(Object(Config\Paths))
WARNING - 2025-10-14 14:03:27 --> [DEPRECATED] Creation of dynamic property App\Controllers\DashboardController::$userValidation is deprecated in APPPATH\Controllers\DashboardController.php on line 19.
 1 SYSTEMPATH\CodeIgniter.php(903): App\Controllers\DashboardController->__construct()
 2 SYSTEMPATH\CodeIgniter.php(500): CodeIgniter\CodeIgniter->createController()
 3 SYSTEMPATH\CodeIgniter.php(355): CodeIgniter\CodeIgniter->handleRequest(null, Object(Config\Cache), false)
 4 SYSTEMPATH\Boot.php(325): CodeIgniter\CodeIgniter->run()
 5 SYSTEMPATH\Boot.php(67): CodeIgniter\Boot::runCodeIgniter(Object(CodeIgniter\CodeIgniter))
 6 FCPATH\index.php(56): CodeIgniter\Boot::bootWeb(Object(Config\Paths))
INFO - 2025-10-14 14:03:27 --> Session: Class initialized using 'CodeIgniter\Session\Handlers\FileHandler' driver.
WARNING - 2025-10-14 14:03:27 --> [DEPRECATED] Creation of dynamic property App\Controllers\DashboardController::$db is deprecated in APPPATH\Controllers\DashboardController.php on line 14.
 1 SYSTEMPATH\CodeIgniter.php(903): App\Controllers\DashboardController->__construct()
 2 SYSTEMPATH\CodeIgniter.php(500): CodeIgniter\CodeIgniter->createController()
 3 SYSTEMPATH\CodeIgniter.php(355): CodeIgniter\CodeIgniter->handleRequest(null, Object(Config\Cache), false)
 4 SYSTEMPATH\Boot.php(325): CodeIgniter\CodeIgniter->run()
 5 SYSTEMPATH\Boot.php(67): CodeIgniter\Boot::runCodeIgniter(Object(CodeIgniter\CodeIgniter))
 6 FCPATH\index.php(56): CodeIgniter\Boot::bootWeb(Object(Config\Paths))
WARNING - 2025-10-14 14:03:27 --> [DEPRECATED] Creation of dynamic property App\Controllers\DashboardController::$session is deprecated in APPPATH\Controllers\DashboardController.php on line 15.
 1 SYSTEMPATH\CodeIgniter.php(903): App\Controllers\DashboardController->__construct()
 2 SYSTEMPATH\CodeIgniter.php(500): CodeIgniter\CodeIgniter->createController()
 3 SYSTEMPATH\CodeIgniter.php(355): CodeIgniter\CodeIgniter->handleRequest(null, Object(Config\Cache), false)
 4 SYSTEMPATH\Boot.php(325): CodeIgniter\CodeIgniter->run()
 5 SYSTEMPATH\Boot.php(67): CodeIgniter\Boot::runCodeIgniter(Object(CodeIgniter\CodeIgniter))
 6 FCPATH\index.php(56): CodeIgniter\Boot::bootWeb(Object(Config\Paths))
WARNING - 2025-10-14 14:03:27 --> [DEPRECATED] Creation of dynamic property App\Controllers\DashboardController::$uri is deprecated in APPPATH\Controllers\DashboardController.php on line 16.
 1 SYSTEMPATH\CodeIgniter.php(903): App\Controllers\DashboardController->__construct()
 2 SYSTEMPATH\CodeIgniter.php(500): CodeIgniter\CodeIgniter->createController()
 3 SYSTEMPATH\CodeIgniter.php(355): CodeIgniter\CodeIgniter->handleRequest(null, Object(Config\Cache), false)
 4 SYSTEMPATH\Boot.php(325): CodeIgniter\CodeIgniter->run()
 5 SYSTEMPATH\Boot.php(67): CodeIgniter\Boot::runCodeIgniter(Object(CodeIgniter\CodeIgniter))
 6 FCPATH\index.php(56): CodeIgniter\Boot::bootWeb(Object(Config\Paths))
WARNING - 2025-10-14 14:03:27 --> [DEPRECATED] Creation of dynamic property App\Controllers\DashboardController::$form_validation is deprecated in APPPATH\Controllers\DashboardController.php on line 18.
 1 SYSTEMPATH\CodeIgniter.php(903): App\Controllers\DashboardController->__construct()
 2 SYSTEMPATH\CodeIgniter.php(500): CodeIgniter\CodeIgniter->createController()
 3 SYSTEMPATH\CodeIgniter.php(355): CodeIgniter\CodeIgniter->handleRequest(null, Object(Config\Cache), false)
 4 SYSTEMPATH\Boot.php(325): CodeIgniter\CodeIgniter->run()
 5 SYSTEMPATH\Boot.php(67): CodeIgniter\Boot::runCodeIgniter(Object(CodeIgniter\CodeIgniter))
 6 FCPATH\index.php(56): CodeIgniter\Boot::bootWeb(Object(Config\Paths))
WARNING - 2025-10-14 14:03:27 --> [DEPRECATED] Creation of dynamic property App\Controllers\DashboardController::$userValidation is deprecated in APPPATH\Controllers\DashboardController.php on line 19.
 1 SYSTEMPATH\CodeIgniter.php(903): App\Controllers\DashboardController->__construct()
 2 SYSTEMPATH\CodeIgniter.php(500): CodeIgniter\CodeIgniter->createController()
 3 SYSTEMPATH\CodeIgniter.php(355): CodeIgniter\CodeIgniter->handleRequest(null, Object(Config\Cache), false)
 4 SYSTEMPATH\Boot.php(325): CodeIgniter\CodeIgniter->run()
 5 SYSTEMPATH\Boot.php(67): CodeIgniter\Boot::runCodeIgniter(Object(CodeIgniter\CodeIgniter))
 6 FCPATH\index.php(56): CodeIgniter\Boot::bootWeb(Object(Config\Paths))
INFO - 2025-10-14 14:08:36 --> Session: Class initialized using 'CodeIgniter\Session\Handlers\FileHandler' driver.
INFO - 2025-10-14 14:08:50 --> Session: Class initialized using 'CodeIgniter\Session\Handlers\FileHandler' driver.
INFO - 2025-10-14 14:08:53 --> Session: Class initialized using 'CodeIgniter\Session\Handlers\FileHandler' driver.
WARNING - 2025-10-14 14:08:53 --> [DEPRECATED] Creation of dynamic property App\Controllers\WarehouseController::$db is deprecated in APPPATH\Controllers\WarehouseController.php on line 15.
 1 APPPATH\Controllers\Home.php(34): App\Controllers\WarehouseController->__construct()
 2 SYSTEMPATH\CodeIgniter.php(933): App\Controllers\Home->index()
 3 SYSTEMPATH\CodeIgniter.php(509): CodeIgniter\CodeIgniter->runController(Object(App\Controllers\Home))
 4 SYSTEMPATH\CodeIgniter.php(355): CodeIgniter\CodeIgniter->handleRequest(null, Object(Config\Cache), false)
 5 SYSTEMPATH\Boot.php(325): CodeIgniter\CodeIgniter->run()
 6 SYSTEMPATH\Boot.php(67): CodeIgniter\Boot::runCodeIgniter(Object(CodeIgniter\CodeIgniter))
 7 FCPATH\index.php(56): CodeIgniter\Boot::bootWeb(Object(Config\Paths))
WARNING - 2025-10-14 14:08:53 --> [DEPRECATED] Creation of dynamic property App\Controllers\WarehouseController::$session is deprecated in APPPATH\Controllers\WarehouseController.php on line 16.
 1 APPPATH\Controllers\Home.php(34): App\Controllers\WarehouseController->__construct()
 2 SYSTEMPATH\CodeIgniter.php(933): App\Controllers\Home->index()
 3 SYSTEMPATH\CodeIgniter.php(509): CodeIgniter\CodeIgniter->runController(Object(App\Controllers\Home))
 4 SYSTEMPATH\CodeIgniter.php(355): CodeIgniter\CodeIgniter->handleRequest(null, Object(Config\Cache), false)
 5 SYSTEMPATH\Boot.php(325): CodeIgniter\CodeIgniter->run()
 6 SYSTEMPATH\Boot.php(67): CodeIgniter\Boot::runCodeIgniter(Object(CodeIgniter\CodeIgniter))
 7 FCPATH\index.php(56): CodeIgniter\Boot::bootWeb(Object(Config\Paths))
WARNING - 2025-10-14 14:08:53 --> [DEPRECATED] Creation of dynamic property App\Controllers\WarehouseController::$uri is deprecated in APPPATH\Controllers\WarehouseController.php on line 17.
 1 APPPATH\Controllers\Home.php(34): App\Controllers\WarehouseController->__construct()
 2 SYSTEMPATH\CodeIgniter.php(933): App\Controllers\Home->index()
 3 SYSTEMPATH\CodeIgniter.php(509): CodeIgniter\CodeIgniter->runController(Object(App\Controllers\Home))
 4 SYSTEMPATH\CodeIgniter.php(355): CodeIgniter\CodeIgniter->handleRequest(null, Object(Config\Cache), false)
 5 SYSTEMPATH\Boot.php(325): CodeIgniter\CodeIgniter->run()
 6 SYSTEMPATH\Boot.php(67): CodeIgniter\Boot::runCodeIgniter(Object(CodeIgniter\CodeIgniter))
 7 FCPATH\index.php(56): CodeIgniter\Boot::bootWeb(Object(Config\Paths))
WARNING - 2025-10-14 14:08:53 --> [DEPRECATED] Creation of dynamic property App\Controllers\WarehouseController::$form_validation is deprecated in APPPATH\Controllers\WarehouseController.php on line 19.
 1 APPPATH\Controllers\Home.php(34): App\Controllers\WarehouseController->__construct()
 2 SYSTEMPATH\CodeIgniter.php(933): App\Controllers\Home->index()
 3 SYSTEMPATH\CodeIgniter.php(509): CodeIgniter\CodeIgniter->runController(Object(App\Controllers\Home))
 4 SYSTEMPATH\CodeIgniter.php(355): CodeIgniter\CodeIgniter->handleRequest(null, Object(Config\Cache), false)
 5 SYSTEMPATH\Boot.php(325): CodeIgniter\CodeIgniter->run()
 6 SYSTEMPATH\Boot.php(67): CodeIgniter\Boot::runCodeIgniter(Object(CodeIgniter\CodeIgniter))
 7 FCPATH\index.php(56): CodeIgniter\Boot::bootWeb(Object(Config\Paths))
WARNING - 2025-10-14 14:08:53 --> [DEPRECATED] Creation of dynamic property App\Controllers\WarehouseController::$userValidation is deprecated in APPPATH\Controllers\WarehouseController.php on line 20.
 1 APPPATH\Controllers\Home.php(34): App\Controllers\WarehouseController->__construct()
 2 SYSTEMPATH\CodeIgniter.php(933): App\Controllers\Home->index()
 3 SYSTEMPATH\CodeIgniter.php(509): CodeIgniter\CodeIgniter->runController(Object(App\Controllers\Home))
 4 SYSTEMPATH\CodeIgniter.php(355): CodeIgniter\CodeIgniter->handleRequest(null, Object(Config\Cache), false)
 5 SYSTEMPATH\Boot.php(325): CodeIgniter\CodeIgniter->run()
 6 SYSTEMPATH\Boot.php(67): CodeIgniter\Boot::runCodeIgniter(Object(CodeIgniter\CodeIgniter))
 7 FCPATH\index.php(56): CodeIgniter\Boot::bootWeb(Object(Config\Paths))
INFO - 2025-10-14 14:08:54 --> Session: Class initialized using 'CodeIgniter\Session\Handlers\FileHandler' driver.
WARNING - 2025-10-14 14:08:54 --> [DEPRECATED] Creation of dynamic property App\Controllers\DashboardController::$db is deprecated in APPPATH\Controllers\DashboardController.php on line 14.
 1 SYSTEMPATH\CodeIgniter.php(903): App\Controllers\DashboardController->__construct()
 2 SYSTEMPATH\CodeIgniter.php(500): CodeIgniter\CodeIgniter->createController()
 3 SYSTEMPATH\CodeIgniter.php(355): CodeIgniter\CodeIgniter->handleRequest(null, Object(Config\Cache), false)
 4 SYSTEMPATH\Boot.php(325): CodeIgniter\CodeIgniter->run()
 5 SYSTEMPATH\Boot.php(67): CodeIgniter\Boot::runCodeIgniter(Object(CodeIgniter\CodeIgniter))
 6 FCPATH\index.php(56): CodeIgniter\Boot::bootWeb(Object(Config\Paths))
WARNING - 2025-10-14 14:08:54 --> [DEPRECATED] Creation of dynamic property App\Controllers\DashboardController::$session is deprecated in APPPATH\Controllers\DashboardController.php on line 15.
 1 SYSTEMPATH\CodeIgniter.php(903): App\Controllers\DashboardController->__construct()
 2 SYSTEMPATH\CodeIgniter.php(500): CodeIgniter\CodeIgniter->createController()
 3 SYSTEMPATH\CodeIgniter.php(355): CodeIgniter\CodeIgniter->handleRequest(null, Object(Config\Cache), false)
 4 SYSTEMPATH\Boot.php(325): CodeIgniter\CodeIgniter->run()
 5 SYSTEMPATH\Boot.php(67): CodeIgniter\Boot::runCodeIgniter(Object(CodeIgniter\CodeIgniter))
 6 FCPATH\index.php(56): CodeIgniter\Boot::bootWeb(Object(Config\Paths))
WARNING - 2025-10-14 14:08:54 --> [DEPRECATED] Creation of dynamic property App\Controllers\DashboardController::$uri is deprecated in APPPATH\Controllers\DashboardController.php on line 16.
 1 SYSTEMPATH\CodeIgniter.php(903): App\Controllers\DashboardController->__construct()
 2 SYSTEMPATH\CodeIgniter.php(500): CodeIgniter\CodeIgniter->createController()
 3 SYSTEMPATH\CodeIgniter.php(355): CodeIgniter\CodeIgniter->handleRequest(null, Object(Config\Cache), false)
 4 SYSTEMPATH\Boot.php(325): CodeIgniter\CodeIgniter->run()
 5 SYSTEMPATH\Boot.php(67): CodeIgniter\Boot::runCodeIgniter(Object(CodeIgniter\CodeIgniter))
 6 FCPATH\index.php(56): CodeIgniter\Boot::bootWeb(Object(Config\Paths))
WARNING - 2025-10-14 14:08:54 --> [DEPRECATED] Creation of dynamic property App\Controllers\DashboardController::$form_validation is deprecated in APPPATH\Controllers\DashboardController.php on line 18.
 1 SYSTEMPATH\CodeIgniter.php(903): App\Controllers\DashboardController->__construct()
 2 SYSTEMPATH\CodeIgniter.php(500): CodeIgniter\CodeIgniter->createController()
 3 SYSTEMPATH\CodeIgniter.php(355): CodeIgniter\CodeIgniter->handleRequest(null, Object(Config\Cache), false)
 4 SYSTEMPATH\Boot.php(325): CodeIgniter\CodeIgniter->run()
 5 SYSTEMPATH\Boot.php(67): CodeIgniter\Boot::runCodeIgniter(Object(CodeIgniter\CodeIgniter))
 6 FCPATH\index.php(56): CodeIgniter\Boot::bootWeb(Object(Config\Paths))
WARNING - 2025-10-14 14:08:54 --> [DEPRECATED] Creation of dynamic property App\Controllers\DashboardController::$userValidation is deprecated in APPPATH\Controllers\DashboardController.php on line 19.
 1 SYSTEMPATH\CodeIgniter.php(903): App\Controllers\DashboardController->__construct()
 2 SYSTEMPATH\CodeIgniter.php(500): CodeIgniter\CodeIgniter->createController()
 3 SYSTEMPATH\CodeIgniter.php(355): CodeIgniter\CodeIgniter->handleRequest(null, Object(Config\Cache), false)
 4 SYSTEMPATH\Boot.php(325): CodeIgniter\CodeIgniter->run()
 5 SYSTEMPATH\Boot.php(67): CodeIgniter\Boot::runCodeIgniter(Object(CodeIgniter\CodeIgniter))
 6 FCPATH\index.php(56): CodeIgniter\Boot::bootWeb(Object(Config\Paths))
INFO - 2025-10-14 14:08:55 --> Session: Class initialized using 'CodeIgniter\Session\Handlers\FileHandler' driver.
WARNING - 2025-10-14 14:08:55 --> [DEPRECATED] Creation of dynamic property App\Controllers\DashboardController::$db is deprecated in APPPATH\Controllers\DashboardController.php on line 14.
 1 SYSTEMPATH\CodeIgniter.php(903): App\Controllers\DashboardController->__construct()
 2 SYSTEMPATH\CodeIgniter.php(500): CodeIgniter\CodeIgniter->createController()
 3 SYSTEMPATH\CodeIgniter.php(355): CodeIgniter\CodeIgniter->handleRequest(null, Object(Config\Cache), false)
 4 SYSTEMPATH\Boot.php(325): CodeIgniter\CodeIgniter->run()
 5 SYSTEMPATH\Boot.php(67): CodeIgniter\Boot::runCodeIgniter(Object(CodeIgniter\CodeIgniter))
 6 FCPATH\index.php(56): CodeIgniter\Boot::bootWeb(Object(Config\Paths))
WARNING - 2025-10-14 14:08:55 --> [DEPRECATED] Creation of dynamic property App\Controllers\DashboardController::$session is deprecated in APPPATH\Controllers\DashboardController.php on line 15.
 1 SYSTEMPATH\CodeIgniter.php(903): App\Controllers\DashboardController->__construct()
 2 SYSTEMPATH\CodeIgniter.php(500): CodeIgniter\CodeIgniter->createController()
 3 SYSTEMPATH\CodeIgniter.php(355): CodeIgniter\CodeIgniter->handleRequest(null, Object(Config\Cache), false)
 4 SYSTEMPATH\Boot.php(325): CodeIgniter\CodeIgniter->run()
 5 SYSTEMPATH\Boot.php(67): CodeIgniter\Boot::runCodeIgniter(Object(CodeIgniter\CodeIgniter))
 6 FCPATH\index.php(56): CodeIgniter\Boot::bootWeb(Object(Config\Paths))
WARNING - 2025-10-14 14:08:55 --> [DEPRECATED] Creation of dynamic property App\Controllers\DashboardController::$uri is deprecated in APPPATH\Controllers\DashboardController.php on line 16.
 1 SYSTEMPATH\CodeIgniter.php(903): App\Controllers\DashboardController->__construct()
 2 SYSTEMPATH\CodeIgniter.php(500): CodeIgniter\CodeIgniter->createController()
 3 SYSTEMPATH\CodeIgniter.php(355): CodeIgniter\CodeIgniter->handleRequest(null, Object(Config\Cache), false)
 4 SYSTEMPATH\Boot.php(325): CodeIgniter\CodeIgniter->run()
 5 SYSTEMPATH\Boot.php(67): CodeIgniter\Boot::runCodeIgniter(Object(CodeIgniter\CodeIgniter))
 6 FCPATH\index.php(56): CodeIgniter\Boot::bootWeb(Object(Config\Paths))
WARNING - 2025-10-14 14:08:55 --> [DEPRECATED] Creation of dynamic property App\Controllers\DashboardController::$form_validation is deprecated in APPPATH\Controllers\DashboardController.php on line 18.
 1 SYSTEMPATH\CodeIgniter.php(903): App\Controllers\DashboardController->__construct()
 2 SYSTEMPATH\CodeIgniter.php(500): CodeIgniter\CodeIgniter->createController()
 3 SYSTEMPATH\CodeIgniter.php(355): CodeIgniter\CodeIgniter->handleRequest(null, Object(Config\Cache), false)
 4 SYSTEMPATH\Boot.php(325): CodeIgniter\CodeIgniter->run()
 5 SYSTEMPATH\Boot.php(67): CodeIgniter\Boot::runCodeIgniter(Object(CodeIgniter\CodeIgniter))
 6 FCPATH\index.php(56): CodeIgniter\Boot::bootWeb(Object(Config\Paths))
WARNING - 2025-10-14 14:08:55 --> [DEPRECATED] Creation of dynamic property App\Controllers\DashboardController::$userValidation is deprecated in APPPATH\Controllers\DashboardController.php on line 19.
 1 SYSTEMPATH\CodeIgniter.php(903): App\Controllers\DashboardController->__construct()
 2 SYSTEMPATH\CodeIgniter.php(500): CodeIgniter\CodeIgniter->createController()
 3 SYSTEMPATH\CodeIgniter.php(355): CodeIgniter\CodeIgniter->handleRequest(null, Object(Config\Cache), false)
 4 SYSTEMPATH\Boot.php(325): CodeIgniter\CodeIgniter->run()
 5 SYSTEMPATH\Boot.php(67): CodeIgniter\Boot::runCodeIgniter(Object(CodeIgniter\CodeIgniter))
 6 FCPATH\index.php(56): CodeIgniter\Boot::bootWeb(Object(Config\Paths))
INFO - 2025-10-14 14:08:55 --> Session: Class initialized using 'CodeIgniter\Session\Handlers\FileHandler' driver.
WARNING - 2025-10-14 14:08:55 --> [DEPRECATED] Creation of dynamic property App\Controllers\DashboardController::$db is deprecated in APPPATH\Controllers\DashboardController.php on line 14.
 1 SYSTEMPATH\CodeIgniter.php(903): App\Controllers\DashboardController->__construct()
 2 SYSTEMPATH\CodeIgniter.php(500): CodeIgniter\CodeIgniter->createController()
 3 SYSTEMPATH\CodeIgniter.php(355): CodeIgniter\CodeIgniter->handleRequest(null, Object(Config\Cache), false)
 4 SYSTEMPATH\Boot.php(325): CodeIgniter\CodeIgniter->run()
 5 SYSTEMPATH\Boot.php(67): CodeIgniter\Boot::runCodeIgniter(Object(CodeIgniter\CodeIgniter))
 6 FCPATH\index.php(56): CodeIgniter\Boot::bootWeb(Object(Config\Paths))
WARNING - 2025-10-14 14:08:55 --> [DEPRECATED] Creation of dynamic property App\Controllers\DashboardController::$session is deprecated in APPPATH\Controllers\DashboardController.php on line 15.
 1 SYSTEMPATH\CodeIgniter.php(903): App\Controllers\DashboardController->__construct()
 2 SYSTEMPATH\CodeIgniter.php(500): CodeIgniter\CodeIgniter->createController()
 3 SYSTEMPATH\CodeIgniter.php(355): CodeIgniter\CodeIgniter->handleRequest(null, Object(Config\Cache), false)
 4 SYSTEMPATH\Boot.php(325): CodeIgniter\CodeIgniter->run()
 5 SYSTEMPATH\Boot.php(67): CodeIgniter\Boot::runCodeIgniter(Object(CodeIgniter\CodeIgniter))
 6 FCPATH\index.php(56): CodeIgniter\Boot::bootWeb(Object(Config\Paths))
WARNING - 2025-10-14 14:08:55 --> [DEPRECATED] Creation of dynamic property App\Controllers\DashboardController::$uri is deprecated in APPPATH\Controllers\DashboardController.php on line 16.
 1 SYSTEMPATH\CodeIgniter.php(903): App\Controllers\DashboardController->__construct()
 2 SYSTEMPATH\CodeIgniter.php(500): CodeIgniter\CodeIgniter->createController()
 3 SYSTEMPATH\CodeIgniter.php(355): CodeIgniter\CodeIgniter->handleRequest(null, Object(Config\Cache), false)
 4 SYSTEMPATH\Boot.php(325): CodeIgniter\CodeIgniter->run()
 5 SYSTEMPATH\Boot.php(67): CodeIgniter\Boot::runCodeIgniter(Object(CodeIgniter\CodeIgniter))
 6 FCPATH\index.php(56): CodeIgniter\Boot::bootWeb(Object(Config\Paths))
WARNING - 2025-10-14 14:08:55 --> [DEPRECATED] Creation of dynamic property App\Controllers\DashboardController::$form_validation is deprecated in APPPATH\Controllers\DashboardController.php on line 18.
 1 SYSTEMPATH\CodeIgniter.php(903): App\Controllers\DashboardController->__construct()
 2 SYSTEMPATH\CodeIgniter.php(500): CodeIgniter\CodeIgniter->createController()
 3 SYSTEMPATH\CodeIgniter.php(355): CodeIgniter\CodeIgniter->handleRequest(null, Object(Config\Cache), false)
 4 SYSTEMPATH\Boot.php(325): CodeIgniter\CodeIgniter->run()
 5 SYSTEMPATH\Boot.php(67): CodeIgniter\Boot::runCodeIgniter(Object(CodeIgniter\CodeIgniter))
 6 FCPATH\index.php(56): CodeIgniter\Boot::bootWeb(Object(Config\Paths))
WARNING - 2025-10-14 14:08:55 --> [DEPRECATED] Creation of dynamic property App\Controllers\DashboardController::$userValidation is deprecated in APPPATH\Controllers\DashboardController.php on line 19.
 1 SYSTEMPATH\CodeIgniter.php(903): App\Controllers\DashboardController->__construct()
 2 SYSTEMPATH\CodeIgniter.php(500): CodeIgniter\CodeIgniter->createController()
 3 SYSTEMPATH\CodeIgniter.php(355): CodeIgniter\CodeIgniter->handleRequest(null, Object(Config\Cache), false)
 4 SYSTEMPATH\Boot.php(325): CodeIgniter\CodeIgniter->run()
 5 SYSTEMPATH\Boot.php(67): CodeIgniter\Boot::runCodeIgniter(Object(CodeIgniter\CodeIgniter))
 6 FCPATH\index.php(56): CodeIgniter\Boot::bootWeb(Object(Config\Paths))
INFO - 2025-10-14 14:09:10 --> Session: Class initialized using 'CodeIgniter\Session\Handlers\FileHandler' driver.
INFO - 2025-10-14 14:09:15 --> Session: Class initialized using 'CodeIgniter\Session\Handlers\FileHandler' driver.
WARNING - 2025-10-14 14:09:15 --> [DEPRECATED] Creation of dynamic property App\Controllers\ProformaInvoiceController::$db is deprecated in APPPATH\Controllers\ProformaInvoiceController.php on line 22.
 1 SYSTEMPATH\CodeIgniter.php(903): App\Controllers\ProformaInvoiceController->__construct()
 2 SYSTEMPATH\CodeIgniter.php(500): CodeIgniter\CodeIgniter->createController()
 3 SYSTEMPATH\CodeIgniter.php(355): CodeIgniter\CodeIgniter->handleRequest(null, Object(Config\Cache), false)
 4 SYSTEMPATH\Boot.php(325): CodeIgniter\CodeIgniter->run()
 5 SYSTEMPATH\Boot.php(67): CodeIgniter\Boot::runCodeIgniter(Object(CodeIgniter\CodeIgniter))
 6 FCPATH\index.php(56): CodeIgniter\Boot::bootWeb(Object(Config\Paths))
WARNING - 2025-10-14 14:09:15 --> [DEPRECATED] Creation of dynamic property App\Controllers\ProformaInvoiceController::$session is deprecated in APPPATH\Controllers\ProformaInvoiceController.php on line 23.
 1 SYSTEMPATH\CodeIgniter.php(903): App\Controllers\ProformaInvoiceController->__construct()
 2 SYSTEMPATH\CodeIgniter.php(500): CodeIgniter\CodeIgniter->createController()
 3 SYSTEMPATH\CodeIgniter.php(355): CodeIgniter\CodeIgniter->handleRequest(null, Object(Config\Cache), false)
 4 SYSTEMPATH\Boot.php(325): CodeIgniter\CodeIgniter->run()
 5 SYSTEMPATH\Boot.php(67): CodeIgniter\Boot::runCodeIgniter(Object(CodeIgniter\CodeIgniter))
 6 FCPATH\index.php(56): CodeIgniter\Boot::bootWeb(Object(Config\Paths))
WARNING - 2025-10-14 14:09:15 --> [DEPRECATED] Creation of dynamic property App\Controllers\ProformaInvoiceController::$uri is deprecated in APPPATH\Controllers\ProformaInvoiceController.php on line 24.
 1 SYSTEMPATH\CodeIgniter.php(903): App\Controllers\ProformaInvoiceController->__construct()
 2 SYSTEMPATH\CodeIgniter.php(500): CodeIgniter\CodeIgniter->createController()
 3 SYSTEMPATH\CodeIgniter.php(355): CodeIgniter\CodeIgniter->handleRequest(null, Object(Config\Cache), false)
 4 SYSTEMPATH\Boot.php(325): CodeIgniter\CodeIgniter->run()
 5 SYSTEMPATH\Boot.php(67): CodeIgniter\Boot::runCodeIgniter(Object(CodeIgniter\CodeIgniter))
 6 FCPATH\index.php(56): CodeIgniter\Boot::bootWeb(Object(Config\Paths))
WARNING - 2025-10-14 14:09:15 --> [DEPRECATED] Creation of dynamic property App\Controllers\ProformaInvoiceController::$form_validation is deprecated in APPPATH\Controllers\ProformaInvoiceController.php on line 26.
 1 SYSTEMPATH\CodeIgniter.php(903): App\Controllers\ProformaInvoiceController->__construct()
 2 SYSTEMPATH\CodeIgniter.php(500): CodeIgniter\CodeIgniter->createController()
 3 SYSTEMPATH\CodeIgniter.php(355): CodeIgniter\CodeIgniter->handleRequest(null, Object(Config\Cache), false)
 4 SYSTEMPATH\Boot.php(325): CodeIgniter\CodeIgniter->run()
 5 SYSTEMPATH\Boot.php(67): CodeIgniter\Boot::runCodeIgniter(Object(CodeIgniter\CodeIgniter))
 6 FCPATH\index.php(56): CodeIgniter\Boot::bootWeb(Object(Config\Paths))
WARNING - 2025-10-14 14:09:16 --> [DEPRECATED] Creation of dynamic property App\Controllers\ProformaInvoiceController::$userValidation is deprecated in APPPATH\Controllers\ProformaInvoiceController.php on line 27.
 1 SYSTEMPATH\CodeIgniter.php(903): App\Controllers\ProformaInvoiceController->__construct()
 2 SYSTEMPATH\CodeIgniter.php(500): CodeIgniter\CodeIgniter->createController()
 3 SYSTEMPATH\CodeIgniter.php(355): CodeIgniter\CodeIgniter->handleRequest(null, Object(Config\Cache), false)
 4 SYSTEMPATH\Boot.php(325): CodeIgniter\CodeIgniter->run()
 5 SYSTEMPATH\Boot.php(67): CodeIgniter\Boot::runCodeIgniter(Object(CodeIgniter\CodeIgniter))
 6 FCPATH\index.php(56): CodeIgniter\Boot::bootWeb(Object(Config\Paths))
WARNING - 2025-10-14 14:09:16 --> [DEPRECATED] Creation of dynamic property App\Controllers\ProformaInvoiceController::$proformaInvoiceDetailModel is deprecated in APPPATH\Controllers\ProformaInvoiceController.php on line 35.
 1 SYSTEMPATH\CodeIgniter.php(903): App\Controllers\ProformaInvoiceController->__construct()
 2 SYSTEMPATH\CodeIgniter.php(500): CodeIgniter\CodeIgniter->createController()
 3 SYSTEMPATH\CodeIgniter.php(355): CodeIgniter\CodeIgniter->handleRequest(null, Object(Config\Cache), false)
 4 SYSTEMPATH\Boot.php(325): CodeIgniter\CodeIgniter->run()
 5 SYSTEMPATH\Boot.php(67): CodeIgniter\Boot::runCodeIgniter(Object(CodeIgniter\CodeIgniter))
 6 FCPATH\index.php(56): CodeIgniter\Boot::bootWeb(Object(Config\Paths))
INFO - 2025-10-14 14:09:19 --> Session: Class initialized using 'CodeIgniter\Session\Handlers\FileHandler' driver.
WARNING - 2025-10-14 14:09:19 --> [DEPRECATED] Creation of dynamic property App\Controllers\ProformaInvoiceController::$db is deprecated in APPPATH\Controllers\ProformaInvoiceController.php on line 22.
 1 SYSTEMPATH\CodeIgniter.php(903): App\Controllers\ProformaInvoiceController->__construct()
 2 SYSTEMPATH\CodeIgniter.php(500): CodeIgniter\CodeIgniter->createController()
 3 SYSTEMPATH\CodeIgniter.php(355): CodeIgniter\CodeIgniter->handleRequest(null, Object(Config\Cache), false)
 4 SYSTEMPATH\Boot.php(325): CodeIgniter\CodeIgniter->run()
 5 SYSTEMPATH\Boot.php(67): CodeIgniter\Boot::runCodeIgniter(Object(CodeIgniter\CodeIgniter))
 6 FCPATH\index.php(56): CodeIgniter\Boot::bootWeb(Object(Config\Paths))
WARNING - 2025-10-14 14:09:19 --> [DEPRECATED] Creation of dynamic property App\Controllers\ProformaInvoiceController::$session is deprecated in APPPATH\Controllers\ProformaInvoiceController.php on line 23.
 1 SYSTEMPATH\CodeIgniter.php(903): App\Controllers\ProformaInvoiceController->__construct()
 2 SYSTEMPATH\CodeIgniter.php(500): CodeIgniter\CodeIgniter->createController()
 3 SYSTEMPATH\CodeIgniter.php(355): CodeIgniter\CodeIgniter->handleRequest(null, Object(Config\Cache), false)
 4 SYSTEMPATH\Boot.php(325): CodeIgniter\CodeIgniter->run()
 5 SYSTEMPATH\Boot.php(67): CodeIgniter\Boot::runCodeIgniter(Object(CodeIgniter\CodeIgniter))
 6 FCPATH\index.php(56): CodeIgniter\Boot::bootWeb(Object(Config\Paths))
WARNING - 2025-10-14 14:09:19 --> [DEPRECATED] Creation of dynamic property App\Controllers\ProformaInvoiceController::$uri is deprecated in APPPATH\Controllers\ProformaInvoiceController.php on line 24.
 1 SYSTEMPATH\CodeIgniter.php(903): App\Controllers\ProformaInvoiceController->__construct()
 2 SYSTEMPATH\CodeIgniter.php(500): CodeIgniter\CodeIgniter->createController()
 3 SYSTEMPATH\CodeIgniter.php(355): CodeIgniter\CodeIgniter->handleRequest(null, Object(Config\Cache), false)
 4 SYSTEMPATH\Boot.php(325): CodeIgniter\CodeIgniter->run()
 5 SYSTEMPATH\Boot.php(67): CodeIgniter\Boot::runCodeIgniter(Object(CodeIgniter\CodeIgniter))
 6 FCPATH\index.php(56): CodeIgniter\Boot::bootWeb(Object(Config\Paths))
WARNING - 2025-10-14 14:09:19 --> [DEPRECATED] Creation of dynamic property App\Controllers\ProformaInvoiceController::$form_validation is deprecated in APPPATH\Controllers\ProformaInvoiceController.php on line 26.
 1 SYSTEMPATH\CodeIgniter.php(903): App\Controllers\ProformaInvoiceController->__construct()
 2 SYSTEMPATH\CodeIgniter.php(500): CodeIgniter\CodeIgniter->createController()
 3 SYSTEMPATH\CodeIgniter.php(355): CodeIgniter\CodeIgniter->handleRequest(null, Object(Config\Cache), false)
 4 SYSTEMPATH\Boot.php(325): CodeIgniter\CodeIgniter->run()
 5 SYSTEMPATH\Boot.php(67): CodeIgniter\Boot::runCodeIgniter(Object(CodeIgniter\CodeIgniter))
 6 FCPATH\index.php(56): CodeIgniter\Boot::bootWeb(Object(Config\Paths))
WARNING - 2025-10-14 14:09:19 --> [DEPRECATED] Creation of dynamic property App\Controllers\ProformaInvoiceController::$userValidation is deprecated in APPPATH\Controllers\ProformaInvoiceController.php on line 27.
 1 SYSTEMPATH\CodeIgniter.php(903): App\Controllers\ProformaInvoiceController->__construct()
 2 SYSTEMPATH\CodeIgniter.php(500): CodeIgniter\CodeIgniter->createController()
 3 SYSTEMPATH\CodeIgniter.php(355): CodeIgniter\CodeIgniter->handleRequest(null, Object(Config\Cache), false)
 4 SYSTEMPATH\Boot.php(325): CodeIgniter\CodeIgniter->run()
 5 SYSTEMPATH\Boot.php(67): CodeIgniter\Boot::runCodeIgniter(Object(CodeIgniter\CodeIgniter))
 6 FCPATH\index.php(56): CodeIgniter\Boot::bootWeb(Object(Config\Paths))
WARNING - 2025-10-14 14:09:19 --> [DEPRECATED] Creation of dynamic property App\Controllers\ProformaInvoiceController::$proformaInvoiceDetailModel is deprecated in APPPATH\Controllers\ProformaInvoiceController.php on line 35.
 1 SYSTEMPATH\CodeIgniter.php(903): App\Controllers\ProformaInvoiceController->__construct()
 2 SYSTEMPATH\CodeIgniter.php(500): CodeIgniter\CodeIgniter->createController()
 3 SYSTEMPATH\CodeIgniter.php(355): CodeIgniter\CodeIgniter->handleRequest(null, Object(Config\Cache), false)
 4 SYSTEMPATH\Boot.php(325): CodeIgniter\CodeIgniter->run()
 5 SYSTEMPATH\Boot.php(67): CodeIgniter\Boot::runCodeIgniter(Object(CodeIgniter\CodeIgniter))
 6 FCPATH\index.php(56): CodeIgniter\Boot::bootWeb(Object(Config\Paths))
INFO - 2025-10-14 14:09:28 --> Session: Class initialized using 'CodeIgniter\Session\Handlers\FileHandler' driver.
WARNING - 2025-10-14 14:09:28 --> [DEPRECATED] Creation of dynamic property App\Controllers\ProformaInvoiceController::$db is deprecated in APPPATH\Controllers\ProformaInvoiceController.php on line 22.
 1 SYSTEMPATH\CodeIgniter.php(903): App\Controllers\ProformaInvoiceController->__construct()
 2 SYSTEMPATH\CodeIgniter.php(500): CodeIgniter\CodeIgniter->createController()
 3 SYSTEMPATH\CodeIgniter.php(355): CodeIgniter\CodeIgniter->handleRequest(null, Object(Config\Cache), false)
 4 SYSTEMPATH\Boot.php(325): CodeIgniter\CodeIgniter->run()
 5 SYSTEMPATH\Boot.php(67): CodeIgniter\Boot::runCodeIgniter(Object(CodeIgniter\CodeIgniter))
 6 FCPATH\index.php(56): CodeIgniter\Boot::bootWeb(Object(Config\Paths))
WARNING - 2025-10-14 14:09:28 --> [DEPRECATED] Creation of dynamic property App\Controllers\ProformaInvoiceController::$session is deprecated in APPPATH\Controllers\ProformaInvoiceController.php on line 23.
 1 SYSTEMPATH\CodeIgniter.php(903): App\Controllers\ProformaInvoiceController->__construct()
 2 SYSTEMPATH\CodeIgniter.php(500): CodeIgniter\CodeIgniter->createController()
 3 SYSTEMPATH\CodeIgniter.php(355): CodeIgniter\CodeIgniter->handleRequest(null, Object(Config\Cache), false)
 4 SYSTEMPATH\Boot.php(325): CodeIgniter\CodeIgniter->run()
 5 SYSTEMPATH\Boot.php(67): CodeIgniter\Boot::runCodeIgniter(Object(CodeIgniter\CodeIgniter))
 6 FCPATH\index.php(56): CodeIgniter\Boot::bootWeb(Object(Config\Paths))
WARNING - 2025-10-14 14:09:28 --> [DEPRECATED] Creation of dynamic property App\Controllers\ProformaInvoiceController::$uri is deprecated in APPPATH\Controllers\ProformaInvoiceController.php on line 24.
 1 SYSTEMPATH\CodeIgniter.php(903): App\Controllers\ProformaInvoiceController->__construct()
 2 SYSTEMPATH\CodeIgniter.php(500): CodeIgniter\CodeIgniter->createController()
 3 SYSTEMPATH\CodeIgniter.php(355): CodeIgniter\CodeIgniter->handleRequest(null, Object(Config\Cache), false)
 4 SYSTEMPATH\Boot.php(325): CodeIgniter\CodeIgniter->run()
 5 SYSTEMPATH\Boot.php(67): CodeIgniter\Boot::runCodeIgniter(Object(CodeIgniter\CodeIgniter))
 6 FCPATH\index.php(56): CodeIgniter\Boot::bootWeb(Object(Config\Paths))
WARNING - 2025-10-14 14:09:28 --> [DEPRECATED] Creation of dynamic property App\Controllers\ProformaInvoiceController::$form_validation is deprecated in APPPATH\Controllers\ProformaInvoiceController.php on line 26.
 1 SYSTEMPATH\CodeIgniter.php(903): App\Controllers\ProformaInvoiceController->__construct()
 2 SYSTEMPATH\CodeIgniter.php(500): CodeIgniter\CodeIgniter->createController()
 3 SYSTEMPATH\CodeIgniter.php(355): CodeIgniter\CodeIgniter->handleRequest(null, Object(Config\Cache), false)
 4 SYSTEMPATH\Boot.php(325): CodeIgniter\CodeIgniter->run()
 5 SYSTEMPATH\Boot.php(67): CodeIgniter\Boot::runCodeIgniter(Object(CodeIgniter\CodeIgniter))
 6 FCPATH\index.php(56): CodeIgniter\Boot::bootWeb(Object(Config\Paths))
WARNING - 2025-10-14 14:09:28 --> [DEPRECATED] Creation of dynamic property App\Controllers\ProformaInvoiceController::$userValidation is deprecated in APPPATH\Controllers\ProformaInvoiceController.php on line 27.
 1 SYSTEMPATH\CodeIgniter.php(903): App\Controllers\ProformaInvoiceController->__construct()
 2 SYSTEMPATH\CodeIgniter.php(500): CodeIgniter\CodeIgniter->createController()
 3 SYSTEMPATH\CodeIgniter.php(355): CodeIgniter\CodeIgniter->handleRequest(null, Object(Config\Cache), false)
 4 SYSTEMPATH\Boot.php(325): CodeIgniter\CodeIgniter->run()
 5 SYSTEMPATH\Boot.php(67): CodeIgniter\Boot::runCodeIgniter(Object(CodeIgniter\CodeIgniter))
 6 FCPATH\index.php(56): CodeIgniter\Boot::bootWeb(Object(Config\Paths))
WARNING - 2025-10-14 14:09:28 --> [DEPRECATED] Creation of dynamic property App\Controllers\ProformaInvoiceController::$proformaInvoiceDetailModel is deprecated in APPPATH\Controllers\ProformaInvoiceController.php on line 35.
 1 SYSTEMPATH\CodeIgniter.php(903): App\Controllers\ProformaInvoiceController->__construct()
 2 SYSTEMPATH\CodeIgniter.php(500): CodeIgniter\CodeIgniter->createController()
 3 SYSTEMPATH\CodeIgniter.php(355): CodeIgniter\CodeIgniter->handleRequest(null, Object(Config\Cache), false)
 4 SYSTEMPATH\Boot.php(325): CodeIgniter\CodeIgniter->run()
 5 SYSTEMPATH\Boot.php(67): CodeIgniter\Boot::runCodeIgniter(Object(CodeIgniter\CodeIgniter))
 6 FCPATH\index.php(56): CodeIgniter\Boot::bootWeb(Object(Config\Paths))
CRITICAL - 2025-10-14 14:09:29 --> ErrorException: Undefined array key 0
[Method: GET, Route: proformainvoice/pi/img/favicon.ico]
in APPPATH\Views\admin\content\form_pi.php on line 25.
 1 APPPATH\Views\admin\content\form_pi.php(25): CodeIgniter\Debug\Exceptions->errorHandler(2, 'Undefined array key 0', 'C:\\Users\\Administrator\\Documents\\GitHub\\manufacturing-cnf\\app\\Views\\admin\\content\\form_pi.php', 25)
 2 SYSTEMPATH\View\View.php(234): include('C:\\Users\\Administrator\\Documents\\GitHub\\manufacturing-cnf\\app\\Views\\admin\\content\\form_pi.php')
 3 SYSTEMPATH\View\View.php(237): CodeIgniter\View\View->CodeIgniter\View\{closure}()
 4 SYSTEMPATH\Common.php(1169): CodeIgniter\View\View->render('admin/content/form_pi', [], true)
 5 APPPATH\Controllers\ProformaInvoiceController.php(60): view('admin/content/form_pi', [...])
 6 SYSTEMPATH\CodeIgniter.php(933): App\Controllers\ProformaInvoiceController->pi('img', 'favicon.ico')
 7 SYSTEMPATH\CodeIgniter.php(509): CodeIgniter\CodeIgniter->runController(Object(App\Controllers\ProformaInvoiceController))
 8 SYSTEMPATH\CodeIgniter.php(355): CodeIgniter\CodeIgniter->handleRequest(null, Object(Config\Cache), false)
 9 SYSTEMPATH\Boot.php(325): CodeIgniter\CodeIgniter->run()
10 SYSTEMPATH\Boot.php(67): CodeIgniter\Boot::runCodeIgniter(Object(CodeIgniter\CodeIgniter))
11 FCPATH\index.php(56): CodeIgniter\Boot::bootWeb(Object(Config\Paths))
INFO - 2025-10-14 14:09:29 --> Session: Class initialized using 'CodeIgniter\Session\Handlers\FileHandler' driver.
WARNING - 2025-10-14 14:09:30 --> [DEPRECATED] Creation of dynamic property App\Controllers\ControllerPembelian::$db is deprecated in APPPATH\Controllers\ControllerPembelian.php on line 23.
 1 SYSTEMPATH\CodeIgniter.php(903): App\Controllers\ControllerPembelian->__construct()
 2 SYSTEMPATH\CodeIgniter.php(500): CodeIgniter\CodeIgniter->createController()
 3 SYSTEMPATH\CodeIgniter.php(355): CodeIgniter\CodeIgniter->handleRequest(null, Object(Config\Cache), false)
 4 SYSTEMPATH\Boot.php(325): CodeIgniter\CodeIgniter->run()
 5 SYSTEMPATH\Boot.php(67): CodeIgniter\Boot::runCodeIgniter(Object(CodeIgniter\CodeIgniter))
 6 FCPATH\index.php(56): CodeIgniter\Boot::bootWeb(Object(Config\Paths))
WARNING - 2025-10-14 14:09:30 --> [DEPRECATED] Creation of dynamic property App\Controllers\ControllerPembelian::$session is deprecated in APPPATH\Controllers\ControllerPembelian.php on line 24.
 1 SYSTEMPATH\CodeIgniter.php(903): App\Controllers\ControllerPembelian->__construct()
 2 SYSTEMPATH\CodeIgniter.php(500): CodeIgniter\CodeIgniter->createController()
 3 SYSTEMPATH\CodeIgniter.php(355): CodeIgniter\CodeIgniter->handleRequest(null, Object(Config\Cache), false)
 4 SYSTEMPATH\Boot.php(325): CodeIgniter\CodeIgniter->run()
 5 SYSTEMPATH\Boot.php(67): CodeIgniter\Boot::runCodeIgniter(Object(CodeIgniter\CodeIgniter))
 6 FCPATH\index.php(56): CodeIgniter\Boot::bootWeb(Object(Config\Paths))
WARNING - 2025-10-14 14:09:30 --> [DEPRECATED] Creation of dynamic property App\Controllers\ControllerPembelian::$form_validation is deprecated in APPPATH\Controllers\ControllerPembelian.php on line 26.
 1 SYSTEMPATH\CodeIgniter.php(903): App\Controllers\ControllerPembelian->__construct()
 2 SYSTEMPATH\CodeIgniter.php(500): CodeIgniter\CodeIgniter->createController()
 3 SYSTEMPATH\CodeIgniter.php(355): CodeIgniter\CodeIgniter->handleRequest(null, Object(Config\Cache), false)
 4 SYSTEMPATH\Boot.php(325): CodeIgniter\CodeIgniter->run()
 5 SYSTEMPATH\Boot.php(67): CodeIgniter\Boot::runCodeIgniter(Object(CodeIgniter\CodeIgniter))
 6 FCPATH\index.php(56): CodeIgniter\Boot::bootWeb(Object(Config\Paths))
INFO - 2025-10-14 14:09:37 --> Session: Class initialized using 'CodeIgniter\Session\Handlers\FileHandler' driver.
WARNING - 2025-10-14 14:09:37 --> [DEPRECATED] Creation of dynamic property App\Controllers\ControllerPembelian::$db is deprecated in APPPATH\Controllers\ControllerPembelian.php on line 23.
 1 SYSTEMPATH\CodeIgniter.php(903): App\Controllers\ControllerPembelian->__construct()
 2 SYSTEMPATH\CodeIgniter.php(500): CodeIgniter\CodeIgniter->createController()
 3 SYSTEMPATH\CodeIgniter.php(355): CodeIgniter\CodeIgniter->handleRequest(null, Object(Config\Cache), false)
 4 SYSTEMPATH\Boot.php(325): CodeIgniter\CodeIgniter->run()
 5 SYSTEMPATH\Boot.php(67): CodeIgniter\Boot::runCodeIgniter(Object(CodeIgniter\CodeIgniter))
 6 FCPATH\index.php(56): CodeIgniter\Boot::bootWeb(Object(Config\Paths))
WARNING - 2025-10-14 14:09:37 --> [DEPRECATED] Creation of dynamic property App\Controllers\ControllerPembelian::$session is deprecated in APPPATH\Controllers\ControllerPembelian.php on line 24.
 1 SYSTEMPATH\CodeIgniter.php(903): App\Controllers\ControllerPembelian->__construct()
 2 SYSTEMPATH\CodeIgniter.php(500): CodeIgniter\CodeIgniter->createController()
 3 SYSTEMPATH\CodeIgniter.php(355): CodeIgniter\CodeIgniter->handleRequest(null, Object(Config\Cache), false)
 4 SYSTEMPATH\Boot.php(325): CodeIgniter\CodeIgniter->run()
 5 SYSTEMPATH\Boot.php(67): CodeIgniter\Boot::runCodeIgniter(Object(CodeIgniter\CodeIgniter))
 6 FCPATH\index.php(56): CodeIgniter\Boot::bootWeb(Object(Config\Paths))
WARNING - 2025-10-14 14:09:37 --> [DEPRECATED] Creation of dynamic property App\Controllers\ControllerPembelian::$form_validation is deprecated in APPPATH\Controllers\ControllerPembelian.php on line 26.
 1 SYSTEMPATH\CodeIgniter.php(903): App\Controllers\ControllerPembelian->__construct()
 2 SYSTEMPATH\CodeIgniter.php(500): CodeIgniter\CodeIgniter->createController()
 3 SYSTEMPATH\CodeIgniter.php(355): CodeIgniter\CodeIgniter->handleRequest(null, Object(Config\Cache), false)
 4 SYSTEMPATH\Boot.php(325): CodeIgniter\CodeIgniter->run()
 5 SYSTEMPATH\Boot.php(67): CodeIgniter\Boot::runCodeIgniter(Object(CodeIgniter\CodeIgniter))
 6 FCPATH\index.php(56): CodeIgniter\Boot::bootWeb(Object(Config\Paths))
INFO - 2025-10-14 14:09:38 --> Session: Class initialized using 'CodeIgniter\Session\Handlers\FileHandler' driver.
WARNING - 2025-10-14 14:09:38 --> [DEPRECATED] Creation of dynamic property App\Controllers\ProformaInvoiceController::$db is deprecated in APPPATH\Controllers\ProformaInvoiceController.php on line 22.
 1 SYSTEMPATH\CodeIgniter.php(903): App\Controllers\ProformaInvoiceController->__construct()
 2 SYSTEMPATH\CodeIgniter.php(500): CodeIgniter\CodeIgniter->createController()
 3 SYSTEMPATH\CodeIgniter.php(355): CodeIgniter\CodeIgniter->handleRequest(null, Object(Config\Cache), false)
 4 SYSTEMPATH\Boot.php(325): CodeIgniter\CodeIgniter->run()
 5 SYSTEMPATH\Boot.php(67): CodeIgniter\Boot::runCodeIgniter(Object(CodeIgniter\CodeIgniter))
 6 FCPATH\index.php(56): CodeIgniter\Boot::bootWeb(Object(Config\Paths))
WARNING - 2025-10-14 14:09:38 --> [DEPRECATED] Creation of dynamic property App\Controllers\ProformaInvoiceController::$session is deprecated in APPPATH\Controllers\ProformaInvoiceController.php on line 23.
 1 SYSTEMPATH\CodeIgniter.php(903): App\Controllers\ProformaInvoiceController->__construct()
 2 SYSTEMPATH\CodeIgniter.php(500): CodeIgniter\CodeIgniter->createController()
 3 SYSTEMPATH\CodeIgniter.php(355): CodeIgniter\CodeIgniter->handleRequest(null, Object(Config\Cache), false)
 4 SYSTEMPATH\Boot.php(325): CodeIgniter\CodeIgniter->run()
 5 SYSTEMPATH\Boot.php(67): CodeIgniter\Boot::runCodeIgniter(Object(CodeIgniter\CodeIgniter))
 6 FCPATH\index.php(56): CodeIgniter\Boot::bootWeb(Object(Config\Paths))
WARNING - 2025-10-14 14:09:38 --> [DEPRECATED] Creation of dynamic property App\Controllers\ProformaInvoiceController::$uri is deprecated in APPPATH\Controllers\ProformaInvoiceController.php on line 24.
 1 SYSTEMPATH\CodeIgniter.php(903): App\Controllers\ProformaInvoiceController->__construct()
 2 SYSTEMPATH\CodeIgniter.php(500): CodeIgniter\CodeIgniter->createController()
 3 SYSTEMPATH\CodeIgniter.php(355): CodeIgniter\CodeIgniter->handleRequest(null, Object(Config\Cache), false)
 4 SYSTEMPATH\Boot.php(325): CodeIgniter\CodeIgniter->run()
 5 SYSTEMPATH\Boot.php(67): CodeIgniter\Boot::runCodeIgniter(Object(CodeIgniter\CodeIgniter))
 6 FCPATH\index.php(56): CodeIgniter\Boot::bootWeb(Object(Config\Paths))
WARNING - 2025-10-14 14:09:38 --> [DEPRECATED] Creation of dynamic property App\Controllers\ProformaInvoiceController::$form_validation is deprecated in APPPATH\Controllers\ProformaInvoiceController.php on line 26.
 1 SYSTEMPATH\CodeIgniter.php(903): App\Controllers\ProformaInvoiceController->__construct()
 2 SYSTEMPATH\CodeIgniter.php(500): CodeIgniter\CodeIgniter->createController()
 3 SYSTEMPATH\CodeIgniter.php(355): CodeIgniter\CodeIgniter->handleRequest(null, Object(Config\Cache), false)
 4 SYSTEMPATH\Boot.php(325): CodeIgniter\CodeIgniter->run()
 5 SYSTEMPATH\Boot.php(67): CodeIgniter\Boot::runCodeIgniter(Object(CodeIgniter\CodeIgniter))
 6 FCPATH\index.php(56): CodeIgniter\Boot::bootWeb(Object(Config\Paths))
WARNING - 2025-10-14 14:09:38 --> [DEPRECATED] Creation of dynamic property App\Controllers\ProformaInvoiceController::$userValidation is deprecated in APPPATH\Controllers\ProformaInvoiceController.php on line 27.
 1 SYSTEMPATH\CodeIgniter.php(903): App\Controllers\ProformaInvoiceController->__construct()
 2 SYSTEMPATH\CodeIgniter.php(500): CodeIgniter\CodeIgniter->createController()
 3 SYSTEMPATH\CodeIgniter.php(355): CodeIgniter\CodeIgniter->handleRequest(null, Object(Config\Cache), false)
 4 SYSTEMPATH\Boot.php(325): CodeIgniter\CodeIgniter->run()
 5 SYSTEMPATH\Boot.php(67): CodeIgniter\Boot::runCodeIgniter(Object(CodeIgniter\CodeIgniter))
 6 FCPATH\index.php(56): CodeIgniter\Boot::bootWeb(Object(Config\Paths))
WARNING - 2025-10-14 14:09:38 --> [DEPRECATED] Creation of dynamic property App\Controllers\ProformaInvoiceController::$proformaInvoiceDetailModel is deprecated in APPPATH\Controllers\ProformaInvoiceController.php on line 35.
 1 SYSTEMPATH\CodeIgniter.php(903): App\Controllers\ProformaInvoiceController->__construct()
 2 SYSTEMPATH\CodeIgniter.php(500): CodeIgniter\CodeIgniter->createController()
 3 SYSTEMPATH\CodeIgniter.php(355): CodeIgniter\CodeIgniter->handleRequest(null, Object(Config\Cache), false)
 4 SYSTEMPATH\Boot.php(325): CodeIgniter\CodeIgniter->run()
 5 SYSTEMPATH\Boot.php(67): CodeIgniter\Boot::runCodeIgniter(Object(CodeIgniter\CodeIgniter))
 6 FCPATH\index.php(56): CodeIgniter\Boot::bootWeb(Object(Config\Paths))
INFO - 2025-10-14 14:09:42 --> Session: Class initialized using 'CodeIgniter\Session\Handlers\FileHandler' driver.
WARNING - 2025-10-14 14:09:42 --> [DEPRECATED] Creation of dynamic property App\Controllers\ProformaInvoiceController::$db is deprecated in APPPATH\Controllers\ProformaInvoiceController.php on line 22.
 1 SYSTEMPATH\CodeIgniter.php(903): App\Controllers\ProformaInvoiceController->__construct()
 2 SYSTEMPATH\CodeIgniter.php(500): CodeIgniter\CodeIgniter->createController()
 3 SYSTEMPATH\CodeIgniter.php(355): CodeIgniter\CodeIgniter->handleRequest(null, Object(Config\Cache), false)
 4 SYSTEMPATH\Boot.php(325): CodeIgniter\CodeIgniter->run()
 5 SYSTEMPATH\Boot.php(67): CodeIgniter\Boot::runCodeIgniter(Object(CodeIgniter\CodeIgniter))
 6 FCPATH\index.php(56): CodeIgniter\Boot::bootWeb(Object(Config\Paths))
WARNING - 2025-10-14 14:09:42 --> [DEPRECATED] Creation of dynamic property App\Controllers\ProformaInvoiceController::$session is deprecated in APPPATH\Controllers\ProformaInvoiceController.php on line 23.
 1 SYSTEMPATH\CodeIgniter.php(903): App\Controllers\ProformaInvoiceController->__construct()
 2 SYSTEMPATH\CodeIgniter.php(500): CodeIgniter\CodeIgniter->createController()
 3 SYSTEMPATH\CodeIgniter.php(355): CodeIgniter\CodeIgniter->handleRequest(null, Object(Config\Cache), false)
 4 SYSTEMPATH\Boot.php(325): CodeIgniter\CodeIgniter->run()
 5 SYSTEMPATH\Boot.php(67): CodeIgniter\Boot::runCodeIgniter(Object(CodeIgniter\CodeIgniter))
 6 FCPATH\index.php(56): CodeIgniter\Boot::bootWeb(Object(Config\Paths))
WARNING - 2025-10-14 14:09:42 --> [DEPRECATED] Creation of dynamic property App\Controllers\ProformaInvoiceController::$uri is deprecated in APPPATH\Controllers\ProformaInvoiceController.php on line 24.
 1 SYSTEMPATH\CodeIgniter.php(903): App\Controllers\ProformaInvoiceController->__construct()
 2 SYSTEMPATH\CodeIgniter.php(500): CodeIgniter\CodeIgniter->createController()
 3 SYSTEMPATH\CodeIgniter.php(355): CodeIgniter\CodeIgniter->handleRequest(null, Object(Config\Cache), false)
 4 SYSTEMPATH\Boot.php(325): CodeIgniter\CodeIgniter->run()
 5 SYSTEMPATH\Boot.php(67): CodeIgniter\Boot::runCodeIgniter(Object(CodeIgniter\CodeIgniter))
 6 FCPATH\index.php(56): CodeIgniter\Boot::bootWeb(Object(Config\Paths))
WARNING - 2025-10-14 14:09:42 --> [DEPRECATED] Creation of dynamic property App\Controllers\ProformaInvoiceController::$form_validation is deprecated in APPPATH\Controllers\ProformaInvoiceController.php on line 26.
 1 SYSTEMPATH\CodeIgniter.php(903): App\Controllers\ProformaInvoiceController->__construct()
 2 SYSTEMPATH\CodeIgniter.php(500): CodeIgniter\CodeIgniter->createController()
 3 SYSTEMPATH\CodeIgniter.php(355): CodeIgniter\CodeIgniter->handleRequest(null, Object(Config\Cache), false)
 4 SYSTEMPATH\Boot.php(325): CodeIgniter\CodeIgniter->run()
 5 SYSTEMPATH\Boot.php(67): CodeIgniter\Boot::runCodeIgniter(Object(CodeIgniter\CodeIgniter))
 6 FCPATH\index.php(56): CodeIgniter\Boot::bootWeb(Object(Config\Paths))
WARNING - 2025-10-14 14:09:42 --> [DEPRECATED] Creation of dynamic property App\Controllers\ProformaInvoiceController::$userValidation is deprecated in APPPATH\Controllers\ProformaInvoiceController.php on line 27.
 1 SYSTEMPATH\CodeIgniter.php(903): App\Controllers\ProformaInvoiceController->__construct()
 2 SYSTEMPATH\CodeIgniter.php(500): CodeIgniter\CodeIgniter->createController()
 3 SYSTEMPATH\CodeIgniter.php(355): CodeIgniter\CodeIgniter->handleRequest(null, Object(Config\Cache), false)
 4 SYSTEMPATH\Boot.php(325): CodeIgniter\CodeIgniter->run()
 5 SYSTEMPATH\Boot.php(67): CodeIgniter\Boot::runCodeIgniter(Object(CodeIgniter\CodeIgniter))
 6 FCPATH\index.php(56): CodeIgniter\Boot::bootWeb(Object(Config\Paths))
WARNING - 2025-10-14 14:09:42 --> [DEPRECATED] Creation of dynamic property App\Controllers\ProformaInvoiceController::$proformaInvoiceDetailModel is deprecated in APPPATH\Controllers\ProformaInvoiceController.php on line 35.
 1 SYSTEMPATH\CodeIgniter.php(903): App\Controllers\ProformaInvoiceController->__construct()
 2 SYSTEMPATH\CodeIgniter.php(500): CodeIgniter\CodeIgniter->createController()
 3 SYSTEMPATH\CodeIgniter.php(355): CodeIgniter\CodeIgniter->handleRequest(null, Object(Config\Cache), false)
 4 SYSTEMPATH\Boot.php(325): CodeIgniter\CodeIgniter->run()
 5 SYSTEMPATH\Boot.php(67): CodeIgniter\Boot::runCodeIgniter(Object(CodeIgniter\CodeIgniter))
 6 FCPATH\index.php(56): CodeIgniter\Boot::bootWeb(Object(Config\Paths))
INFO - 2025-10-14 15:00:39 --> Session: Class initialized using 'CodeIgniter\Session\Handlers\FileHandler' driver.
WARNING - 2025-10-14 15:00:42 --> [DEPRECATED] Creation of dynamic property App\Controllers\ProformaInvoiceController::$db is deprecated in APPPATH\Controllers\ProformaInvoiceController.php on line 22.
 1 SYSTEMPATH\CodeIgniter.php(903): App\Controllers\ProformaInvoiceController->__construct()
 2 SYSTEMPATH\CodeIgniter.php(500): CodeIgniter\CodeIgniter->createController()
 3 SYSTEMPATH\CodeIgniter.php(355): CodeIgniter\CodeIgniter->handleRequest(null, Object(Config\Cache), false)
 4 SYSTEMPATH\Boot.php(325): CodeIgniter\CodeIgniter->run()
 5 SYSTEMPATH\Boot.php(67): CodeIgniter\Boot::runCodeIgniter(Object(CodeIgniter\CodeIgniter))
 6 FCPATH\index.php(56): CodeIgniter\Boot::bootWeb(Object(Config\Paths))
WARNING - 2025-10-14 15:00:42 --> [DEPRECATED] Creation of dynamic property App\Controllers\ProformaInvoiceController::$session is deprecated in APPPATH\Controllers\ProformaInvoiceController.php on line 23.
 1 SYSTEMPATH\CodeIgniter.php(903): App\Controllers\ProformaInvoiceController->__construct()
 2 SYSTEMPATH\CodeIgniter.php(500): CodeIgniter\CodeIgniter->createController()
 3 SYSTEMPATH\CodeIgniter.php(355): CodeIgniter\CodeIgniter->handleRequest(null, Object(Config\Cache), false)
 4 SYSTEMPATH\Boot.php(325): CodeIgniter\CodeIgniter->run()
 5 SYSTEMPATH\Boot.php(67): CodeIgniter\Boot::runCodeIgniter(Object(CodeIgniter\CodeIgniter))
 6 FCPATH\index.php(56): CodeIgniter\Boot::bootWeb(Object(Config\Paths))
WARNING - 2025-10-14 15:00:42 --> [DEPRECATED] Creation of dynamic property App\Controllers\ProformaInvoiceController::$uri is deprecated in APPPATH\Controllers\ProformaInvoiceController.php on line 24.
 1 SYSTEMPATH\CodeIgniter.php(903): App\Controllers\ProformaInvoiceController->__construct()
 2 SYSTEMPATH\CodeIgniter.php(500): CodeIgniter\CodeIgniter->createController()
 3 SYSTEMPATH\CodeIgniter.php(355): CodeIgniter\CodeIgniter->handleRequest(null, Object(Config\Cache), false)
 4 SYSTEMPATH\Boot.php(325): CodeIgniter\CodeIgniter->run()
 5 SYSTEMPATH\Boot.php(67): CodeIgniter\Boot::runCodeIgniter(Object(CodeIgniter\CodeIgniter))
 6 FCPATH\index.php(56): CodeIgniter\Boot::bootWeb(Object(Config\Paths))
WARNING - 2025-10-14 15:00:44 --> [DEPRECATED] Creation of dynamic property App\Controllers\ProformaInvoiceController::$form_validation is deprecated in APPPATH\Controllers\ProformaInvoiceController.php on line 26.
 1 SYSTEMPATH\CodeIgniter.php(903): App\Controllers\ProformaInvoiceController->__construct()
 2 SYSTEMPATH\CodeIgniter.php(500): CodeIgniter\CodeIgniter->createController()
 3 SYSTEMPATH\CodeIgniter.php(355): CodeIgniter\CodeIgniter->handleRequest(null, Object(Config\Cache), false)
 4 SYSTEMPATH\Boot.php(325): CodeIgniter\CodeIgniter->run()
 5 SYSTEMPATH\Boot.php(67): CodeIgniter\Boot::runCodeIgniter(Object(CodeIgniter\CodeIgniter))
 6 FCPATH\index.php(56): CodeIgniter\Boot::bootWeb(Object(Config\Paths))
WARNING - 2025-10-14 15:00:44 --> [DEPRECATED] Creation of dynamic property App\Controllers\ProformaInvoiceController::$userValidation is deprecated in APPPATH\Controllers\ProformaInvoiceController.php on line 27.
 1 SYSTEMPATH\CodeIgniter.php(903): App\Controllers\ProformaInvoiceController->__construct()
 2 SYSTEMPATH\CodeIgniter.php(500): CodeIgniter\CodeIgniter->createController()
 3 SYSTEMPATH\CodeIgniter.php(355): CodeIgniter\CodeIgniter->handleRequest(null, Object(Config\Cache), false)
 4 SYSTEMPATH\Boot.php(325): CodeIgniter\CodeIgniter->run()
 5 SYSTEMPATH\Boot.php(67): CodeIgniter\Boot::runCodeIgniter(Object(CodeIgniter\CodeIgniter))
 6 FCPATH\index.php(56): CodeIgniter\Boot::bootWeb(Object(Config\Paths))
WARNING - 2025-10-14 15:00:44 --> [DEPRECATED] Creation of dynamic property App\Controllers\ProformaInvoiceController::$proformaInvoiceDetailModel is deprecated in APPPATH\Controllers\ProformaInvoiceController.php on line 35.
 1 SYSTEMPATH\CodeIgniter.php(903): App\Controllers\ProformaInvoiceController->__construct()
 2 SYSTEMPATH\CodeIgniter.php(500): CodeIgniter\CodeIgniter->createController()
 3 SYSTEMPATH\CodeIgniter.php(355): CodeIgniter\CodeIgniter->handleRequest(null, Object(Config\Cache), false)
 4 SYSTEMPATH\Boot.php(325): CodeIgniter\CodeIgniter->run()
 5 SYSTEMPATH\Boot.php(67): CodeIgniter\Boot::runCodeIgniter(Object(CodeIgniter\CodeIgniter))
 6 FCPATH\index.php(56): CodeIgniter\Boot::bootWeb(Object(Config\Paths))
INFO - 2025-10-14 15:00:50 --> Session: Class initialized using 'CodeIgniter\Session\Handlers\FileHandler' driver.
WARNING - 2025-10-14 15:00:50 --> [DEPRECATED] Creation of dynamic property App\Controllers\ProformaInvoiceController::$db is deprecated in APPPATH\Controllers\ProformaInvoiceController.php on line 22.
 1 SYSTEMPATH\CodeIgniter.php(903): App\Controllers\ProformaInvoiceController->__construct()
 2 SYSTEMPATH\CodeIgniter.php(500): CodeIgniter\CodeIgniter->createController()
 3 SYSTEMPATH\CodeIgniter.php(355): CodeIgniter\CodeIgniter->handleRequest(null, Object(Config\Cache), false)
 4 SYSTEMPATH\Boot.php(325): CodeIgniter\CodeIgniter->run()
 5 SYSTEMPATH\Boot.php(67): CodeIgniter\Boot::runCodeIgniter(Object(CodeIgniter\CodeIgniter))
 6 FCPATH\index.php(56): CodeIgniter\Boot::bootWeb(Object(Config\Paths))
WARNING - 2025-10-14 15:00:50 --> [DEPRECATED] Creation of dynamic property App\Controllers\ProformaInvoiceController::$session is deprecated in APPPATH\Controllers\ProformaInvoiceController.php on line 23.
 1 SYSTEMPATH\CodeIgniter.php(903): App\Controllers\ProformaInvoiceController->__construct()
 2 SYSTEMPATH\CodeIgniter.php(500): CodeIgniter\CodeIgniter->createController()
 3 SYSTEMPATH\CodeIgniter.php(355): CodeIgniter\CodeIgniter->handleRequest(null, Object(Config\Cache), false)
 4 SYSTEMPATH\Boot.php(325): CodeIgniter\CodeIgniter->run()
 5 SYSTEMPATH\Boot.php(67): CodeIgniter\Boot::runCodeIgniter(Object(CodeIgniter\CodeIgniter))
 6 FCPATH\index.php(56): CodeIgniter\Boot::bootWeb(Object(Config\Paths))
WARNING - 2025-10-14 15:00:50 --> [DEPRECATED] Creation of dynamic property App\Controllers\ProformaInvoiceController::$uri is deprecated in APPPATH\Controllers\ProformaInvoiceController.php on line 24.
 1 SYSTEMPATH\CodeIgniter.php(903): App\Controllers\ProformaInvoiceController->__construct()
 2 SYSTEMPATH\CodeIgniter.php(500): CodeIgniter\CodeIgniter->createController()
 3 SYSTEMPATH\CodeIgniter.php(355): CodeIgniter\CodeIgniter->handleRequest(null, Object(Config\Cache), false)
 4 SYSTEMPATH\Boot.php(325): CodeIgniter\CodeIgniter->run()
 5 SYSTEMPATH\Boot.php(67): CodeIgniter\Boot::runCodeIgniter(Object(CodeIgniter\CodeIgniter))
 6 FCPATH\index.php(56): CodeIgniter\Boot::bootWeb(Object(Config\Paths))
WARNING - 2025-10-14 15:00:50 --> [DEPRECATED] Creation of dynamic property App\Controllers\ProformaInvoiceController::$form_validation is deprecated in APPPATH\Controllers\ProformaInvoiceController.php on line 26.
 1 SYSTEMPATH\CodeIgniter.php(903): App\Controllers\ProformaInvoiceController->__construct()
 2 SYSTEMPATH\CodeIgniter.php(500): CodeIgniter\CodeIgniter->createController()
 3 SYSTEMPATH\CodeIgniter.php(355): CodeIgniter\CodeIgniter->handleRequest(null, Object(Config\Cache), false)
 4 SYSTEMPATH\Boot.php(325): CodeIgniter\CodeIgniter->run()
 5 SYSTEMPATH\Boot.php(67): CodeIgniter\Boot::runCodeIgniter(Object(CodeIgniter\CodeIgniter))
 6 FCPATH\index.php(56): CodeIgniter\Boot::bootWeb(Object(Config\Paths))
WARNING - 2025-10-14 15:00:50 --> [DEPRECATED] Creation of dynamic property App\Controllers\ProformaInvoiceController::$userValidation is deprecated in APPPATH\Controllers\ProformaInvoiceController.php on line 27.
 1 SYSTEMPATH\CodeIgniter.php(903): App\Controllers\ProformaInvoiceController->__construct()
 2 SYSTEMPATH\CodeIgniter.php(500): CodeIgniter\CodeIgniter->createController()
 3 SYSTEMPATH\CodeIgniter.php(355): CodeIgniter\CodeIgniter->handleRequest(null, Object(Config\Cache), false)
 4 SYSTEMPATH\Boot.php(325): CodeIgniter\CodeIgniter->run()
 5 SYSTEMPATH\Boot.php(67): CodeIgniter\Boot::runCodeIgniter(Object(CodeIgniter\CodeIgniter))
 6 FCPATH\index.php(56): CodeIgniter\Boot::bootWeb(Object(Config\Paths))
WARNING - 2025-10-14 15:00:50 --> [DEPRECATED] Creation of dynamic property App\Controllers\ProformaInvoiceController::$proformaInvoiceDetailModel is deprecated in APPPATH\Controllers\ProformaInvoiceController.php on line 35.
 1 SYSTEMPATH\CodeIgniter.php(903): App\Controllers\ProformaInvoiceController->__construct()
 2 SYSTEMPATH\CodeIgniter.php(500): CodeIgniter\CodeIgniter->createController()
 3 SYSTEMPATH\CodeIgniter.php(355): CodeIgniter\CodeIgniter->handleRequest(null, Object(Config\Cache), false)
 4 SYSTEMPATH\Boot.php(325): CodeIgniter\CodeIgniter->run()
 5 SYSTEMPATH\Boot.php(67): CodeIgniter\Boot::runCodeIgniter(Object(CodeIgniter\CodeIgniter))
 6 FCPATH\index.php(56): CodeIgniter\Boot::bootWeb(Object(Config\Paths))
CRITICAL - 2025-10-14 15:00:50 --> ErrorException: Undefined array key 0
[Method: GET, Route: proformainvoice/pi/img/favicon.ico]
in APPPATH\Views\admin\content\form_pi.php on line 25.
 1 APPPATH\Views\admin\content\form_pi.php(25): CodeIgniter\Debug\Exceptions->errorHandler(2, 'Undefined array key 0', 'C:\\Users\\Administrator\\Documents\\GitHub\\manufacturing-cnf\\app\\Views\\admin\\content\\form_pi.php', 25)
 2 SYSTEMPATH\View\View.php(234): include('C:\\Users\\Administrator\\Documents\\GitHub\\manufacturing-cnf\\app\\Views\\admin\\content\\form_pi.php')
 3 SYSTEMPATH\View\View.php(237): CodeIgniter\View\View->CodeIgniter\View\{closure}()
 4 SYSTEMPATH\Common.php(1169): CodeIgniter\View\View->render('admin/content/form_pi', [], true)
 5 APPPATH\Controllers\ProformaInvoiceController.php(60): view('admin/content/form_pi', [...])
 6 SYSTEMPATH\CodeIgniter.php(933): App\Controllers\ProformaInvoiceController->pi('img', 'favicon.ico')
 7 SYSTEMPATH\CodeIgniter.php(509): CodeIgniter\CodeIgniter->runController(Object(App\Controllers\ProformaInvoiceController))
 8 SYSTEMPATH\CodeIgniter.php(355): CodeIgniter\CodeIgniter->handleRequest(null, Object(Config\Cache), false)
 9 SYSTEMPATH\Boot.php(325): CodeIgniter\CodeIgniter->run()
10 SYSTEMPATH\Boot.php(67): CodeIgniter\Boot::runCodeIgniter(Object(CodeIgniter\CodeIgniter))
11 FCPATH\index.php(56): CodeIgniter\Boot::bootWeb(Object(Config\Paths))
INFO - 2025-10-14 15:00:59 --> Session: Class initialized using 'CodeIgniter\Session\Handlers\FileHandler' driver.
WARNING - 2025-10-14 15:00:59 --> [DEPRECATED] Creation of dynamic property App\Controllers\ControllerPembelian::$db is deprecated in APPPATH\Controllers\ControllerPembelian.php on line 23.
 1 SYSTEMPATH\CodeIgniter.php(903): App\Controllers\ControllerPembelian->__construct()
 2 SYSTEMPATH\CodeIgniter.php(500): CodeIgniter\CodeIgniter->createController()
 3 SYSTEMPATH\CodeIgniter.php(355): CodeIgniter\CodeIgniter->handleRequest(null, Object(Config\Cache), false)
 4 SYSTEMPATH\Boot.php(325): CodeIgniter\CodeIgniter->run()
 5 SYSTEMPATH\Boot.php(67): CodeIgniter\Boot::runCodeIgniter(Object(CodeIgniter\CodeIgniter))
 6 FCPATH\index.php(56): CodeIgniter\Boot::bootWeb(Object(Config\Paths))
WARNING - 2025-10-14 15:00:59 --> [DEPRECATED] Creation of dynamic property App\Controllers\ControllerPembelian::$session is deprecated in APPPATH\Controllers\ControllerPembelian.php on line 24.
 1 SYSTEMPATH\CodeIgniter.php(903): App\Controllers\ControllerPembelian->__construct()
 2 SYSTEMPATH\CodeIgniter.php(500): CodeIgniter\CodeIgniter->createController()
 3 SYSTEMPATH\CodeIgniter.php(355): CodeIgniter\CodeIgniter->handleRequest(null, Object(Config\Cache), false)
 4 SYSTEMPATH\Boot.php(325): CodeIgniter\CodeIgniter->run()
 5 SYSTEMPATH\Boot.php(67): CodeIgniter\Boot::runCodeIgniter(Object(CodeIgniter\CodeIgniter))
 6 FCPATH\index.php(56): CodeIgniter\Boot::bootWeb(Object(Config\Paths))
WARNING - 2025-10-14 15:00:59 --> [DEPRECATED] Creation of dynamic property App\Controllers\ControllerPembelian::$form_validation is deprecated in APPPATH\Controllers\ControllerPembelian.php on line 26.
 1 SYSTEMPATH\CodeIgniter.php(903): App\Controllers\ControllerPembelian->__construct()
 2 SYSTEMPATH\CodeIgniter.php(500): CodeIgniter\CodeIgniter->createController()
 3 SYSTEMPATH\CodeIgniter.php(355): CodeIgniter\CodeIgniter->handleRequest(null, Object(Config\Cache), false)
 4 SYSTEMPATH\Boot.php(325): CodeIgniter\CodeIgniter->run()
 5 SYSTEMPATH\Boot.php(67): CodeIgniter\Boot::runCodeIgniter(Object(CodeIgniter\CodeIgniter))
 6 FCPATH\index.php(56): CodeIgniter\Boot::bootWeb(Object(Config\Paths))
INFO - 2025-10-14 15:01:00 --> Session: Class initialized using 'CodeIgniter\Session\Handlers\FileHandler' driver.
WARNING - 2025-10-14 15:01:00 --> [DEPRECATED] Creation of dynamic property App\Controllers\ControllerPembelian::$db is deprecated in APPPATH\Controllers\ControllerPembelian.php on line 23.
 1 SYSTEMPATH\CodeIgniter.php(903): App\Controllers\ControllerPembelian->__construct()
 2 SYSTEMPATH\CodeIgniter.php(500): CodeIgniter\CodeIgniter->createController()
 3 SYSTEMPATH\CodeIgniter.php(355): CodeIgniter\CodeIgniter->handleRequest(null, Object(Config\Cache), false)
 4 SYSTEMPATH\Boot.php(325): CodeIgniter\CodeIgniter->run()
 5 SYSTEMPATH\Boot.php(67): CodeIgniter\Boot::runCodeIgniter(Object(CodeIgniter\CodeIgniter))
 6 FCPATH\index.php(56): CodeIgniter\Boot::bootWeb(Object(Config\Paths))
WARNING - 2025-10-14 15:01:00 --> [DEPRECATED] Creation of dynamic property App\Controllers\ControllerPembelian::$session is deprecated in APPPATH\Controllers\ControllerPembelian.php on line 24.
 1 SYSTEMPATH\CodeIgniter.php(903): App\Controllers\ControllerPembelian->__construct()
 2 SYSTEMPATH\CodeIgniter.php(500): CodeIgniter\CodeIgniter->createController()
 3 SYSTEMPATH\CodeIgniter.php(355): CodeIgniter\CodeIgniter->handleRequest(null, Object(Config\Cache), false)
 4 SYSTEMPATH\Boot.php(325): CodeIgniter\CodeIgniter->run()
 5 SYSTEMPATH\Boot.php(67): CodeIgniter\Boot::runCodeIgniter(Object(CodeIgniter\CodeIgniter))
 6 FCPATH\index.php(56): CodeIgniter\Boot::bootWeb(Object(Config\Paths))
WARNING - 2025-10-14 15:01:00 --> [DEPRECATED] Creation of dynamic property App\Controllers\ControllerPembelian::$form_validation is deprecated in APPPATH\Controllers\ControllerPembelian.php on line 26.
 1 SYSTEMPATH\CodeIgniter.php(903): App\Controllers\ControllerPembelian->__construct()
 2 SYSTEMPATH\CodeIgniter.php(500): CodeIgniter\CodeIgniter->createController()
 3 SYSTEMPATH\CodeIgniter.php(355): CodeIgniter\CodeIgniter->handleRequest(null, Object(Config\Cache), false)
 4 SYSTEMPATH\Boot.php(325): CodeIgniter\CodeIgniter->run()
 5 SYSTEMPATH\Boot.php(67): CodeIgniter\Boot::runCodeIgniter(Object(CodeIgniter\CodeIgniter))
 6 FCPATH\index.php(56): CodeIgniter\Boot::bootWeb(Object(Config\Paths))
INFO - 2025-10-14 15:01:01 --> Session: Class initialized using 'CodeIgniter\Session\Handlers\FileHandler' driver.
WARNING - 2025-10-14 15:01:01 --> [DEPRECATED] Creation of dynamic property App\Controllers\ProformaInvoiceController::$db is deprecated in APPPATH\Controllers\ProformaInvoiceController.php on line 22.
 1 SYSTEMPATH\CodeIgniter.php(903): App\Controllers\ProformaInvoiceController->__construct()
 2 SYSTEMPATH\CodeIgniter.php(500): CodeIgniter\CodeIgniter->createController()
 3 SYSTEMPATH\CodeIgniter.php(355): CodeIgniter\CodeIgniter->handleRequest(null, Object(Config\Cache), false)
 4 SYSTEMPATH\Boot.php(325): CodeIgniter\CodeIgniter->run()
 5 SYSTEMPATH\Boot.php(67): CodeIgniter\Boot::runCodeIgniter(Object(CodeIgniter\CodeIgniter))
 6 FCPATH\index.php(56): CodeIgniter\Boot::bootWeb(Object(Config\Paths))
WARNING - 2025-10-14 15:01:01 --> [DEPRECATED] Creation of dynamic property App\Controllers\ProformaInvoiceController::$session is deprecated in APPPATH\Controllers\ProformaInvoiceController.php on line 23.
 1 SYSTEMPATH\CodeIgniter.php(903): App\Controllers\ProformaInvoiceController->__construct()
 2 SYSTEMPATH\CodeIgniter.php(500): CodeIgniter\CodeIgniter->createController()
 3 SYSTEMPATH\CodeIgniter.php(355): CodeIgniter\CodeIgniter->handleRequest(null, Object(Config\Cache), false)
 4 SYSTEMPATH\Boot.php(325): CodeIgniter\CodeIgniter->run()
 5 SYSTEMPATH\Boot.php(67): CodeIgniter\Boot::runCodeIgniter(Object(CodeIgniter\CodeIgniter))
 6 FCPATH\index.php(56): CodeIgniter\Boot::bootWeb(Object(Config\Paths))
WARNING - 2025-10-14 15:01:01 --> [DEPRECATED] Creation of dynamic property App\Controllers\ProformaInvoiceController::$uri is deprecated in APPPATH\Controllers\ProformaInvoiceController.php on line 24.
 1 SYSTEMPATH\CodeIgniter.php(903): App\Controllers\ProformaInvoiceController->__construct()
 2 SYSTEMPATH\CodeIgniter.php(500): CodeIgniter\CodeIgniter->createController()
 3 SYSTEMPATH\CodeIgniter.php(355): CodeIgniter\CodeIgniter->handleRequest(null, Object(Config\Cache), false)
 4 SYSTEMPATH\Boot.php(325): CodeIgniter\CodeIgniter->run()
 5 SYSTEMPATH\Boot.php(67): CodeIgniter\Boot::runCodeIgniter(Object(CodeIgniter\CodeIgniter))
 6 FCPATH\index.php(56): CodeIgniter\Boot::bootWeb(Object(Config\Paths))
WARNING - 2025-10-14 15:01:01 --> [DEPRECATED] Creation of dynamic property App\Controllers\ProformaInvoiceController::$form_validation is deprecated in APPPATH\Controllers\ProformaInvoiceController.php on line 26.
 1 SYSTEMPATH\CodeIgniter.php(903): App\Controllers\ProformaInvoiceController->__construct()
 2 SYSTEMPATH\CodeIgniter.php(500): CodeIgniter\CodeIgniter->createController()
 3 SYSTEMPATH\CodeIgniter.php(355): CodeIgniter\CodeIgniter->handleRequest(null, Object(Config\Cache), false)
 4 SYSTEMPATH\Boot.php(325): CodeIgniter\CodeIgniter->run()
 5 SYSTEMPATH\Boot.php(67): CodeIgniter\Boot::runCodeIgniter(Object(CodeIgniter\CodeIgniter))
 6 FCPATH\index.php(56): CodeIgniter\Boot::bootWeb(Object(Config\Paths))
WARNING - 2025-10-14 15:01:01 --> [DEPRECATED] Creation of dynamic property App\Controllers\ProformaInvoiceController::$userValidation is deprecated in APPPATH\Controllers\ProformaInvoiceController.php on line 27.
 1 SYSTEMPATH\CodeIgniter.php(903): App\Controllers\ProformaInvoiceController->__construct()
 2 SYSTEMPATH\CodeIgniter.php(500): CodeIgniter\CodeIgniter->createController()
 3 SYSTEMPATH\CodeIgniter.php(355): CodeIgniter\CodeIgniter->handleRequest(null, Object(Config\Cache), false)
 4 SYSTEMPATH\Boot.php(325): CodeIgniter\CodeIgniter->run()
 5 SYSTEMPATH\Boot.php(67): CodeIgniter\Boot::runCodeIgniter(Object(CodeIgniter\CodeIgniter))
 6 FCPATH\index.php(56): CodeIgniter\Boot::bootWeb(Object(Config\Paths))
WARNING - 2025-10-14 15:01:01 --> [DEPRECATED] Creation of dynamic property App\Controllers\ProformaInvoiceController::$proformaInvoiceDetailModel is deprecated in APPPATH\Controllers\ProformaInvoiceController.php on line 35.
 1 SYSTEMPATH\CodeIgniter.php(903): App\Controllers\ProformaInvoiceController->__construct()
 2 SYSTEMPATH\CodeIgniter.php(500): CodeIgniter\CodeIgniter->createController()
 3 SYSTEMPATH\CodeIgniter.php(355): CodeIgniter\CodeIgniter->handleRequest(null, Object(Config\Cache), false)
 4 SYSTEMPATH\Boot.php(325): CodeIgniter\CodeIgniter->run()
 5 SYSTEMPATH\Boot.php(67): CodeIgniter\Boot::runCodeIgniter(Object(CodeIgniter\CodeIgniter))
 6 FCPATH\index.php(56): CodeIgniter\Boot::bootWeb(Object(Config\Paths))
INFO - 2025-10-14 15:02:02 --> Session: Class initialized using 'CodeIgniter\Session\Handlers\FileHandler' driver.
WARNING - 2025-10-14 15:02:25 --> [DEPRECATED] Creation of dynamic property App\Controllers\ReportController::$db is deprecated in APPPATH\Controllers\ReportController.php on line 15.
 1 SYSTEMPATH\CodeIgniter.php(903): App\Controllers\ReportController->__construct()
 2 SYSTEMPATH\CodeIgniter.php(500): CodeIgniter\CodeIgniter->createController()
 3 SYSTEMPATH\CodeIgniter.php(355): CodeIgniter\CodeIgniter->handleRequest(null, Object(Config\Cache), false)
 4 SYSTEMPATH\Boot.php(325): CodeIgniter\CodeIgniter->run()
 5 SYSTEMPATH\Boot.php(67): CodeIgniter\Boot::runCodeIgniter(Object(CodeIgniter\CodeIgniter))
 6 FCPATH\index.php(56): CodeIgniter\Boot::bootWeb(Object(Config\Paths))
WARNING - 2025-10-14 15:02:25 --> [DEPRECATED] Creation of dynamic property App\Controllers\ReportController::$session is deprecated in APPPATH\Controllers\ReportController.php on line 16.
 1 SYSTEMPATH\CodeIgniter.php(903): App\Controllers\ReportController->__construct()
 2 SYSTEMPATH\CodeIgniter.php(500): CodeIgniter\CodeIgniter->createController()
 3 SYSTEMPATH\CodeIgniter.php(355): CodeIgniter\CodeIgniter->handleRequest(null, Object(Config\Cache), false)
 4 SYSTEMPATH\Boot.php(325): CodeIgniter\CodeIgniter->run()
 5 SYSTEMPATH\Boot.php(67): CodeIgniter\Boot::runCodeIgniter(Object(CodeIgniter\CodeIgniter))
 6 FCPATH\index.php(56): CodeIgniter\Boot::bootWeb(Object(Config\Paths))
WARNING - 2025-10-14 15:02:25 --> [DEPRECATED] Creation of dynamic property App\Controllers\ReportController::$form_validation is deprecated in APPPATH\Controllers\ReportController.php on line 18.
 1 SYSTEMPATH\CodeIgniter.php(903): App\Controllers\ReportController->__construct()
 2 SYSTEMPATH\CodeIgniter.php(500): CodeIgniter\CodeIgniter->createController()
 3 SYSTEMPATH\CodeIgniter.php(355): CodeIgniter\CodeIgniter->handleRequest(null, Object(Config\Cache), false)
 4 SYSTEMPATH\Boot.php(325): CodeIgniter\CodeIgniter->run()
 5 SYSTEMPATH\Boot.php(67): CodeIgniter\Boot::runCodeIgniter(Object(CodeIgniter\CodeIgniter))
 6 FCPATH\index.php(56): CodeIgniter\Boot::bootWeb(Object(Config\Paths))
INFO - 2025-10-14 15:04:40 --> Session: Class initialized using 'CodeIgniter\Session\Handlers\FileHandler' driver.
WARNING - 2025-10-14 15:04:40 --> [DEPRECATED] Creation of dynamic property App\Controllers\ReportController::$db is deprecated in APPPATH\Controllers\ReportController.php on line 15.
 1 SYSTEMPATH\CodeIgniter.php(903): App\Controllers\ReportController->__construct()
 2 SYSTEMPATH\CodeIgniter.php(500): CodeIgniter\CodeIgniter->createController()
 3 SYSTEMPATH\CodeIgniter.php(355): CodeIgniter\CodeIgniter->handleRequest(null, Object(Config\Cache), false)
 4 SYSTEMPATH\Boot.php(325): CodeIgniter\CodeIgniter->run()
 5 SYSTEMPATH\Boot.php(67): CodeIgniter\Boot::runCodeIgniter(Object(CodeIgniter\CodeIgniter))
 6 FCPATH\index.php(56): CodeIgniter\Boot::bootWeb(Object(Config\Paths))
WARNING - 2025-10-14 15:04:40 --> [DEPRECATED] Creation of dynamic property App\Controllers\ReportController::$session is deprecated in APPPATH\Controllers\ReportController.php on line 16.
 1 SYSTEMPATH\CodeIgniter.php(903): App\Controllers\ReportController->__construct()
 2 SYSTEMPATH\CodeIgniter.php(500): CodeIgniter\CodeIgniter->createController()
 3 SYSTEMPATH\CodeIgniter.php(355): CodeIgniter\CodeIgniter->handleRequest(null, Object(Config\Cache), false)
 4 SYSTEMPATH\Boot.php(325): CodeIgniter\CodeIgniter->run()
 5 SYSTEMPATH\Boot.php(67): CodeIgniter\Boot::runCodeIgniter(Object(CodeIgniter\CodeIgniter))
 6 FCPATH\index.php(56): CodeIgniter\Boot::bootWeb(Object(Config\Paths))
WARNING - 2025-10-14 15:04:40 --> [DEPRECATED] Creation of dynamic property App\Controllers\ReportController::$form_validation is deprecated in APPPATH\Controllers\ReportController.php on line 18.
 1 SYSTEMPATH\CodeIgniter.php(903): App\Controllers\ReportController->__construct()
 2 SYSTEMPATH\CodeIgniter.php(500): CodeIgniter\CodeIgniter->createController()
 3 SYSTEMPATH\CodeIgniter.php(355): CodeIgniter\CodeIgniter->handleRequest(null, Object(Config\Cache), false)
 4 SYSTEMPATH\Boot.php(325): CodeIgniter\CodeIgniter->run()
 5 SYSTEMPATH\Boot.php(67): CodeIgniter\Boot::runCodeIgniter(Object(CodeIgniter\CodeIgniter))
 6 FCPATH\index.php(56): CodeIgniter\Boot::bootWeb(Object(Config\Paths))
INFO - 2025-10-14 15:04:49 --> Session: Class initialized using 'CodeIgniter\Session\Handlers\FileHandler' driver.
WARNING - 2025-10-14 15:04:49 --> [DEPRECATED] Creation of dynamic property App\Controllers\ProductController::$db is deprecated in APPPATH\Controllers\ProductController.php on line 17.
 1 SYSTEMPATH\CodeIgniter.php(903): App\Controllers\ProductController->__construct()
 2 SYSTEMPATH\CodeIgniter.php(500): CodeIgniter\CodeIgniter->createController()
 3 SYSTEMPATH\CodeIgniter.php(355): CodeIgniter\CodeIgniter->handleRequest(null, Object(Config\Cache), false)
 4 SYSTEMPATH\Boot.php(325): CodeIgniter\CodeIgniter->run()
 5 SYSTEMPATH\Boot.php(67): CodeIgniter\Boot::runCodeIgniter(Object(CodeIgniter\CodeIgniter))
 6 FCPATH\index.php(56): CodeIgniter\Boot::bootWeb(Object(Config\Paths))
WARNING - 2025-10-14 15:04:49 --> [DEPRECATED] Creation of dynamic property App\Controllers\ProductController::$session is deprecated in APPPATH\Controllers\ProductController.php on line 18.
 1 SYSTEMPATH\CodeIgniter.php(903): App\Controllers\ProductController->__construct()
 2 SYSTEMPATH\CodeIgniter.php(500): CodeIgniter\CodeIgniter->createController()
 3 SYSTEMPATH\CodeIgniter.php(355): CodeIgniter\CodeIgniter->handleRequest(null, Object(Config\Cache), false)
 4 SYSTEMPATH\Boot.php(325): CodeIgniter\CodeIgniter->run()
 5 SYSTEMPATH\Boot.php(67): CodeIgniter\Boot::runCodeIgniter(Object(CodeIgniter\CodeIgniter))
 6 FCPATH\index.php(56): CodeIgniter\Boot::bootWeb(Object(Config\Paths))
WARNING - 2025-10-14 15:04:49 --> [DEPRECATED] Creation of dynamic property App\Controllers\ProductController::$uri is deprecated in APPPATH\Controllers\ProductController.php on line 19.
 1 SYSTEMPATH\CodeIgniter.php(903): App\Controllers\ProductController->__construct()
 2 SYSTEMPATH\CodeIgniter.php(500): CodeIgniter\CodeIgniter->createController()
 3 SYSTEMPATH\CodeIgniter.php(355): CodeIgniter\CodeIgniter->handleRequest(null, Object(Config\Cache), false)
 4 SYSTEMPATH\Boot.php(325): CodeIgniter\CodeIgniter->run()
 5 SYSTEMPATH\Boot.php(67): CodeIgniter\Boot::runCodeIgniter(Object(CodeIgniter\CodeIgniter))
 6 FCPATH\index.php(56): CodeIgniter\Boot::bootWeb(Object(Config\Paths))
WARNING - 2025-10-14 15:04:50 --> [DEPRECATED] Creation of dynamic property App\Controllers\ProductController::$form_validation is deprecated in APPPATH\Controllers\ProductController.php on line 21.
 1 SYSTEMPATH\CodeIgniter.php(903): App\Controllers\ProductController->__construct()
 2 SYSTEMPATH\CodeIgniter.php(500): CodeIgniter\CodeIgniter->createController()
 3 SYSTEMPATH\CodeIgniter.php(355): CodeIgniter\CodeIgniter->handleRequest(null, Object(Config\Cache), false)
 4 SYSTEMPATH\Boot.php(325): CodeIgniter\CodeIgniter->run()
 5 SYSTEMPATH\Boot.php(67): CodeIgniter\Boot::runCodeIgniter(Object(CodeIgniter\CodeIgniter))
 6 FCPATH\index.php(56): CodeIgniter\Boot::bootWeb(Object(Config\Paths))
WARNING - 2025-10-14 15:04:50 --> [DEPRECATED] Creation of dynamic property App\Controllers\ProductController::$userValidation is deprecated in APPPATH\Controllers\ProductController.php on line 22.
 1 SYSTEMPATH\CodeIgniter.php(903): App\Controllers\ProductController->__construct()
 2 SYSTEMPATH\CodeIgniter.php(500): CodeIgniter\CodeIgniter->createController()
 3 SYSTEMPATH\CodeIgniter.php(355): CodeIgniter\CodeIgniter->handleRequest(null, Object(Config\Cache), false)
 4 SYSTEMPATH\Boot.php(325): CodeIgniter\CodeIgniter->run()
 5 SYSTEMPATH\Boot.php(67): CodeIgniter\Boot::runCodeIgniter(Object(CodeIgniter\CodeIgniter))
 6 FCPATH\index.php(56): CodeIgniter\Boot::bootWeb(Object(Config\Paths))
INFO - 2025-10-14 15:04:50 --> Session: Class initialized using 'CodeIgniter\Session\Handlers\FileHandler' driver.
WARNING - 2025-10-14 15:04:50 --> [DEPRECATED] Creation of dynamic property App\Controllers\ProductionController::$db is deprecated in APPPATH\Controllers\ProductionController.php on line 14.
 1 SYSTEMPATH\CodeIgniter.php(903): App\Controllers\ProductionController->__construct()
 2 SYSTEMPATH\CodeIgniter.php(500): CodeIgniter\CodeIgniter->createController()
 3 SYSTEMPATH\CodeIgniter.php(355): CodeIgniter\CodeIgniter->handleRequest(null, Object(Config\Cache), false)
 4 SYSTEMPATH\Boot.php(325): CodeIgniter\CodeIgniter->run()
 5 SYSTEMPATH\Boot.php(67): CodeIgniter\Boot::runCodeIgniter(Object(CodeIgniter\CodeIgniter))
 6 FCPATH\index.php(56): CodeIgniter\Boot::bootWeb(Object(Config\Paths))
WARNING - 2025-10-14 15:04:50 --> [DEPRECATED] Creation of dynamic property App\Controllers\ProductionController::$session is deprecated in APPPATH\Controllers\ProductionController.php on line 15.
 1 SYSTEMPATH\CodeIgniter.php(903): App\Controllers\ProductionController->__construct()
 2 SYSTEMPATH\CodeIgniter.php(500): CodeIgniter\CodeIgniter->createController()
 3 SYSTEMPATH\CodeIgniter.php(355): CodeIgniter\CodeIgniter->handleRequest(null, Object(Config\Cache), false)
 4 SYSTEMPATH\Boot.php(325): CodeIgniter\CodeIgniter->run()
 5 SYSTEMPATH\Boot.php(67): CodeIgniter\Boot::runCodeIgniter(Object(CodeIgniter\CodeIgniter))
 6 FCPATH\index.php(56): CodeIgniter\Boot::bootWeb(Object(Config\Paths))
WARNING - 2025-10-14 15:04:50 --> [DEPRECATED] Creation of dynamic property App\Controllers\ProductionController::$uri is deprecated in APPPATH\Controllers\ProductionController.php on line 16.
 1 SYSTEMPATH\CodeIgniter.php(903): App\Controllers\ProductionController->__construct()
 2 SYSTEMPATH\CodeIgniter.php(500): CodeIgniter\CodeIgniter->createController()
 3 SYSTEMPATH\CodeIgniter.php(355): CodeIgniter\CodeIgniter->handleRequest(null, Object(Config\Cache), false)
 4 SYSTEMPATH\Boot.php(325): CodeIgniter\CodeIgniter->run()
 5 SYSTEMPATH\Boot.php(67): CodeIgniter\Boot::runCodeIgniter(Object(CodeIgniter\CodeIgniter))
 6 FCPATH\index.php(56): CodeIgniter\Boot::bootWeb(Object(Config\Paths))
WARNING - 2025-10-14 15:04:50 --> [DEPRECATED] Creation of dynamic property App\Controllers\ProductionController::$form_validation is deprecated in APPPATH\Controllers\ProductionController.php on line 18.
 1 SYSTEMPATH\CodeIgniter.php(903): App\Controllers\ProductionController->__construct()
 2 SYSTEMPATH\CodeIgniter.php(500): CodeIgniter\CodeIgniter->createController()
 3 SYSTEMPATH\CodeIgniter.php(355): CodeIgniter\CodeIgniter->handleRequest(null, Object(Config\Cache), false)
 4 SYSTEMPATH\Boot.php(325): CodeIgniter\CodeIgniter->run()
 5 SYSTEMPATH\Boot.php(67): CodeIgniter\Boot::runCodeIgniter(Object(CodeIgniter\CodeIgniter))
 6 FCPATH\index.php(56): CodeIgniter\Boot::bootWeb(Object(Config\Paths))
WARNING - 2025-10-14 15:04:50 --> [DEPRECATED] Creation of dynamic property App\Controllers\ProductionController::$userValidation is deprecated in APPPATH\Controllers\ProductionController.php on line 19.
 1 SYSTEMPATH\CodeIgniter.php(903): App\Controllers\ProductionController->__construct()
 2 SYSTEMPATH\CodeIgniter.php(500): CodeIgniter\CodeIgniter->createController()
 3 SYSTEMPATH\CodeIgniter.php(355): CodeIgniter\CodeIgniter->handleRequest(null, Object(Config\Cache), false)
 4 SYSTEMPATH\Boot.php(325): CodeIgniter\CodeIgniter->run()
 5 SYSTEMPATH\Boot.php(67): CodeIgniter\Boot::runCodeIgniter(Object(CodeIgniter\CodeIgniter))
 6 FCPATH\index.php(56): CodeIgniter\Boot::bootWeb(Object(Config\Paths))
INFO - 2025-10-14 15:13:02 --> Session: Class initialized using 'CodeIgniter\Session\Handlers\FileHandler' driver.
INFO - 2025-10-14 15:14:00 --> Session: Class initialized using 'CodeIgniter\Session\Handlers\FileHandler' driver.
WARNING - 2025-10-14 15:14:00 --> [DEPRECATED] number_format(): Passing null to parameter #1 ($num) of type float is deprecated in APPPATH\Views\admin\content\bc_export\index.php on line 47.
 1 APPPATH\Views\admin\content\bc_export\index.php(47): number_format(null, 2)
 2 SYSTEMPATH\View\View.php(234): include('C:\\Users\\Administrator\\Documents\\GitHub\\manufacturing-cnf\\app\\Views\\admin\\content\\bc_export\\index.php')
 3 SYSTEMPATH\View\View.php(237): CodeIgniter\View\View->CodeIgniter\View\{closure}()
 4 SYSTEMPATH\Common.php(1169): CodeIgniter\View\View->render('admin/content/bc_export/index', [], true)
 5 APPPATH\Controllers\BcExport.php(31): view('admin/content/bc_export/index', [...])
 6 SYSTEMPATH\CodeIgniter.php(933): App\Controllers\BcExport->index()
 7 SYSTEMPATH\CodeIgniter.php(509): CodeIgniter\CodeIgniter->runController(Object(App\Controllers\BcExport))
 8 SYSTEMPATH\CodeIgniter.php(355): CodeIgniter\CodeIgniter->handleRequest(null, Object(Config\Cache), false)
 9 SYSTEMPATH\Boot.php(325): CodeIgniter\CodeIgniter->run()
10 SYSTEMPATH\Boot.php(67): CodeIgniter\Boot::runCodeIgniter(Object(CodeIgniter\CodeIgniter))
11 FCPATH\index.php(56): CodeIgniter\Boot::bootWeb(Object(Config\Paths))
INFO - 2025-10-14 15:20:16 --> Session: Class initialized using 'CodeIgniter\Session\Handlers\FileHandler' driver.
WARNING - 2025-10-14 15:20:29 --> [DEPRECATED] Creation of dynamic property App\Controllers\WarehouseController::$db is deprecated in APPPATH\Controllers\WarehouseController.php on line 15.
 1 APPPATH\Controllers\Home.php(34): App\Controllers\WarehouseController->__construct()
 2 SYSTEMPATH\CodeIgniter.php(933): App\Controllers\Home->index()
 3 SYSTEMPATH\CodeIgniter.php(509): CodeIgniter\CodeIgniter->runController(Object(App\Controllers\Home))
 4 SYSTEMPATH\CodeIgniter.php(355): CodeIgniter\CodeIgniter->handleRequest(null, Object(Config\Cache), false)
 5 SYSTEMPATH\Boot.php(325): CodeIgniter\CodeIgniter->run()
 6 SYSTEMPATH\Boot.php(67): CodeIgniter\Boot::runCodeIgniter(Object(CodeIgniter\CodeIgniter))
 7 FCPATH\index.php(56): CodeIgniter\Boot::bootWeb(Object(Config\Paths))
WARNING - 2025-10-14 15:20:29 --> [DEPRECATED] Creation of dynamic property App\Controllers\WarehouseController::$session is deprecated in APPPATH\Controllers\WarehouseController.php on line 16.
 1 APPPATH\Controllers\Home.php(34): App\Controllers\WarehouseController->__construct()
 2 SYSTEMPATH\CodeIgniter.php(933): App\Controllers\Home->index()
 3 SYSTEMPATH\CodeIgniter.php(509): CodeIgniter\CodeIgniter->runController(Object(App\Controllers\Home))
 4 SYSTEMPATH\CodeIgniter.php(355): CodeIgniter\CodeIgniter->handleRequest(null, Object(Config\Cache), false)
 5 SYSTEMPATH\Boot.php(325): CodeIgniter\CodeIgniter->run()
 6 SYSTEMPATH\Boot.php(67): CodeIgniter\Boot::runCodeIgniter(Object(CodeIgniter\CodeIgniter))
 7 FCPATH\index.php(56): CodeIgniter\Boot::bootWeb(Object(Config\Paths))
WARNING - 2025-10-14 15:20:29 --> [DEPRECATED] Creation of dynamic property App\Controllers\WarehouseController::$uri is deprecated in APPPATH\Controllers\WarehouseController.php on line 17.
 1 APPPATH\Controllers\Home.php(34): App\Controllers\WarehouseController->__construct()
 2 SYSTEMPATH\CodeIgniter.php(933): App\Controllers\Home->index()
 3 SYSTEMPATH\CodeIgniter.php(509): CodeIgniter\CodeIgniter->runController(Object(App\Controllers\Home))
 4 SYSTEMPATH\CodeIgniter.php(355): CodeIgniter\CodeIgniter->handleRequest(null, Object(Config\Cache), false)
 5 SYSTEMPATH\Boot.php(325): CodeIgniter\CodeIgniter->run()
 6 SYSTEMPATH\Boot.php(67): CodeIgniter\Boot::runCodeIgniter(Object(CodeIgniter\CodeIgniter))
 7 FCPATH\index.php(56): CodeIgniter\Boot::bootWeb(Object(Config\Paths))
WARNING - 2025-10-14 15:20:29 --> [DEPRECATED] Creation of dynamic property App\Controllers\WarehouseController::$form_validation is deprecated in APPPATH\Controllers\WarehouseController.php on line 19.
 1 APPPATH\Controllers\Home.php(34): App\Controllers\WarehouseController->__construct()
 2 SYSTEMPATH\CodeIgniter.php(933): App\Controllers\Home->index()
 3 SYSTEMPATH\CodeIgniter.php(509): CodeIgniter\CodeIgniter->runController(Object(App\Controllers\Home))
 4 SYSTEMPATH\CodeIgniter.php(355): CodeIgniter\CodeIgniter->handleRequest(null, Object(Config\Cache), false)
 5 SYSTEMPATH\Boot.php(325): CodeIgniter\CodeIgniter->run()
 6 SYSTEMPATH\Boot.php(67): CodeIgniter\Boot::runCodeIgniter(Object(CodeIgniter\CodeIgniter))
 7 FCPATH\index.php(56): CodeIgniter\Boot::bootWeb(Object(Config\Paths))
WARNING - 2025-10-14 15:20:29 --> [DEPRECATED] Creation of dynamic property App\Controllers\WarehouseController::$userValidation is deprecated in APPPATH\Controllers\WarehouseController.php on line 20.
 1 APPPATH\Controllers\Home.php(34): App\Controllers\WarehouseController->__construct()
 2 SYSTEMPATH\CodeIgniter.php(933): App\Controllers\Home->index()
 3 SYSTEMPATH\CodeIgniter.php(509): CodeIgniter\CodeIgniter->runController(Object(App\Controllers\Home))
 4 SYSTEMPATH\CodeIgniter.php(355): CodeIgniter\CodeIgniter->handleRequest(null, Object(Config\Cache), false)
 5 SYSTEMPATH\Boot.php(325): CodeIgniter\CodeIgniter->run()
 6 SYSTEMPATH\Boot.php(67): CodeIgniter\Boot::runCodeIgniter(Object(CodeIgniter\CodeIgniter))
 7 FCPATH\index.php(56): CodeIgniter\Boot::bootWeb(Object(Config\Paths))
INFO - 2025-10-14 15:20:29 --> Session: Class initialized using 'CodeIgniter\Session\Handlers\FileHandler' driver.
WARNING - 2025-10-14 15:20:30 --> [DEPRECATED] Creation of dynamic property App\Controllers\ReportController::$db is deprecated in APPPATH\Controllers\ReportController.php on line 15.
 1 SYSTEMPATH\CodeIgniter.php(903): App\Controllers\ReportController->__construct()
 2 SYSTEMPATH\CodeIgniter.php(500): CodeIgniter\CodeIgniter->createController()
 3 SYSTEMPATH\CodeIgniter.php(355): CodeIgniter\CodeIgniter->handleRequest(null, Object(Config\Cache), false)
 4 SYSTEMPATH\Boot.php(325): CodeIgniter\CodeIgniter->run()
 5 SYSTEMPATH\Boot.php(67): CodeIgniter\Boot::runCodeIgniter(Object(CodeIgniter\CodeIgniter))
 6 FCPATH\index.php(56): CodeIgniter\Boot::bootWeb(Object(Config\Paths))
WARNING - 2025-10-14 15:20:30 --> [DEPRECATED] Creation of dynamic property App\Controllers\ReportController::$session is deprecated in APPPATH\Controllers\ReportController.php on line 16.
 1 SYSTEMPATH\CodeIgniter.php(903): App\Controllers\ReportController->__construct()
 2 SYSTEMPATH\CodeIgniter.php(500): CodeIgniter\CodeIgniter->createController()
 3 SYSTEMPATH\CodeIgniter.php(355): CodeIgniter\CodeIgniter->handleRequest(null, Object(Config\Cache), false)
 4 SYSTEMPATH\Boot.php(325): CodeIgniter\CodeIgniter->run()
 5 SYSTEMPATH\Boot.php(67): CodeIgniter\Boot::runCodeIgniter(Object(CodeIgniter\CodeIgniter))
 6 FCPATH\index.php(56): CodeIgniter\Boot::bootWeb(Object(Config\Paths))
WARNING - 2025-10-14 15:20:30 --> [DEPRECATED] Creation of dynamic property App\Controllers\ReportController::$form_validation is deprecated in APPPATH\Controllers\ReportController.php on line 18.
 1 SYSTEMPATH\CodeIgniter.php(903): App\Controllers\ReportController->__construct()
 2 SYSTEMPATH\CodeIgniter.php(500): CodeIgniter\CodeIgniter->createController()
 3 SYSTEMPATH\CodeIgniter.php(355): CodeIgniter\CodeIgniter->handleRequest(null, Object(Config\Cache), false)
 4 SYSTEMPATH\Boot.php(325): CodeIgniter\CodeIgniter->run()
 5 SYSTEMPATH\Boot.php(67): CodeIgniter\Boot::runCodeIgniter(Object(CodeIgniter\CodeIgniter))
 6 FCPATH\index.php(56): CodeIgniter\Boot::bootWeb(Object(Config\Paths))
INFO - 2025-10-14 15:20:45 --> Session: Class initialized using 'CodeIgniter\Session\Handlers\FileHandler' driver.
WARNING - 2025-10-14 15:20:45 --> [DEPRECATED] Creation of dynamic property App\Controllers\ReportController::$db is deprecated in APPPATH\Controllers\ReportController.php on line 15.
 1 SYSTEMPATH\CodeIgniter.php(903): App\Controllers\ReportController->__construct()
 2 SYSTEMPATH\CodeIgniter.php(500): CodeIgniter\CodeIgniter->createController()
 3 SYSTEMPATH\CodeIgniter.php(355): CodeIgniter\CodeIgniter->handleRequest(null, Object(Config\Cache), false)
 4 SYSTEMPATH\Boot.php(325): CodeIgniter\CodeIgniter->run()
 5 SYSTEMPATH\Boot.php(67): CodeIgniter\Boot::runCodeIgniter(Object(CodeIgniter\CodeIgniter))
 6 FCPATH\index.php(56): CodeIgniter\Boot::bootWeb(Object(Config\Paths))
WARNING - 2025-10-14 15:20:45 --> [DEPRECATED] Creation of dynamic property App\Controllers\ReportController::$session is deprecated in APPPATH\Controllers\ReportController.php on line 16.
 1 SYSTEMPATH\CodeIgniter.php(903): App\Controllers\ReportController->__construct()
 2 SYSTEMPATH\CodeIgniter.php(500): CodeIgniter\CodeIgniter->createController()
 3 SYSTEMPATH\CodeIgniter.php(355): CodeIgniter\CodeIgniter->handleRequest(null, Object(Config\Cache), false)
 4 SYSTEMPATH\Boot.php(325): CodeIgniter\CodeIgniter->run()
 5 SYSTEMPATH\Boot.php(67): CodeIgniter\Boot::runCodeIgniter(Object(CodeIgniter\CodeIgniter))
 6 FCPATH\index.php(56): CodeIgniter\Boot::bootWeb(Object(Config\Paths))
WARNING - 2025-10-14 15:20:45 --> [DEPRECATED] Creation of dynamic property App\Controllers\ReportController::$form_validation is deprecated in APPPATH\Controllers\ReportController.php on line 18.
 1 SYSTEMPATH\CodeIgniter.php(903): App\Controllers\ReportController->__construct()
 2 SYSTEMPATH\CodeIgniter.php(500): CodeIgniter\CodeIgniter->createController()
 3 SYSTEMPATH\CodeIgniter.php(355): CodeIgniter\CodeIgniter->handleRequest(null, Object(Config\Cache), false)
 4 SYSTEMPATH\Boot.php(325): CodeIgniter\CodeIgniter->run()
 5 SYSTEMPATH\Boot.php(67): CodeIgniter\Boot::runCodeIgniter(Object(CodeIgniter\CodeIgniter))
 6 FCPATH\index.php(56): CodeIgniter\Boot::bootWeb(Object(Config\Paths))
