INFO - 2025-08-05 11:31:55 --> Session: Class initialized using 'CodeIgniter\Session\Handlers\FileHandler' driver.
INFO - 2025-08-05 11:32:00 --> Session: Class initialized using 'CodeIgniter\Session\Handlers\FileHandler' driver.
INFO - 2025-08-05 11:32:01 --> Session: Class initialized using 'CodeIgniter\Session\Handlers\FileHandler' driver.
WARNING - 2025-08-05 11:32:01 --> [DEPRECATED] Creation of dynamic property App\Controllers\WarehouseController::$db is deprecated in APPPATH\Controllers\WarehouseController.php on line 15.
 1 APPPATH\Controllers\Home.php(34): App\Controllers\WarehouseController->__construct()
 2 SYSTEMPATH\CodeIgniter.php(933): App\Controllers\Home->index()
 3 SYSTEMPATH\CodeIgniter.php(509): CodeIgniter\CodeIgniter->runController(Object(App\Controllers\Home))
 4 SYSTEMPATH\CodeIgniter.php(355): CodeIgniter\CodeIgniter->handleRequest(null, Object(Config\Cache), false)
 5 SYSTEMPATH\Boot.php(325): CodeIgniter\CodeIgniter->run()
 6 SYSTEMPATH\Boot.php(67): CodeIgniter\Boot::runCodeIgniter(Object(CodeIgniter\CodeIgniter))
 7 FCPATH\index.php(56): CodeIgniter\Boot::bootWeb(Object(Config\Paths))
WARNING - 2025-08-05 11:32:01 --> [DEPRECATED] Creation of dynamic property App\Controllers\WarehouseController::$session is deprecated in APPPATH\Controllers\WarehouseController.php on line 16.
 1 APPPATH\Controllers\Home.php(34): App\Controllers\WarehouseController->__construct()
 2 SYSTEMPATH\CodeIgniter.php(933): App\Controllers\Home->index()
 3 SYSTEMPATH\CodeIgniter.php(509): CodeIgniter\CodeIgniter->runController(Object(App\Controllers\Home))
 4 SYSTEMPATH\CodeIgniter.php(355): CodeIgniter\CodeIgniter->handleRequest(null, Object(Config\Cache), false)
 5 SYSTEMPATH\Boot.php(325): CodeIgniter\CodeIgniter->run()
 6 SYSTEMPATH\Boot.php(67): CodeIgniter\Boot::runCodeIgniter(Object(CodeIgniter\CodeIgniter))
 7 FCPATH\index.php(56): CodeIgniter\Boot::bootWeb(Object(Config\Paths))
WARNING - 2025-08-05 11:32:01 --> [DEPRECATED] Creation of dynamic property App\Controllers\WarehouseController::$uri is deprecated in APPPATH\Controllers\WarehouseController.php on line 17.
 1 APPPATH\Controllers\Home.php(34): App\Controllers\WarehouseController->__construct()
 2 SYSTEMPATH\CodeIgniter.php(933): App\Controllers\Home->index()
 3 SYSTEMPATH\CodeIgniter.php(509): CodeIgniter\CodeIgniter->runController(Object(App\Controllers\Home))
 4 SYSTEMPATH\CodeIgniter.php(355): CodeIgniter\CodeIgniter->handleRequest(null, Object(Config\Cache), false)
 5 SYSTEMPATH\Boot.php(325): CodeIgniter\CodeIgniter->run()
 6 SYSTEMPATH\Boot.php(67): CodeIgniter\Boot::runCodeIgniter(Object(CodeIgniter\CodeIgniter))
 7 FCPATH\index.php(56): CodeIgniter\Boot::bootWeb(Object(Config\Paths))
WARNING - 2025-08-05 11:32:01 --> [DEPRECATED] Creation of dynamic property App\Controllers\WarehouseController::$form_validation is deprecated in APPPATH\Controllers\WarehouseController.php on line 19.
 1 APPPATH\Controllers\Home.php(34): App\Controllers\WarehouseController->__construct()
 2 SYSTEMPATH\CodeIgniter.php(933): App\Controllers\Home->index()
 3 SYSTEMPATH\CodeIgniter.php(509): CodeIgniter\CodeIgniter->runController(Object(App\Controllers\Home))
 4 SYSTEMPATH\CodeIgniter.php(355): CodeIgniter\CodeIgniter->handleRequest(null, Object(Config\Cache), false)
 5 SYSTEMPATH\Boot.php(325): CodeIgniter\CodeIgniter->run()
 6 SYSTEMPATH\Boot.php(67): CodeIgniter\Boot::runCodeIgniter(Object(CodeIgniter\CodeIgniter))
 7 FCPATH\index.php(56): CodeIgniter\Boot::bootWeb(Object(Config\Paths))
WARNING - 2025-08-05 11:32:01 --> [DEPRECATED] Creation of dynamic property App\Controllers\WarehouseController::$userValidation is deprecated in APPPATH\Controllers\WarehouseController.php on line 20.
 1 APPPATH\Controllers\Home.php(34): App\Controllers\WarehouseController->__construct()
 2 SYSTEMPATH\CodeIgniter.php(933): App\Controllers\Home->index()
 3 SYSTEMPATH\CodeIgniter.php(509): CodeIgniter\CodeIgniter->runController(Object(App\Controllers\Home))
 4 SYSTEMPATH\CodeIgniter.php(355): CodeIgniter\CodeIgniter->handleRequest(null, Object(Config\Cache), false)
 5 SYSTEMPATH\Boot.php(325): CodeIgniter\CodeIgniter->run()
 6 SYSTEMPATH\Boot.php(67): CodeIgniter\Boot::runCodeIgniter(Object(CodeIgniter\CodeIgniter))
 7 FCPATH\index.php(56): CodeIgniter\Boot::bootWeb(Object(Config\Paths))
INFO - 2025-08-05 11:32:01 --> Session: Class initialized using 'CodeIgniter\Session\Handlers\FileHandler' driver.
WARNING - 2025-08-05 11:32:01 --> [DEPRECATED] Creation of dynamic property App\Controllers\DashboardController::$db is deprecated in APPPATH\Controllers\DashboardController.php on line 14.
 1 SYSTEMPATH\CodeIgniter.php(903): App\Controllers\DashboardController->__construct()
 2 SYSTEMPATH\CodeIgniter.php(500): CodeIgniter\CodeIgniter->createController()
 3 SYSTEMPATH\CodeIgniter.php(355): CodeIgniter\CodeIgniter->handleRequest(null, Object(Config\Cache), false)
 4 SYSTEMPATH\Boot.php(325): CodeIgniter\CodeIgniter->run()
 5 SYSTEMPATH\Boot.php(67): CodeIgniter\Boot::runCodeIgniter(Object(CodeIgniter\CodeIgniter))
 6 FCPATH\index.php(56): CodeIgniter\Boot::bootWeb(Object(Config\Paths))
WARNING - 2025-08-05 11:32:01 --> [DEPRECATED] Creation of dynamic property App\Controllers\DashboardController::$session is deprecated in APPPATH\Controllers\DashboardController.php on line 15.
 1 SYSTEMPATH\CodeIgniter.php(903): App\Controllers\DashboardController->__construct()
 2 SYSTEMPATH\CodeIgniter.php(500): CodeIgniter\CodeIgniter->createController()
 3 SYSTEMPATH\CodeIgniter.php(355): CodeIgniter\CodeIgniter->handleRequest(null, Object(Config\Cache), false)
 4 SYSTEMPATH\Boot.php(325): CodeIgniter\CodeIgniter->run()
 5 SYSTEMPATH\Boot.php(67): CodeIgniter\Boot::runCodeIgniter(Object(CodeIgniter\CodeIgniter))
 6 FCPATH\index.php(56): CodeIgniter\Boot::bootWeb(Object(Config\Paths))
WARNING - 2025-08-05 11:32:01 --> [DEPRECATED] Creation of dynamic property App\Controllers\DashboardController::$uri is deprecated in APPPATH\Controllers\DashboardController.php on line 16.
 1 SYSTEMPATH\CodeIgniter.php(903): App\Controllers\DashboardController->__construct()
 2 SYSTEMPATH\CodeIgniter.php(500): CodeIgniter\CodeIgniter->createController()
 3 SYSTEMPATH\CodeIgniter.php(355): CodeIgniter\CodeIgniter->handleRequest(null, Object(Config\Cache), false)
 4 SYSTEMPATH\Boot.php(325): CodeIgniter\CodeIgniter->run()
 5 SYSTEMPATH\Boot.php(67): CodeIgniter\Boot::runCodeIgniter(Object(CodeIgniter\CodeIgniter))
 6 FCPATH\index.php(56): CodeIgniter\Boot::bootWeb(Object(Config\Paths))
WARNING - 2025-08-05 11:32:01 --> [DEPRECATED] Creation of dynamic property App\Controllers\DashboardController::$form_validation is deprecated in APPPATH\Controllers\DashboardController.php on line 18.
 1 SYSTEMPATH\CodeIgniter.php(903): App\Controllers\DashboardController->__construct()
 2 SYSTEMPATH\CodeIgniter.php(500): CodeIgniter\CodeIgniter->createController()
 3 SYSTEMPATH\CodeIgniter.php(355): CodeIgniter\CodeIgniter->handleRequest(null, Object(Config\Cache), false)
 4 SYSTEMPATH\Boot.php(325): CodeIgniter\CodeIgniter->run()
 5 SYSTEMPATH\Boot.php(67): CodeIgniter\Boot::runCodeIgniter(Object(CodeIgniter\CodeIgniter))
 6 FCPATH\index.php(56): CodeIgniter\Boot::bootWeb(Object(Config\Paths))
WARNING - 2025-08-05 11:32:01 --> [DEPRECATED] Creation of dynamic property App\Controllers\DashboardController::$userValidation is deprecated in APPPATH\Controllers\DashboardController.php on line 19.
 1 SYSTEMPATH\CodeIgniter.php(903): App\Controllers\DashboardController->__construct()
 2 SYSTEMPATH\CodeIgniter.php(500): CodeIgniter\CodeIgniter->createController()
 3 SYSTEMPATH\CodeIgniter.php(355): CodeIgniter\CodeIgniter->handleRequest(null, Object(Config\Cache), false)
 4 SYSTEMPATH\Boot.php(325): CodeIgniter\CodeIgniter->run()
 5 SYSTEMPATH\Boot.php(67): CodeIgniter\Boot::runCodeIgniter(Object(CodeIgniter\CodeIgniter))
 6 FCPATH\index.php(56): CodeIgniter\Boot::bootWeb(Object(Config\Paths))
INFO - 2025-08-05 11:32:02 --> Session: Class initialized using 'CodeIgniter\Session\Handlers\FileHandler' driver.
WARNING - 2025-08-05 11:32:02 --> [DEPRECATED] Creation of dynamic property App\Controllers\DashboardController::$db is deprecated in APPPATH\Controllers\DashboardController.php on line 14.
 1 SYSTEMPATH\CodeIgniter.php(903): App\Controllers\DashboardController->__construct()
 2 SYSTEMPATH\CodeIgniter.php(500): CodeIgniter\CodeIgniter->createController()
 3 SYSTEMPATH\CodeIgniter.php(355): CodeIgniter\CodeIgniter->handleRequest(null, Object(Config\Cache), false)
 4 SYSTEMPATH\Boot.php(325): CodeIgniter\CodeIgniter->run()
 5 SYSTEMPATH\Boot.php(67): CodeIgniter\Boot::runCodeIgniter(Object(CodeIgniter\CodeIgniter))
 6 FCPATH\index.php(56): CodeIgniter\Boot::bootWeb(Object(Config\Paths))
WARNING - 2025-08-05 11:32:02 --> [DEPRECATED] Creation of dynamic property App\Controllers\DashboardController::$session is deprecated in APPPATH\Controllers\DashboardController.php on line 15.
 1 SYSTEMPATH\CodeIgniter.php(903): App\Controllers\DashboardController->__construct()
 2 SYSTEMPATH\CodeIgniter.php(500): CodeIgniter\CodeIgniter->createController()
 3 SYSTEMPATH\CodeIgniter.php(355): CodeIgniter\CodeIgniter->handleRequest(null, Object(Config\Cache), false)
 4 SYSTEMPATH\Boot.php(325): CodeIgniter\CodeIgniter->run()
 5 SYSTEMPATH\Boot.php(67): CodeIgniter\Boot::runCodeIgniter(Object(CodeIgniter\CodeIgniter))
 6 FCPATH\index.php(56): CodeIgniter\Boot::bootWeb(Object(Config\Paths))
WARNING - 2025-08-05 11:32:02 --> [DEPRECATED] Creation of dynamic property App\Controllers\DashboardController::$uri is deprecated in APPPATH\Controllers\DashboardController.php on line 16.
 1 SYSTEMPATH\CodeIgniter.php(903): App\Controllers\DashboardController->__construct()
 2 SYSTEMPATH\CodeIgniter.php(500): CodeIgniter\CodeIgniter->createController()
 3 SYSTEMPATH\CodeIgniter.php(355): CodeIgniter\CodeIgniter->handleRequest(null, Object(Config\Cache), false)
 4 SYSTEMPATH\Boot.php(325): CodeIgniter\CodeIgniter->run()
 5 SYSTEMPATH\Boot.php(67): CodeIgniter\Boot::runCodeIgniter(Object(CodeIgniter\CodeIgniter))
 6 FCPATH\index.php(56): CodeIgniter\Boot::bootWeb(Object(Config\Paths))
WARNING - 2025-08-05 11:32:02 --> [DEPRECATED] Creation of dynamic property App\Controllers\DashboardController::$form_validation is deprecated in APPPATH\Controllers\DashboardController.php on line 18.
 1 SYSTEMPATH\CodeIgniter.php(903): App\Controllers\DashboardController->__construct()
 2 SYSTEMPATH\CodeIgniter.php(500): CodeIgniter\CodeIgniter->createController()
 3 SYSTEMPATH\CodeIgniter.php(355): CodeIgniter\CodeIgniter->handleRequest(null, Object(Config\Cache), false)
 4 SYSTEMPATH\Boot.php(325): CodeIgniter\CodeIgniter->run()
 5 SYSTEMPATH\Boot.php(67): CodeIgniter\Boot::runCodeIgniter(Object(CodeIgniter\CodeIgniter))
 6 FCPATH\index.php(56): CodeIgniter\Boot::bootWeb(Object(Config\Paths))
WARNING - 2025-08-05 11:32:02 --> [DEPRECATED] Creation of dynamic property App\Controllers\DashboardController::$userValidation is deprecated in APPPATH\Controllers\DashboardController.php on line 19.
 1 SYSTEMPATH\CodeIgniter.php(903): App\Controllers\DashboardController->__construct()
 2 SYSTEMPATH\CodeIgniter.php(500): CodeIgniter\CodeIgniter->createController()
 3 SYSTEMPATH\CodeIgniter.php(355): CodeIgniter\CodeIgniter->handleRequest(null, Object(Config\Cache), false)
 4 SYSTEMPATH\Boot.php(325): CodeIgniter\CodeIgniter->run()
 5 SYSTEMPATH\Boot.php(67): CodeIgniter\Boot::runCodeIgniter(Object(CodeIgniter\CodeIgniter))
 6 FCPATH\index.php(56): CodeIgniter\Boot::bootWeb(Object(Config\Paths))
INFO - 2025-08-05 11:32:02 --> Session: Class initialized using 'CodeIgniter\Session\Handlers\FileHandler' driver.
WARNING - 2025-08-05 11:32:02 --> [DEPRECATED] Creation of dynamic property App\Controllers\DashboardController::$db is deprecated in APPPATH\Controllers\DashboardController.php on line 14.
 1 SYSTEMPATH\CodeIgniter.php(903): App\Controllers\DashboardController->__construct()
 2 SYSTEMPATH\CodeIgniter.php(500): CodeIgniter\CodeIgniter->createController()
 3 SYSTEMPATH\CodeIgniter.php(355): CodeIgniter\CodeIgniter->handleRequest(null, Object(Config\Cache), false)
 4 SYSTEMPATH\Boot.php(325): CodeIgniter\CodeIgniter->run()
 5 SYSTEMPATH\Boot.php(67): CodeIgniter\Boot::runCodeIgniter(Object(CodeIgniter\CodeIgniter))
 6 FCPATH\index.php(56): CodeIgniter\Boot::bootWeb(Object(Config\Paths))
WARNING - 2025-08-05 11:32:02 --> [DEPRECATED] Creation of dynamic property App\Controllers\DashboardController::$session is deprecated in APPPATH\Controllers\DashboardController.php on line 15.
 1 SYSTEMPATH\CodeIgniter.php(903): App\Controllers\DashboardController->__construct()
 2 SYSTEMPATH\CodeIgniter.php(500): CodeIgniter\CodeIgniter->createController()
 3 SYSTEMPATH\CodeIgniter.php(355): CodeIgniter\CodeIgniter->handleRequest(null, Object(Config\Cache), false)
 4 SYSTEMPATH\Boot.php(325): CodeIgniter\CodeIgniter->run()
 5 SYSTEMPATH\Boot.php(67): CodeIgniter\Boot::runCodeIgniter(Object(CodeIgniter\CodeIgniter))
 6 FCPATH\index.php(56): CodeIgniter\Boot::bootWeb(Object(Config\Paths))
WARNING - 2025-08-05 11:32:02 --> [DEPRECATED] Creation of dynamic property App\Controllers\DashboardController::$uri is deprecated in APPPATH\Controllers\DashboardController.php on line 16.
 1 SYSTEMPATH\CodeIgniter.php(903): App\Controllers\DashboardController->__construct()
 2 SYSTEMPATH\CodeIgniter.php(500): CodeIgniter\CodeIgniter->createController()
 3 SYSTEMPATH\CodeIgniter.php(355): CodeIgniter\CodeIgniter->handleRequest(null, Object(Config\Cache), false)
 4 SYSTEMPATH\Boot.php(325): CodeIgniter\CodeIgniter->run()
 5 SYSTEMPATH\Boot.php(67): CodeIgniter\Boot::runCodeIgniter(Object(CodeIgniter\CodeIgniter))
 6 FCPATH\index.php(56): CodeIgniter\Boot::bootWeb(Object(Config\Paths))
WARNING - 2025-08-05 11:32:02 --> [DEPRECATED] Creation of dynamic property App\Controllers\DashboardController::$form_validation is deprecated in APPPATH\Controllers\DashboardController.php on line 18.
 1 SYSTEMPATH\CodeIgniter.php(903): App\Controllers\DashboardController->__construct()
 2 SYSTEMPATH\CodeIgniter.php(500): CodeIgniter\CodeIgniter->createController()
 3 SYSTEMPATH\CodeIgniter.php(355): CodeIgniter\CodeIgniter->handleRequest(null, Object(Config\Cache), false)
 4 SYSTEMPATH\Boot.php(325): CodeIgniter\CodeIgniter->run()
 5 SYSTEMPATH\Boot.php(67): CodeIgniter\Boot::runCodeIgniter(Object(CodeIgniter\CodeIgniter))
 6 FCPATH\index.php(56): CodeIgniter\Boot::bootWeb(Object(Config\Paths))
WARNING - 2025-08-05 11:32:02 --> [DEPRECATED] Creation of dynamic property App\Controllers\DashboardController::$userValidation is deprecated in APPPATH\Controllers\DashboardController.php on line 19.
 1 SYSTEMPATH\CodeIgniter.php(903): App\Controllers\DashboardController->__construct()
 2 SYSTEMPATH\CodeIgniter.php(500): CodeIgniter\CodeIgniter->createController()
 3 SYSTEMPATH\CodeIgniter.php(355): CodeIgniter\CodeIgniter->handleRequest(null, Object(Config\Cache), false)
 4 SYSTEMPATH\Boot.php(325): CodeIgniter\CodeIgniter->run()
 5 SYSTEMPATH\Boot.php(67): CodeIgniter\Boot::runCodeIgniter(Object(CodeIgniter\CodeIgniter))
 6 FCPATH\index.php(56): CodeIgniter\Boot::bootWeb(Object(Config\Paths))
INFO - 2025-08-05 11:32:12 --> Session: Class initialized using 'CodeIgniter\Session\Handlers\FileHandler' driver.
INFO - 2025-08-05 11:32:12 --> Session: Class initialized using 'CodeIgniter\Session\Handlers\FileHandler' driver.
WARNING - 2025-08-05 11:32:12 --> [DEPRECATED] Creation of dynamic property App\Controllers\MaterialController::$db is deprecated in APPPATH\Controllers\MaterialController.php on line 15.
 1 SYSTEMPATH\CodeIgniter.php(903): App\Controllers\MaterialController->__construct()
 2 SYSTEMPATH\CodeIgniter.php(500): CodeIgniter\CodeIgniter->createController()
 3 SYSTEMPATH\CodeIgniter.php(355): CodeIgniter\CodeIgniter->handleRequest(null, Object(Config\Cache), false)
 4 SYSTEMPATH\Boot.php(325): CodeIgniter\CodeIgniter->run()
 5 SYSTEMPATH\Boot.php(67): CodeIgniter\Boot::runCodeIgniter(Object(CodeIgniter\CodeIgniter))
 6 FCPATH\index.php(56): CodeIgniter\Boot::bootWeb(Object(Config\Paths))
WARNING - 2025-08-05 11:32:12 --> [DEPRECATED] Creation of dynamic property App\Controllers\MaterialController::$session is deprecated in APPPATH\Controllers\MaterialController.php on line 16.
 1 SYSTEMPATH\CodeIgniter.php(903): App\Controllers\MaterialController->__construct()
 2 SYSTEMPATH\CodeIgniter.php(500): CodeIgniter\CodeIgniter->createController()
 3 SYSTEMPATH\CodeIgniter.php(355): CodeIgniter\CodeIgniter->handleRequest(null, Object(Config\Cache), false)
 4 SYSTEMPATH\Boot.php(325): CodeIgniter\CodeIgniter->run()
 5 SYSTEMPATH\Boot.php(67): CodeIgniter\Boot::runCodeIgniter(Object(CodeIgniter\CodeIgniter))
 6 FCPATH\index.php(56): CodeIgniter\Boot::bootWeb(Object(Config\Paths))
WARNING - 2025-08-05 11:32:12 --> [DEPRECATED] Creation of dynamic property App\Controllers\MaterialController::$uri is deprecated in APPPATH\Controllers\MaterialController.php on line 17.
 1 SYSTEMPATH\CodeIgniter.php(903): App\Controllers\MaterialController->__construct()
 2 SYSTEMPATH\CodeIgniter.php(500): CodeIgniter\CodeIgniter->createController()
 3 SYSTEMPATH\CodeIgniter.php(355): CodeIgniter\CodeIgniter->handleRequest(null, Object(Config\Cache), false)
 4 SYSTEMPATH\Boot.php(325): CodeIgniter\CodeIgniter->run()
 5 SYSTEMPATH\Boot.php(67): CodeIgniter\Boot::runCodeIgniter(Object(CodeIgniter\CodeIgniter))
 6 FCPATH\index.php(56): CodeIgniter\Boot::bootWeb(Object(Config\Paths))
WARNING - 2025-08-05 11:32:12 --> [DEPRECATED] Creation of dynamic property App\Controllers\MaterialController::$form_validation is deprecated in APPPATH\Controllers\MaterialController.php on line 19.
 1 SYSTEMPATH\CodeIgniter.php(903): App\Controllers\MaterialController->__construct()
 2 SYSTEMPATH\CodeIgniter.php(500): CodeIgniter\CodeIgniter->createController()
 3 SYSTEMPATH\CodeIgniter.php(355): CodeIgniter\CodeIgniter->handleRequest(null, Object(Config\Cache), false)
 4 SYSTEMPATH\Boot.php(325): CodeIgniter\CodeIgniter->run()
 5 SYSTEMPATH\Boot.php(67): CodeIgniter\Boot::runCodeIgniter(Object(CodeIgniter\CodeIgniter))
 6 FCPATH\index.php(56): CodeIgniter\Boot::bootWeb(Object(Config\Paths))
WARNING - 2025-08-05 11:32:12 --> [DEPRECATED] Creation of dynamic property App\Controllers\MaterialController::$userValidation is deprecated in APPPATH\Controllers\MaterialController.php on line 20.
 1 SYSTEMPATH\CodeIgniter.php(903): App\Controllers\MaterialController->__construct()
 2 SYSTEMPATH\CodeIgniter.php(500): CodeIgniter\CodeIgniter->createController()
 3 SYSTEMPATH\CodeIgniter.php(355): CodeIgniter\CodeIgniter->handleRequest(null, Object(Config\Cache), false)
 4 SYSTEMPATH\Boot.php(325): CodeIgniter\CodeIgniter->run()
 5 SYSTEMPATH\Boot.php(67): CodeIgniter\Boot::runCodeIgniter(Object(CodeIgniter\CodeIgniter))
 6 FCPATH\index.php(56): CodeIgniter\Boot::bootWeb(Object(Config\Paths))
INFO - 2025-08-05 11:32:13 --> Session: Class initialized using 'CodeIgniter\Session\Handlers\FileHandler' driver.
WARNING - 2025-08-05 11:32:13 --> [DEPRECATED] Creation of dynamic property App\Controllers\MaterialController::$db is deprecated in APPPATH\Controllers\MaterialController.php on line 15.
 1 SYSTEMPATH\CodeIgniter.php(903): App\Controllers\MaterialController->__construct()
 2 SYSTEMPATH\CodeIgniter.php(500): CodeIgniter\CodeIgniter->createController()
 3 SYSTEMPATH\CodeIgniter.php(355): CodeIgniter\CodeIgniter->handleRequest(null, Object(Config\Cache), false)
 4 SYSTEMPATH\Boot.php(325): CodeIgniter\CodeIgniter->run()
 5 SYSTEMPATH\Boot.php(67): CodeIgniter\Boot::runCodeIgniter(Object(CodeIgniter\CodeIgniter))
 6 FCPATH\index.php(56): CodeIgniter\Boot::bootWeb(Object(Config\Paths))
WARNING - 2025-08-05 11:32:13 --> [DEPRECATED] Creation of dynamic property App\Controllers\MaterialController::$session is deprecated in APPPATH\Controllers\MaterialController.php on line 16.
 1 SYSTEMPATH\CodeIgniter.php(903): App\Controllers\MaterialController->__construct()
 2 SYSTEMPATH\CodeIgniter.php(500): CodeIgniter\CodeIgniter->createController()
 3 SYSTEMPATH\CodeIgniter.php(355): CodeIgniter\CodeIgniter->handleRequest(null, Object(Config\Cache), false)
 4 SYSTEMPATH\Boot.php(325): CodeIgniter\CodeIgniter->run()
 5 SYSTEMPATH\Boot.php(67): CodeIgniter\Boot::runCodeIgniter(Object(CodeIgniter\CodeIgniter))
 6 FCPATH\index.php(56): CodeIgniter\Boot::bootWeb(Object(Config\Paths))
WARNING - 2025-08-05 11:32:13 --> [DEPRECATED] Creation of dynamic property App\Controllers\MaterialController::$uri is deprecated in APPPATH\Controllers\MaterialController.php on line 17.
 1 SYSTEMPATH\CodeIgniter.php(903): App\Controllers\MaterialController->__construct()
 2 SYSTEMPATH\CodeIgniter.php(500): CodeIgniter\CodeIgniter->createController()
 3 SYSTEMPATH\CodeIgniter.php(355): CodeIgniter\CodeIgniter->handleRequest(null, Object(Config\Cache), false)
 4 SYSTEMPATH\Boot.php(325): CodeIgniter\CodeIgniter->run()
 5 SYSTEMPATH\Boot.php(67): CodeIgniter\Boot::runCodeIgniter(Object(CodeIgniter\CodeIgniter))
 6 FCPATH\index.php(56): CodeIgniter\Boot::bootWeb(Object(Config\Paths))
WARNING - 2025-08-05 11:32:13 --> [DEPRECATED] Creation of dynamic property App\Controllers\MaterialController::$form_validation is deprecated in APPPATH\Controllers\MaterialController.php on line 19.
 1 SYSTEMPATH\CodeIgniter.php(903): App\Controllers\MaterialController->__construct()
 2 SYSTEMPATH\CodeIgniter.php(500): CodeIgniter\CodeIgniter->createController()
 3 SYSTEMPATH\CodeIgniter.php(355): CodeIgniter\CodeIgniter->handleRequest(null, Object(Config\Cache), false)
 4 SYSTEMPATH\Boot.php(325): CodeIgniter\CodeIgniter->run()
 5 SYSTEMPATH\Boot.php(67): CodeIgniter\Boot::runCodeIgniter(Object(CodeIgniter\CodeIgniter))
 6 FCPATH\index.php(56): CodeIgniter\Boot::bootWeb(Object(Config\Paths))
WARNING - 2025-08-05 11:32:13 --> [DEPRECATED] Creation of dynamic property App\Controllers\MaterialController::$userValidation is deprecated in APPPATH\Controllers\MaterialController.php on line 20.
 1 SYSTEMPATH\CodeIgniter.php(903): App\Controllers\MaterialController->__construct()
 2 SYSTEMPATH\CodeIgniter.php(500): CodeIgniter\CodeIgniter->createController()
 3 SYSTEMPATH\CodeIgniter.php(355): CodeIgniter\CodeIgniter->handleRequest(null, Object(Config\Cache), false)
 4 SYSTEMPATH\Boot.php(325): CodeIgniter\CodeIgniter->run()
 5 SYSTEMPATH\Boot.php(67): CodeIgniter\Boot::runCodeIgniter(Object(CodeIgniter\CodeIgniter))
 6 FCPATH\index.php(56): CodeIgniter\Boot::bootWeb(Object(Config\Paths))
INFO - 2025-08-05 11:32:13 --> Session: Class initialized using 'CodeIgniter\Session\Handlers\FileHandler' driver.
WARNING - 2025-08-05 11:32:13 --> [DEPRECATED] Creation of dynamic property App\Controllers\MaterialController::$db is deprecated in APPPATH\Controllers\MaterialController.php on line 15.
 1 SYSTEMPATH\CodeIgniter.php(903): App\Controllers\MaterialController->__construct()
 2 SYSTEMPATH\CodeIgniter.php(500): CodeIgniter\CodeIgniter->createController()
 3 SYSTEMPATH\CodeIgniter.php(355): CodeIgniter\CodeIgniter->handleRequest(null, Object(Config\Cache), false)
 4 SYSTEMPATH\Boot.php(325): CodeIgniter\CodeIgniter->run()
 5 SYSTEMPATH\Boot.php(67): CodeIgniter\Boot::runCodeIgniter(Object(CodeIgniter\CodeIgniter))
 6 FCPATH\index.php(56): CodeIgniter\Boot::bootWeb(Object(Config\Paths))
WARNING - 2025-08-05 11:32:13 --> [DEPRECATED] Creation of dynamic property App\Controllers\MaterialController::$session is deprecated in APPPATH\Controllers\MaterialController.php on line 16.
 1 SYSTEMPATH\CodeIgniter.php(903): App\Controllers\MaterialController->__construct()
 2 SYSTEMPATH\CodeIgniter.php(500): CodeIgniter\CodeIgniter->createController()
 3 SYSTEMPATH\CodeIgniter.php(355): CodeIgniter\CodeIgniter->handleRequest(null, Object(Config\Cache), false)
 4 SYSTEMPATH\Boot.php(325): CodeIgniter\CodeIgniter->run()
 5 SYSTEMPATH\Boot.php(67): CodeIgniter\Boot::runCodeIgniter(Object(CodeIgniter\CodeIgniter))
 6 FCPATH\index.php(56): CodeIgniter\Boot::bootWeb(Object(Config\Paths))
WARNING - 2025-08-05 11:32:13 --> [DEPRECATED] Creation of dynamic property App\Controllers\MaterialController::$uri is deprecated in APPPATH\Controllers\MaterialController.php on line 17.
 1 SYSTEMPATH\CodeIgniter.php(903): App\Controllers\MaterialController->__construct()
 2 SYSTEMPATH\CodeIgniter.php(500): CodeIgniter\CodeIgniter->createController()
 3 SYSTEMPATH\CodeIgniter.php(355): CodeIgniter\CodeIgniter->handleRequest(null, Object(Config\Cache), false)
 4 SYSTEMPATH\Boot.php(325): CodeIgniter\CodeIgniter->run()
 5 SYSTEMPATH\Boot.php(67): CodeIgniter\Boot::runCodeIgniter(Object(CodeIgniter\CodeIgniter))
 6 FCPATH\index.php(56): CodeIgniter\Boot::bootWeb(Object(Config\Paths))
WARNING - 2025-08-05 11:32:13 --> [DEPRECATED] Creation of dynamic property App\Controllers\MaterialController::$form_validation is deprecated in APPPATH\Controllers\MaterialController.php on line 19.
 1 SYSTEMPATH\CodeIgniter.php(903): App\Controllers\MaterialController->__construct()
 2 SYSTEMPATH\CodeIgniter.php(500): CodeIgniter\CodeIgniter->createController()
 3 SYSTEMPATH\CodeIgniter.php(355): CodeIgniter\CodeIgniter->handleRequest(null, Object(Config\Cache), false)
 4 SYSTEMPATH\Boot.php(325): CodeIgniter\CodeIgniter->run()
 5 SYSTEMPATH\Boot.php(67): CodeIgniter\Boot::runCodeIgniter(Object(CodeIgniter\CodeIgniter))
 6 FCPATH\index.php(56): CodeIgniter\Boot::bootWeb(Object(Config\Paths))
WARNING - 2025-08-05 11:32:13 --> [DEPRECATED] Creation of dynamic property App\Controllers\MaterialController::$userValidation is deprecated in APPPATH\Controllers\MaterialController.php on line 20.
 1 SYSTEMPATH\CodeIgniter.php(903): App\Controllers\MaterialController->__construct()
 2 SYSTEMPATH\CodeIgniter.php(500): CodeIgniter\CodeIgniter->createController()
 3 SYSTEMPATH\CodeIgniter.php(355): CodeIgniter\CodeIgniter->handleRequest(null, Object(Config\Cache), false)
 4 SYSTEMPATH\Boot.php(325): CodeIgniter\CodeIgniter->run()
 5 SYSTEMPATH\Boot.php(67): CodeIgniter\Boot::runCodeIgniter(Object(CodeIgniter\CodeIgniter))
 6 FCPATH\index.php(56): CodeIgniter\Boot::bootWeb(Object(Config\Paths))
INFO - 2025-08-05 11:32:22 --> Session: Class initialized using 'CodeIgniter\Session\Handlers\FileHandler' driver.
WARNING - 2025-08-05 11:32:22 --> [DEPRECATED] Creation of dynamic property App\Controllers\MaterialController::$db is deprecated in APPPATH\Controllers\MaterialController.php on line 15.
 1 SYSTEMPATH\CodeIgniter.php(903): App\Controllers\MaterialController->__construct()
 2 SYSTEMPATH\CodeIgniter.php(500): CodeIgniter\CodeIgniter->createController()
 3 SYSTEMPATH\CodeIgniter.php(355): CodeIgniter\CodeIgniter->handleRequest(null, Object(Config\Cache), false)
 4 SYSTEMPATH\Boot.php(325): CodeIgniter\CodeIgniter->run()
 5 SYSTEMPATH\Boot.php(67): CodeIgniter\Boot::runCodeIgniter(Object(CodeIgniter\CodeIgniter))
 6 FCPATH\index.php(56): CodeIgniter\Boot::bootWeb(Object(Config\Paths))
WARNING - 2025-08-05 11:32:22 --> [DEPRECATED] Creation of dynamic property App\Controllers\MaterialController::$session is deprecated in APPPATH\Controllers\MaterialController.php on line 16.
 1 SYSTEMPATH\CodeIgniter.php(903): App\Controllers\MaterialController->__construct()
 2 SYSTEMPATH\CodeIgniter.php(500): CodeIgniter\CodeIgniter->createController()
 3 SYSTEMPATH\CodeIgniter.php(355): CodeIgniter\CodeIgniter->handleRequest(null, Object(Config\Cache), false)
 4 SYSTEMPATH\Boot.php(325): CodeIgniter\CodeIgniter->run()
 5 SYSTEMPATH\Boot.php(67): CodeIgniter\Boot::runCodeIgniter(Object(CodeIgniter\CodeIgniter))
 6 FCPATH\index.php(56): CodeIgniter\Boot::bootWeb(Object(Config\Paths))
WARNING - 2025-08-05 11:32:22 --> [DEPRECATED] Creation of dynamic property App\Controllers\MaterialController::$uri is deprecated in APPPATH\Controllers\MaterialController.php on line 17.
 1 SYSTEMPATH\CodeIgniter.php(903): App\Controllers\MaterialController->__construct()
 2 SYSTEMPATH\CodeIgniter.php(500): CodeIgniter\CodeIgniter->createController()
 3 SYSTEMPATH\CodeIgniter.php(355): CodeIgniter\CodeIgniter->handleRequest(null, Object(Config\Cache), false)
 4 SYSTEMPATH\Boot.php(325): CodeIgniter\CodeIgniter->run()
 5 SYSTEMPATH\Boot.php(67): CodeIgniter\Boot::runCodeIgniter(Object(CodeIgniter\CodeIgniter))
 6 FCPATH\index.php(56): CodeIgniter\Boot::bootWeb(Object(Config\Paths))
WARNING - 2025-08-05 11:32:22 --> [DEPRECATED] Creation of dynamic property App\Controllers\MaterialController::$form_validation is deprecated in APPPATH\Controllers\MaterialController.php on line 19.
 1 SYSTEMPATH\CodeIgniter.php(903): App\Controllers\MaterialController->__construct()
 2 SYSTEMPATH\CodeIgniter.php(500): CodeIgniter\CodeIgniter->createController()
 3 SYSTEMPATH\CodeIgniter.php(355): CodeIgniter\CodeIgniter->handleRequest(null, Object(Config\Cache), false)
 4 SYSTEMPATH\Boot.php(325): CodeIgniter\CodeIgniter->run()
 5 SYSTEMPATH\Boot.php(67): CodeIgniter\Boot::runCodeIgniter(Object(CodeIgniter\CodeIgniter))
 6 FCPATH\index.php(56): CodeIgniter\Boot::bootWeb(Object(Config\Paths))
WARNING - 2025-08-05 11:32:22 --> [DEPRECATED] Creation of dynamic property App\Controllers\MaterialController::$userValidation is deprecated in APPPATH\Controllers\MaterialController.php on line 20.
 1 SYSTEMPATH\CodeIgniter.php(903): App\Controllers\MaterialController->__construct()
 2 SYSTEMPATH\CodeIgniter.php(500): CodeIgniter\CodeIgniter->createController()
 3 SYSTEMPATH\CodeIgniter.php(355): CodeIgniter\CodeIgniter->handleRequest(null, Object(Config\Cache), false)
 4 SYSTEMPATH\Boot.php(325): CodeIgniter\CodeIgniter->run()
 5 SYSTEMPATH\Boot.php(67): CodeIgniter\Boot::runCodeIgniter(Object(CodeIgniter\CodeIgniter))
 6 FCPATH\index.php(56): CodeIgniter\Boot::bootWeb(Object(Config\Paths))
INFO - 2025-08-05 11:32:22 --> Session: Class initialized using 'CodeIgniter\Session\Handlers\FileHandler' driver.
WARNING - 2025-08-05 11:32:22 --> [DEPRECATED] Creation of dynamic property App\Controllers\MaterialController::$db is deprecated in APPPATH\Controllers\MaterialController.php on line 15.
 1 SYSTEMPATH\CodeIgniter.php(903): App\Controllers\MaterialController->__construct()
 2 SYSTEMPATH\CodeIgniter.php(500): CodeIgniter\CodeIgniter->createController()
 3 SYSTEMPATH\CodeIgniter.php(355): CodeIgniter\CodeIgniter->handleRequest(null, Object(Config\Cache), false)
 4 SYSTEMPATH\Boot.php(325): CodeIgniter\CodeIgniter->run()
 5 SYSTEMPATH\Boot.php(67): CodeIgniter\Boot::runCodeIgniter(Object(CodeIgniter\CodeIgniter))
 6 FCPATH\index.php(56): CodeIgniter\Boot::bootWeb(Object(Config\Paths))
WARNING - 2025-08-05 11:32:22 --> [DEPRECATED] Creation of dynamic property App\Controllers\MaterialController::$session is deprecated in APPPATH\Controllers\MaterialController.php on line 16.
 1 SYSTEMPATH\CodeIgniter.php(903): App\Controllers\MaterialController->__construct()
 2 SYSTEMPATH\CodeIgniter.php(500): CodeIgniter\CodeIgniter->createController()
 3 SYSTEMPATH\CodeIgniter.php(355): CodeIgniter\CodeIgniter->handleRequest(null, Object(Config\Cache), false)
 4 SYSTEMPATH\Boot.php(325): CodeIgniter\CodeIgniter->run()
 5 SYSTEMPATH\Boot.php(67): CodeIgniter\Boot::runCodeIgniter(Object(CodeIgniter\CodeIgniter))
 6 FCPATH\index.php(56): CodeIgniter\Boot::bootWeb(Object(Config\Paths))
WARNING - 2025-08-05 11:32:22 --> [DEPRECATED] Creation of dynamic property App\Controllers\MaterialController::$uri is deprecated in APPPATH\Controllers\MaterialController.php on line 17.
 1 SYSTEMPATH\CodeIgniter.php(903): App\Controllers\MaterialController->__construct()
 2 SYSTEMPATH\CodeIgniter.php(500): CodeIgniter\CodeIgniter->createController()
 3 SYSTEMPATH\CodeIgniter.php(355): CodeIgniter\CodeIgniter->handleRequest(null, Object(Config\Cache), false)
 4 SYSTEMPATH\Boot.php(325): CodeIgniter\CodeIgniter->run()
 5 SYSTEMPATH\Boot.php(67): CodeIgniter\Boot::runCodeIgniter(Object(CodeIgniter\CodeIgniter))
 6 FCPATH\index.php(56): CodeIgniter\Boot::bootWeb(Object(Config\Paths))
WARNING - 2025-08-05 11:32:22 --> [DEPRECATED] Creation of dynamic property App\Controllers\MaterialController::$form_validation is deprecated in APPPATH\Controllers\MaterialController.php on line 19.
 1 SYSTEMPATH\CodeIgniter.php(903): App\Controllers\MaterialController->__construct()
 2 SYSTEMPATH\CodeIgniter.php(500): CodeIgniter\CodeIgniter->createController()
 3 SYSTEMPATH\CodeIgniter.php(355): CodeIgniter\CodeIgniter->handleRequest(null, Object(Config\Cache), false)
 4 SYSTEMPATH\Boot.php(325): CodeIgniter\CodeIgniter->run()
 5 SYSTEMPATH\Boot.php(67): CodeIgniter\Boot::runCodeIgniter(Object(CodeIgniter\CodeIgniter))
 6 FCPATH\index.php(56): CodeIgniter\Boot::bootWeb(Object(Config\Paths))
WARNING - 2025-08-05 11:32:22 --> [DEPRECATED] Creation of dynamic property App\Controllers\MaterialController::$userValidation is deprecated in APPPATH\Controllers\MaterialController.php on line 20.
 1 SYSTEMPATH\CodeIgniter.php(903): App\Controllers\MaterialController->__construct()
 2 SYSTEMPATH\CodeIgniter.php(500): CodeIgniter\CodeIgniter->createController()
 3 SYSTEMPATH\CodeIgniter.php(355): CodeIgniter\CodeIgniter->handleRequest(null, Object(Config\Cache), false)
 4 SYSTEMPATH\Boot.php(325): CodeIgniter\CodeIgniter->run()
 5 SYSTEMPATH\Boot.php(67): CodeIgniter\Boot::runCodeIgniter(Object(CodeIgniter\CodeIgniter))
 6 FCPATH\index.php(56): CodeIgniter\Boot::bootWeb(Object(Config\Paths))
INFO - 2025-08-05 11:32:22 --> Session: Class initialized using 'CodeIgniter\Session\Handlers\FileHandler' driver.
WARNING - 2025-08-05 11:32:22 --> [DEPRECATED] Creation of dynamic property App\Controllers\MaterialController::$db is deprecated in APPPATH\Controllers\MaterialController.php on line 15.
 1 SYSTEMPATH\CodeIgniter.php(903): App\Controllers\MaterialController->__construct()
 2 SYSTEMPATH\CodeIgniter.php(500): CodeIgniter\CodeIgniter->createController()
 3 SYSTEMPATH\CodeIgniter.php(355): CodeIgniter\CodeIgniter->handleRequest(null, Object(Config\Cache), false)
 4 SYSTEMPATH\Boot.php(325): CodeIgniter\CodeIgniter->run()
 5 SYSTEMPATH\Boot.php(67): CodeIgniter\Boot::runCodeIgniter(Object(CodeIgniter\CodeIgniter))
 6 FCPATH\index.php(56): CodeIgniter\Boot::bootWeb(Object(Config\Paths))
WARNING - 2025-08-05 11:32:22 --> [DEPRECATED] Creation of dynamic property App\Controllers\MaterialController::$session is deprecated in APPPATH\Controllers\MaterialController.php on line 16.
 1 SYSTEMPATH\CodeIgniter.php(903): App\Controllers\MaterialController->__construct()
 2 SYSTEMPATH\CodeIgniter.php(500): CodeIgniter\CodeIgniter->createController()
 3 SYSTEMPATH\CodeIgniter.php(355): CodeIgniter\CodeIgniter->handleRequest(null, Object(Config\Cache), false)
 4 SYSTEMPATH\Boot.php(325): CodeIgniter\CodeIgniter->run()
 5 SYSTEMPATH\Boot.php(67): CodeIgniter\Boot::runCodeIgniter(Object(CodeIgniter\CodeIgniter))
 6 FCPATH\index.php(56): CodeIgniter\Boot::bootWeb(Object(Config\Paths))
WARNING - 2025-08-05 11:32:22 --> [DEPRECATED] Creation of dynamic property App\Controllers\MaterialController::$uri is deprecated in APPPATH\Controllers\MaterialController.php on line 17.
 1 SYSTEMPATH\CodeIgniter.php(903): App\Controllers\MaterialController->__construct()
 2 SYSTEMPATH\CodeIgniter.php(500): CodeIgniter\CodeIgniter->createController()
 3 SYSTEMPATH\CodeIgniter.php(355): CodeIgniter\CodeIgniter->handleRequest(null, Object(Config\Cache), false)
 4 SYSTEMPATH\Boot.php(325): CodeIgniter\CodeIgniter->run()
 5 SYSTEMPATH\Boot.php(67): CodeIgniter\Boot::runCodeIgniter(Object(CodeIgniter\CodeIgniter))
 6 FCPATH\index.php(56): CodeIgniter\Boot::bootWeb(Object(Config\Paths))
WARNING - 2025-08-05 11:32:22 --> [DEPRECATED] Creation of dynamic property App\Controllers\MaterialController::$form_validation is deprecated in APPPATH\Controllers\MaterialController.php on line 19.
 1 SYSTEMPATH\CodeIgniter.php(903): App\Controllers\MaterialController->__construct()
 2 SYSTEMPATH\CodeIgniter.php(500): CodeIgniter\CodeIgniter->createController()
 3 SYSTEMPATH\CodeIgniter.php(355): CodeIgniter\CodeIgniter->handleRequest(null, Object(Config\Cache), false)
 4 SYSTEMPATH\Boot.php(325): CodeIgniter\CodeIgniter->run()
 5 SYSTEMPATH\Boot.php(67): CodeIgniter\Boot::runCodeIgniter(Object(CodeIgniter\CodeIgniter))
 6 FCPATH\index.php(56): CodeIgniter\Boot::bootWeb(Object(Config\Paths))
WARNING - 2025-08-05 11:32:22 --> [DEPRECATED] Creation of dynamic property App\Controllers\MaterialController::$userValidation is deprecated in APPPATH\Controllers\MaterialController.php on line 20.
 1 SYSTEMPATH\CodeIgniter.php(903): App\Controllers\MaterialController->__construct()
 2 SYSTEMPATH\CodeIgniter.php(500): CodeIgniter\CodeIgniter->createController()
 3 SYSTEMPATH\CodeIgniter.php(355): CodeIgniter\CodeIgniter->handleRequest(null, Object(Config\Cache), false)
 4 SYSTEMPATH\Boot.php(325): CodeIgniter\CodeIgniter->run()
 5 SYSTEMPATH\Boot.php(67): CodeIgniter\Boot::runCodeIgniter(Object(CodeIgniter\CodeIgniter))
 6 FCPATH\index.php(56): CodeIgniter\Boot::bootWeb(Object(Config\Paths))
INFO - 2025-08-05 11:32:23 --> Session: Class initialized using 'CodeIgniter\Session\Handlers\FileHandler' driver.
WARNING - 2025-08-05 11:32:23 --> [DEPRECATED] Creation of dynamic property App\Controllers\MaterialController::$db is deprecated in APPPATH\Controllers\MaterialController.php on line 15.
 1 SYSTEMPATH\CodeIgniter.php(903): App\Controllers\MaterialController->__construct()
 2 SYSTEMPATH\CodeIgniter.php(500): CodeIgniter\CodeIgniter->createController()
 3 SYSTEMPATH\CodeIgniter.php(355): CodeIgniter\CodeIgniter->handleRequest(null, Object(Config\Cache), false)
 4 SYSTEMPATH\Boot.php(325): CodeIgniter\CodeIgniter->run()
 5 SYSTEMPATH\Boot.php(67): CodeIgniter\Boot::runCodeIgniter(Object(CodeIgniter\CodeIgniter))
 6 FCPATH\index.php(56): CodeIgniter\Boot::bootWeb(Object(Config\Paths))
WARNING - 2025-08-05 11:32:23 --> [DEPRECATED] Creation of dynamic property App\Controllers\MaterialController::$session is deprecated in APPPATH\Controllers\MaterialController.php on line 16.
 1 SYSTEMPATH\CodeIgniter.php(903): App\Controllers\MaterialController->__construct()
 2 SYSTEMPATH\CodeIgniter.php(500): CodeIgniter\CodeIgniter->createController()
 3 SYSTEMPATH\CodeIgniter.php(355): CodeIgniter\CodeIgniter->handleRequest(null, Object(Config\Cache), false)
 4 SYSTEMPATH\Boot.php(325): CodeIgniter\CodeIgniter->run()
 5 SYSTEMPATH\Boot.php(67): CodeIgniter\Boot::runCodeIgniter(Object(CodeIgniter\CodeIgniter))
 6 FCPATH\index.php(56): CodeIgniter\Boot::bootWeb(Object(Config\Paths))
WARNING - 2025-08-05 11:32:23 --> [DEPRECATED] Creation of dynamic property App\Controllers\MaterialController::$uri is deprecated in APPPATH\Controllers\MaterialController.php on line 17.
 1 SYSTEMPATH\CodeIgniter.php(903): App\Controllers\MaterialController->__construct()
 2 SYSTEMPATH\CodeIgniter.php(500): CodeIgniter\CodeIgniter->createController()
 3 SYSTEMPATH\CodeIgniter.php(355): CodeIgniter\CodeIgniter->handleRequest(null, Object(Config\Cache), false)
 4 SYSTEMPATH\Boot.php(325): CodeIgniter\CodeIgniter->run()
 5 SYSTEMPATH\Boot.php(67): CodeIgniter\Boot::runCodeIgniter(Object(CodeIgniter\CodeIgniter))
 6 FCPATH\index.php(56): CodeIgniter\Boot::bootWeb(Object(Config\Paths))
WARNING - 2025-08-05 11:32:23 --> [DEPRECATED] Creation of dynamic property App\Controllers\MaterialController::$form_validation is deprecated in APPPATH\Controllers\MaterialController.php on line 19.
 1 SYSTEMPATH\CodeIgniter.php(903): App\Controllers\MaterialController->__construct()
 2 SYSTEMPATH\CodeIgniter.php(500): CodeIgniter\CodeIgniter->createController()
 3 SYSTEMPATH\CodeIgniter.php(355): CodeIgniter\CodeIgniter->handleRequest(null, Object(Config\Cache), false)
 4 SYSTEMPATH\Boot.php(325): CodeIgniter\CodeIgniter->run()
 5 SYSTEMPATH\Boot.php(67): CodeIgniter\Boot::runCodeIgniter(Object(CodeIgniter\CodeIgniter))
 6 FCPATH\index.php(56): CodeIgniter\Boot::bootWeb(Object(Config\Paths))
WARNING - 2025-08-05 11:32:23 --> [DEPRECATED] Creation of dynamic property App\Controllers\MaterialController::$userValidation is deprecated in APPPATH\Controllers\MaterialController.php on line 20.
 1 SYSTEMPATH\CodeIgniter.php(903): App\Controllers\MaterialController->__construct()
 2 SYSTEMPATH\CodeIgniter.php(500): CodeIgniter\CodeIgniter->createController()
 3 SYSTEMPATH\CodeIgniter.php(355): CodeIgniter\CodeIgniter->handleRequest(null, Object(Config\Cache), false)
 4 SYSTEMPATH\Boot.php(325): CodeIgniter\CodeIgniter->run()
 5 SYSTEMPATH\Boot.php(67): CodeIgniter\Boot::runCodeIgniter(Object(CodeIgniter\CodeIgniter))
 6 FCPATH\index.php(56): CodeIgniter\Boot::bootWeb(Object(Config\Paths))
INFO - 2025-08-05 11:32:24 --> Session: Class initialized using 'CodeIgniter\Session\Handlers\FileHandler' driver.
WARNING - 2025-08-05 11:32:24 --> [DEPRECATED] Creation of dynamic property App\Controllers\MaterialController::$db is deprecated in APPPATH\Controllers\MaterialController.php on line 15.
 1 SYSTEMPATH\CodeIgniter.php(903): App\Controllers\MaterialController->__construct()
 2 SYSTEMPATH\CodeIgniter.php(500): CodeIgniter\CodeIgniter->createController()
 3 SYSTEMPATH\CodeIgniter.php(355): CodeIgniter\CodeIgniter->handleRequest(null, Object(Config\Cache), false)
 4 SYSTEMPATH\Boot.php(325): CodeIgniter\CodeIgniter->run()
 5 SYSTEMPATH\Boot.php(67): CodeIgniter\Boot::runCodeIgniter(Object(CodeIgniter\CodeIgniter))
 6 FCPATH\index.php(56): CodeIgniter\Boot::bootWeb(Object(Config\Paths))
WARNING - 2025-08-05 11:32:24 --> [DEPRECATED] Creation of dynamic property App\Controllers\MaterialController::$session is deprecated in APPPATH\Controllers\MaterialController.php on line 16.
 1 SYSTEMPATH\CodeIgniter.php(903): App\Controllers\MaterialController->__construct()
 2 SYSTEMPATH\CodeIgniter.php(500): CodeIgniter\CodeIgniter->createController()
 3 SYSTEMPATH\CodeIgniter.php(355): CodeIgniter\CodeIgniter->handleRequest(null, Object(Config\Cache), false)
 4 SYSTEMPATH\Boot.php(325): CodeIgniter\CodeIgniter->run()
 5 SYSTEMPATH\Boot.php(67): CodeIgniter\Boot::runCodeIgniter(Object(CodeIgniter\CodeIgniter))
 6 FCPATH\index.php(56): CodeIgniter\Boot::bootWeb(Object(Config\Paths))
WARNING - 2025-08-05 11:32:24 --> [DEPRECATED] Creation of dynamic property App\Controllers\MaterialController::$uri is deprecated in APPPATH\Controllers\MaterialController.php on line 17.
 1 SYSTEMPATH\CodeIgniter.php(903): App\Controllers\MaterialController->__construct()
 2 SYSTEMPATH\CodeIgniter.php(500): CodeIgniter\CodeIgniter->createController()
 3 SYSTEMPATH\CodeIgniter.php(355): CodeIgniter\CodeIgniter->handleRequest(null, Object(Config\Cache), false)
 4 SYSTEMPATH\Boot.php(325): CodeIgniter\CodeIgniter->run()
 5 SYSTEMPATH\Boot.php(67): CodeIgniter\Boot::runCodeIgniter(Object(CodeIgniter\CodeIgniter))
 6 FCPATH\index.php(56): CodeIgniter\Boot::bootWeb(Object(Config\Paths))
WARNING - 2025-08-05 11:32:24 --> [DEPRECATED] Creation of dynamic property App\Controllers\MaterialController::$form_validation is deprecated in APPPATH\Controllers\MaterialController.php on line 19.
 1 SYSTEMPATH\CodeIgniter.php(903): App\Controllers\MaterialController->__construct()
 2 SYSTEMPATH\CodeIgniter.php(500): CodeIgniter\CodeIgniter->createController()
 3 SYSTEMPATH\CodeIgniter.php(355): CodeIgniter\CodeIgniter->handleRequest(null, Object(Config\Cache), false)
 4 SYSTEMPATH\Boot.php(325): CodeIgniter\CodeIgniter->run()
 5 SYSTEMPATH\Boot.php(67): CodeIgniter\Boot::runCodeIgniter(Object(CodeIgniter\CodeIgniter))
 6 FCPATH\index.php(56): CodeIgniter\Boot::bootWeb(Object(Config\Paths))
WARNING - 2025-08-05 11:32:24 --> [DEPRECATED] Creation of dynamic property App\Controllers\MaterialController::$userValidation is deprecated in APPPATH\Controllers\MaterialController.php on line 20.
 1 SYSTEMPATH\CodeIgniter.php(903): App\Controllers\MaterialController->__construct()
 2 SYSTEMPATH\CodeIgniter.php(500): CodeIgniter\CodeIgniter->createController()
 3 SYSTEMPATH\CodeIgniter.php(355): CodeIgniter\CodeIgniter->handleRequest(null, Object(Config\Cache), false)
 4 SYSTEMPATH\Boot.php(325): CodeIgniter\CodeIgniter->run()
 5 SYSTEMPATH\Boot.php(67): CodeIgniter\Boot::runCodeIgniter(Object(CodeIgniter\CodeIgniter))
 6 FCPATH\index.php(56): CodeIgniter\Boot::bootWeb(Object(Config\Paths))
INFO - 2025-08-05 11:32:24 --> Session: Class initialized using 'CodeIgniter\Session\Handlers\FileHandler' driver.
WARNING - 2025-08-05 11:32:24 --> [DEPRECATED] Creation of dynamic property App\Controllers\MaterialController::$db is deprecated in APPPATH\Controllers\MaterialController.php on line 15.
 1 SYSTEMPATH\CodeIgniter.php(903): App\Controllers\MaterialController->__construct()
 2 SYSTEMPATH\CodeIgniter.php(500): CodeIgniter\CodeIgniter->createController()
 3 SYSTEMPATH\CodeIgniter.php(355): CodeIgniter\CodeIgniter->handleRequest(null, Object(Config\Cache), false)
 4 SYSTEMPATH\Boot.php(325): CodeIgniter\CodeIgniter->run()
 5 SYSTEMPATH\Boot.php(67): CodeIgniter\Boot::runCodeIgniter(Object(CodeIgniter\CodeIgniter))
 6 FCPATH\index.php(56): CodeIgniter\Boot::bootWeb(Object(Config\Paths))
WARNING - 2025-08-05 11:32:24 --> [DEPRECATED] Creation of dynamic property App\Controllers\MaterialController::$session is deprecated in APPPATH\Controllers\MaterialController.php on line 16.
 1 SYSTEMPATH\CodeIgniter.php(903): App\Controllers\MaterialController->__construct()
 2 SYSTEMPATH\CodeIgniter.php(500): CodeIgniter\CodeIgniter->createController()
 3 SYSTEMPATH\CodeIgniter.php(355): CodeIgniter\CodeIgniter->handleRequest(null, Object(Config\Cache), false)
 4 SYSTEMPATH\Boot.php(325): CodeIgniter\CodeIgniter->run()
 5 SYSTEMPATH\Boot.php(67): CodeIgniter\Boot::runCodeIgniter(Object(CodeIgniter\CodeIgniter))
 6 FCPATH\index.php(56): CodeIgniter\Boot::bootWeb(Object(Config\Paths))
WARNING - 2025-08-05 11:32:24 --> [DEPRECATED] Creation of dynamic property App\Controllers\MaterialController::$uri is deprecated in APPPATH\Controllers\MaterialController.php on line 17.
 1 SYSTEMPATH\CodeIgniter.php(903): App\Controllers\MaterialController->__construct()
 2 SYSTEMPATH\CodeIgniter.php(500): CodeIgniter\CodeIgniter->createController()
 3 SYSTEMPATH\CodeIgniter.php(355): CodeIgniter\CodeIgniter->handleRequest(null, Object(Config\Cache), false)
 4 SYSTEMPATH\Boot.php(325): CodeIgniter\CodeIgniter->run()
 5 SYSTEMPATH\Boot.php(67): CodeIgniter\Boot::runCodeIgniter(Object(CodeIgniter\CodeIgniter))
 6 FCPATH\index.php(56): CodeIgniter\Boot::bootWeb(Object(Config\Paths))
WARNING - 2025-08-05 11:32:24 --> [DEPRECATED] Creation of dynamic property App\Controllers\MaterialController::$form_validation is deprecated in APPPATH\Controllers\MaterialController.php on line 19.
 1 SYSTEMPATH\CodeIgniter.php(903): App\Controllers\MaterialController->__construct()
 2 SYSTEMPATH\CodeIgniter.php(500): CodeIgniter\CodeIgniter->createController()
 3 SYSTEMPATH\CodeIgniter.php(355): CodeIgniter\CodeIgniter->handleRequest(null, Object(Config\Cache), false)
 4 SYSTEMPATH\Boot.php(325): CodeIgniter\CodeIgniter->run()
 5 SYSTEMPATH\Boot.php(67): CodeIgniter\Boot::runCodeIgniter(Object(CodeIgniter\CodeIgniter))
 6 FCPATH\index.php(56): CodeIgniter\Boot::bootWeb(Object(Config\Paths))
WARNING - 2025-08-05 11:32:24 --> [DEPRECATED] Creation of dynamic property App\Controllers\MaterialController::$userValidation is deprecated in APPPATH\Controllers\MaterialController.php on line 20.
 1 SYSTEMPATH\CodeIgniter.php(903): App\Controllers\MaterialController->__construct()
 2 SYSTEMPATH\CodeIgniter.php(500): CodeIgniter\CodeIgniter->createController()
 3 SYSTEMPATH\CodeIgniter.php(355): CodeIgniter\CodeIgniter->handleRequest(null, Object(Config\Cache), false)
 4 SYSTEMPATH\Boot.php(325): CodeIgniter\CodeIgniter->run()
 5 SYSTEMPATH\Boot.php(67): CodeIgniter\Boot::runCodeIgniter(Object(CodeIgniter\CodeIgniter))
 6 FCPATH\index.php(56): CodeIgniter\Boot::bootWeb(Object(Config\Paths))
INFO - 2025-08-05 11:32:25 --> Session: Class initialized using 'CodeIgniter\Session\Handlers\FileHandler' driver.
WARNING - 2025-08-05 11:32:25 --> [DEPRECATED] Creation of dynamic property App\Controllers\MaterialController::$db is deprecated in APPPATH\Controllers\MaterialController.php on line 15.
 1 SYSTEMPATH\CodeIgniter.php(903): App\Controllers\MaterialController->__construct()
 2 SYSTEMPATH\CodeIgniter.php(500): CodeIgniter\CodeIgniter->createController()
 3 SYSTEMPATH\CodeIgniter.php(355): CodeIgniter\CodeIgniter->handleRequest(null, Object(Config\Cache), false)
 4 SYSTEMPATH\Boot.php(325): CodeIgniter\CodeIgniter->run()
 5 SYSTEMPATH\Boot.php(67): CodeIgniter\Boot::runCodeIgniter(Object(CodeIgniter\CodeIgniter))
 6 FCPATH\index.php(56): CodeIgniter\Boot::bootWeb(Object(Config\Paths))
WARNING - 2025-08-05 11:32:25 --> [DEPRECATED] Creation of dynamic property App\Controllers\MaterialController::$session is deprecated in APPPATH\Controllers\MaterialController.php on line 16.
 1 SYSTEMPATH\CodeIgniter.php(903): App\Controllers\MaterialController->__construct()
 2 SYSTEMPATH\CodeIgniter.php(500): CodeIgniter\CodeIgniter->createController()
 3 SYSTEMPATH\CodeIgniter.php(355): CodeIgniter\CodeIgniter->handleRequest(null, Object(Config\Cache), false)
 4 SYSTEMPATH\Boot.php(325): CodeIgniter\CodeIgniter->run()
 5 SYSTEMPATH\Boot.php(67): CodeIgniter\Boot::runCodeIgniter(Object(CodeIgniter\CodeIgniter))
 6 FCPATH\index.php(56): CodeIgniter\Boot::bootWeb(Object(Config\Paths))
WARNING - 2025-08-05 11:32:25 --> [DEPRECATED] Creation of dynamic property App\Controllers\MaterialController::$uri is deprecated in APPPATH\Controllers\MaterialController.php on line 17.
 1 SYSTEMPATH\CodeIgniter.php(903): App\Controllers\MaterialController->__construct()
 2 SYSTEMPATH\CodeIgniter.php(500): CodeIgniter\CodeIgniter->createController()
 3 SYSTEMPATH\CodeIgniter.php(355): CodeIgniter\CodeIgniter->handleRequest(null, Object(Config\Cache), false)
 4 SYSTEMPATH\Boot.php(325): CodeIgniter\CodeIgniter->run()
 5 SYSTEMPATH\Boot.php(67): CodeIgniter\Boot::runCodeIgniter(Object(CodeIgniter\CodeIgniter))
 6 FCPATH\index.php(56): CodeIgniter\Boot::bootWeb(Object(Config\Paths))
WARNING - 2025-08-05 11:32:25 --> [DEPRECATED] Creation of dynamic property App\Controllers\MaterialController::$form_validation is deprecated in APPPATH\Controllers\MaterialController.php on line 19.
 1 SYSTEMPATH\CodeIgniter.php(903): App\Controllers\MaterialController->__construct()
 2 SYSTEMPATH\CodeIgniter.php(500): CodeIgniter\CodeIgniter->createController()
 3 SYSTEMPATH\CodeIgniter.php(355): CodeIgniter\CodeIgniter->handleRequest(null, Object(Config\Cache), false)
 4 SYSTEMPATH\Boot.php(325): CodeIgniter\CodeIgniter->run()
 5 SYSTEMPATH\Boot.php(67): CodeIgniter\Boot::runCodeIgniter(Object(CodeIgniter\CodeIgniter))
 6 FCPATH\index.php(56): CodeIgniter\Boot::bootWeb(Object(Config\Paths))
WARNING - 2025-08-05 11:32:25 --> [DEPRECATED] Creation of dynamic property App\Controllers\MaterialController::$userValidation is deprecated in APPPATH\Controllers\MaterialController.php on line 20.
 1 SYSTEMPATH\CodeIgniter.php(903): App\Controllers\MaterialController->__construct()
 2 SYSTEMPATH\CodeIgniter.php(500): CodeIgniter\CodeIgniter->createController()
 3 SYSTEMPATH\CodeIgniter.php(355): CodeIgniter\CodeIgniter->handleRequest(null, Object(Config\Cache), false)
 4 SYSTEMPATH\Boot.php(325): CodeIgniter\CodeIgniter->run()
 5 SYSTEMPATH\Boot.php(67): CodeIgniter\Boot::runCodeIgniter(Object(CodeIgniter\CodeIgniter))
 6 FCPATH\index.php(56): CodeIgniter\Boot::bootWeb(Object(Config\Paths))
INFO - 2025-08-05 11:32:26 --> Session: Class initialized using 'CodeIgniter\Session\Handlers\FileHandler' driver.
WARNING - 2025-08-05 11:32:26 --> [DEPRECATED] Creation of dynamic property App\Controllers\MaterialController::$db is deprecated in APPPATH\Controllers\MaterialController.php on line 15.
 1 SYSTEMPATH\CodeIgniter.php(903): App\Controllers\MaterialController->__construct()
 2 SYSTEMPATH\CodeIgniter.php(500): CodeIgniter\CodeIgniter->createController()
 3 SYSTEMPATH\CodeIgniter.php(355): CodeIgniter\CodeIgniter->handleRequest(null, Object(Config\Cache), false)
 4 SYSTEMPATH\Boot.php(325): CodeIgniter\CodeIgniter->run()
 5 SYSTEMPATH\Boot.php(67): CodeIgniter\Boot::runCodeIgniter(Object(CodeIgniter\CodeIgniter))
 6 FCPATH\index.php(56): CodeIgniter\Boot::bootWeb(Object(Config\Paths))
WARNING - 2025-08-05 11:32:26 --> [DEPRECATED] Creation of dynamic property App\Controllers\MaterialController::$session is deprecated in APPPATH\Controllers\MaterialController.php on line 16.
 1 SYSTEMPATH\CodeIgniter.php(903): App\Controllers\MaterialController->__construct()
 2 SYSTEMPATH\CodeIgniter.php(500): CodeIgniter\CodeIgniter->createController()
 3 SYSTEMPATH\CodeIgniter.php(355): CodeIgniter\CodeIgniter->handleRequest(null, Object(Config\Cache), false)
 4 SYSTEMPATH\Boot.php(325): CodeIgniter\CodeIgniter->run()
 5 SYSTEMPATH\Boot.php(67): CodeIgniter\Boot::runCodeIgniter(Object(CodeIgniter\CodeIgniter))
 6 FCPATH\index.php(56): CodeIgniter\Boot::bootWeb(Object(Config\Paths))
WARNING - 2025-08-05 11:32:26 --> [DEPRECATED] Creation of dynamic property App\Controllers\MaterialController::$uri is deprecated in APPPATH\Controllers\MaterialController.php on line 17.
 1 SYSTEMPATH\CodeIgniter.php(903): App\Controllers\MaterialController->__construct()
 2 SYSTEMPATH\CodeIgniter.php(500): CodeIgniter\CodeIgniter->createController()
 3 SYSTEMPATH\CodeIgniter.php(355): CodeIgniter\CodeIgniter->handleRequest(null, Object(Config\Cache), false)
 4 SYSTEMPATH\Boot.php(325): CodeIgniter\CodeIgniter->run()
 5 SYSTEMPATH\Boot.php(67): CodeIgniter\Boot::runCodeIgniter(Object(CodeIgniter\CodeIgniter))
 6 FCPATH\index.php(56): CodeIgniter\Boot::bootWeb(Object(Config\Paths))
WARNING - 2025-08-05 11:32:26 --> [DEPRECATED] Creation of dynamic property App\Controllers\MaterialController::$form_validation is deprecated in APPPATH\Controllers\MaterialController.php on line 19.
 1 SYSTEMPATH\CodeIgniter.php(903): App\Controllers\MaterialController->__construct()
 2 SYSTEMPATH\CodeIgniter.php(500): CodeIgniter\CodeIgniter->createController()
 3 SYSTEMPATH\CodeIgniter.php(355): CodeIgniter\CodeIgniter->handleRequest(null, Object(Config\Cache), false)
 4 SYSTEMPATH\Boot.php(325): CodeIgniter\CodeIgniter->run()
 5 SYSTEMPATH\Boot.php(67): CodeIgniter\Boot::runCodeIgniter(Object(CodeIgniter\CodeIgniter))
 6 FCPATH\index.php(56): CodeIgniter\Boot::bootWeb(Object(Config\Paths))
WARNING - 2025-08-05 11:32:26 --> [DEPRECATED] Creation of dynamic property App\Controllers\MaterialController::$userValidation is deprecated in APPPATH\Controllers\MaterialController.php on line 20.
 1 SYSTEMPATH\CodeIgniter.php(903): App\Controllers\MaterialController->__construct()
 2 SYSTEMPATH\CodeIgniter.php(500): CodeIgniter\CodeIgniter->createController()
 3 SYSTEMPATH\CodeIgniter.php(355): CodeIgniter\CodeIgniter->handleRequest(null, Object(Config\Cache), false)
 4 SYSTEMPATH\Boot.php(325): CodeIgniter\CodeIgniter->run()
 5 SYSTEMPATH\Boot.php(67): CodeIgniter\Boot::runCodeIgniter(Object(CodeIgniter\CodeIgniter))
 6 FCPATH\index.php(56): CodeIgniter\Boot::bootWeb(Object(Config\Paths))
INFO - 2025-08-05 11:32:26 --> Session: Class initialized using 'CodeIgniter\Session\Handlers\FileHandler' driver.
WARNING - 2025-08-05 11:32:26 --> [DEPRECATED] Creation of dynamic property App\Controllers\MaterialController::$db is deprecated in APPPATH\Controllers\MaterialController.php on line 15.
 1 SYSTEMPATH\CodeIgniter.php(903): App\Controllers\MaterialController->__construct()
 2 SYSTEMPATH\CodeIgniter.php(500): CodeIgniter\CodeIgniter->createController()
 3 SYSTEMPATH\CodeIgniter.php(355): CodeIgniter\CodeIgniter->handleRequest(null, Object(Config\Cache), false)
 4 SYSTEMPATH\Boot.php(325): CodeIgniter\CodeIgniter->run()
 5 SYSTEMPATH\Boot.php(67): CodeIgniter\Boot::runCodeIgniter(Object(CodeIgniter\CodeIgniter))
 6 FCPATH\index.php(56): CodeIgniter\Boot::bootWeb(Object(Config\Paths))
WARNING - 2025-08-05 11:32:26 --> [DEPRECATED] Creation of dynamic property App\Controllers\MaterialController::$session is deprecated in APPPATH\Controllers\MaterialController.php on line 16.
 1 SYSTEMPATH\CodeIgniter.php(903): App\Controllers\MaterialController->__construct()
 2 SYSTEMPATH\CodeIgniter.php(500): CodeIgniter\CodeIgniter->createController()
 3 SYSTEMPATH\CodeIgniter.php(355): CodeIgniter\CodeIgniter->handleRequest(null, Object(Config\Cache), false)
 4 SYSTEMPATH\Boot.php(325): CodeIgniter\CodeIgniter->run()
 5 SYSTEMPATH\Boot.php(67): CodeIgniter\Boot::runCodeIgniter(Object(CodeIgniter\CodeIgniter))
 6 FCPATH\index.php(56): CodeIgniter\Boot::bootWeb(Object(Config\Paths))
WARNING - 2025-08-05 11:32:26 --> [DEPRECATED] Creation of dynamic property App\Controllers\MaterialController::$uri is deprecated in APPPATH\Controllers\MaterialController.php on line 17.
 1 SYSTEMPATH\CodeIgniter.php(903): App\Controllers\MaterialController->__construct()
 2 SYSTEMPATH\CodeIgniter.php(500): CodeIgniter\CodeIgniter->createController()
 3 SYSTEMPATH\CodeIgniter.php(355): CodeIgniter\CodeIgniter->handleRequest(null, Object(Config\Cache), false)
 4 SYSTEMPATH\Boot.php(325): CodeIgniter\CodeIgniter->run()
 5 SYSTEMPATH\Boot.php(67): CodeIgniter\Boot::runCodeIgniter(Object(CodeIgniter\CodeIgniter))
 6 FCPATH\index.php(56): CodeIgniter\Boot::bootWeb(Object(Config\Paths))
WARNING - 2025-08-05 11:32:26 --> [DEPRECATED] Creation of dynamic property App\Controllers\MaterialController::$form_validation is deprecated in APPPATH\Controllers\MaterialController.php on line 19.
 1 SYSTEMPATH\CodeIgniter.php(903): App\Controllers\MaterialController->__construct()
 2 SYSTEMPATH\CodeIgniter.php(500): CodeIgniter\CodeIgniter->createController()
 3 SYSTEMPATH\CodeIgniter.php(355): CodeIgniter\CodeIgniter->handleRequest(null, Object(Config\Cache), false)
 4 SYSTEMPATH\Boot.php(325): CodeIgniter\CodeIgniter->run()
 5 SYSTEMPATH\Boot.php(67): CodeIgniter\Boot::runCodeIgniter(Object(CodeIgniter\CodeIgniter))
 6 FCPATH\index.php(56): CodeIgniter\Boot::bootWeb(Object(Config\Paths))
WARNING - 2025-08-05 11:32:26 --> [DEPRECATED] Creation of dynamic property App\Controllers\MaterialController::$userValidation is deprecated in APPPATH\Controllers\MaterialController.php on line 20.
 1 SYSTEMPATH\CodeIgniter.php(903): App\Controllers\MaterialController->__construct()
 2 SYSTEMPATH\CodeIgniter.php(500): CodeIgniter\CodeIgniter->createController()
 3 SYSTEMPATH\CodeIgniter.php(355): CodeIgniter\CodeIgniter->handleRequest(null, Object(Config\Cache), false)
 4 SYSTEMPATH\Boot.php(325): CodeIgniter\CodeIgniter->run()
 5 SYSTEMPATH\Boot.php(67): CodeIgniter\Boot::runCodeIgniter(Object(CodeIgniter\CodeIgniter))
 6 FCPATH\index.php(56): CodeIgniter\Boot::bootWeb(Object(Config\Paths))
INFO - 2025-08-05 11:32:49 --> Session: Class initialized using 'CodeIgniter\Session\Handlers\FileHandler' driver.
WARNING - 2025-08-05 11:32:49 --> [DEPRECATED] Creation of dynamic property App\Controllers\MaterialController::$db is deprecated in APPPATH\Controllers\MaterialController.php on line 15.
 1 SYSTEMPATH\CodeIgniter.php(903): App\Controllers\MaterialController->__construct()
 2 SYSTEMPATH\CodeIgniter.php(500): CodeIgniter\CodeIgniter->createController()
 3 SYSTEMPATH\CodeIgniter.php(355): CodeIgniter\CodeIgniter->handleRequest(null, Object(Config\Cache), false)
 4 SYSTEMPATH\Boot.php(325): CodeIgniter\CodeIgniter->run()
 5 SYSTEMPATH\Boot.php(67): CodeIgniter\Boot::runCodeIgniter(Object(CodeIgniter\CodeIgniter))
 6 FCPATH\index.php(56): CodeIgniter\Boot::bootWeb(Object(Config\Paths))
WARNING - 2025-08-05 11:32:49 --> [DEPRECATED] Creation of dynamic property App\Controllers\MaterialController::$session is deprecated in APPPATH\Controllers\MaterialController.php on line 16.
 1 SYSTEMPATH\CodeIgniter.php(903): App\Controllers\MaterialController->__construct()
 2 SYSTEMPATH\CodeIgniter.php(500): CodeIgniter\CodeIgniter->createController()
 3 SYSTEMPATH\CodeIgniter.php(355): CodeIgniter\CodeIgniter->handleRequest(null, Object(Config\Cache), false)
 4 SYSTEMPATH\Boot.php(325): CodeIgniter\CodeIgniter->run()
 5 SYSTEMPATH\Boot.php(67): CodeIgniter\Boot::runCodeIgniter(Object(CodeIgniter\CodeIgniter))
 6 FCPATH\index.php(56): CodeIgniter\Boot::bootWeb(Object(Config\Paths))
WARNING - 2025-08-05 11:32:49 --> [DEPRECATED] Creation of dynamic property App\Controllers\MaterialController::$uri is deprecated in APPPATH\Controllers\MaterialController.php on line 17.
 1 SYSTEMPATH\CodeIgniter.php(903): App\Controllers\MaterialController->__construct()
 2 SYSTEMPATH\CodeIgniter.php(500): CodeIgniter\CodeIgniter->createController()
 3 SYSTEMPATH\CodeIgniter.php(355): CodeIgniter\CodeIgniter->handleRequest(null, Object(Config\Cache), false)
 4 SYSTEMPATH\Boot.php(325): CodeIgniter\CodeIgniter->run()
 5 SYSTEMPATH\Boot.php(67): CodeIgniter\Boot::runCodeIgniter(Object(CodeIgniter\CodeIgniter))
 6 FCPATH\index.php(56): CodeIgniter\Boot::bootWeb(Object(Config\Paths))
WARNING - 2025-08-05 11:32:49 --> [DEPRECATED] Creation of dynamic property App\Controllers\MaterialController::$form_validation is deprecated in APPPATH\Controllers\MaterialController.php on line 19.
 1 SYSTEMPATH\CodeIgniter.php(903): App\Controllers\MaterialController->__construct()
 2 SYSTEMPATH\CodeIgniter.php(500): CodeIgniter\CodeIgniter->createController()
 3 SYSTEMPATH\CodeIgniter.php(355): CodeIgniter\CodeIgniter->handleRequest(null, Object(Config\Cache), false)
 4 SYSTEMPATH\Boot.php(325): CodeIgniter\CodeIgniter->run()
 5 SYSTEMPATH\Boot.php(67): CodeIgniter\Boot::runCodeIgniter(Object(CodeIgniter\CodeIgniter))
 6 FCPATH\index.php(56): CodeIgniter\Boot::bootWeb(Object(Config\Paths))
WARNING - 2025-08-05 11:32:49 --> [DEPRECATED] Creation of dynamic property App\Controllers\MaterialController::$userValidation is deprecated in APPPATH\Controllers\MaterialController.php on line 20.
 1 SYSTEMPATH\CodeIgniter.php(903): App\Controllers\MaterialController->__construct()
 2 SYSTEMPATH\CodeIgniter.php(500): CodeIgniter\CodeIgniter->createController()
 3 SYSTEMPATH\CodeIgniter.php(355): CodeIgniter\CodeIgniter->handleRequest(null, Object(Config\Cache), false)
 4 SYSTEMPATH\Boot.php(325): CodeIgniter\CodeIgniter->run()
 5 SYSTEMPATH\Boot.php(67): CodeIgniter\Boot::runCodeIgniter(Object(CodeIgniter\CodeIgniter))
 6 FCPATH\index.php(56): CodeIgniter\Boot::bootWeb(Object(Config\Paths))
INFO - 2025-08-05 11:32:50 --> Session: Class initialized using 'CodeIgniter\Session\Handlers\FileHandler' driver.
WARNING - 2025-08-05 11:32:50 --> [DEPRECATED] Creation of dynamic property App\Controllers\MaterialController::$db is deprecated in APPPATH\Controllers\MaterialController.php on line 15.
 1 SYSTEMPATH\CodeIgniter.php(903): App\Controllers\MaterialController->__construct()
 2 SYSTEMPATH\CodeIgniter.php(500): CodeIgniter\CodeIgniter->createController()
 3 SYSTEMPATH\CodeIgniter.php(355): CodeIgniter\CodeIgniter->handleRequest(null, Object(Config\Cache), false)
 4 SYSTEMPATH\Boot.php(325): CodeIgniter\CodeIgniter->run()
 5 SYSTEMPATH\Boot.php(67): CodeIgniter\Boot::runCodeIgniter(Object(CodeIgniter\CodeIgniter))
 6 FCPATH\index.php(56): CodeIgniter\Boot::bootWeb(Object(Config\Paths))
WARNING - 2025-08-05 11:32:50 --> [DEPRECATED] Creation of dynamic property App\Controllers\MaterialController::$session is deprecated in APPPATH\Controllers\MaterialController.php on line 16.
 1 SYSTEMPATH\CodeIgniter.php(903): App\Controllers\MaterialController->__construct()
 2 SYSTEMPATH\CodeIgniter.php(500): CodeIgniter\CodeIgniter->createController()
 3 SYSTEMPATH\CodeIgniter.php(355): CodeIgniter\CodeIgniter->handleRequest(null, Object(Config\Cache), false)
 4 SYSTEMPATH\Boot.php(325): CodeIgniter\CodeIgniter->run()
 5 SYSTEMPATH\Boot.php(67): CodeIgniter\Boot::runCodeIgniter(Object(CodeIgniter\CodeIgniter))
 6 FCPATH\index.php(56): CodeIgniter\Boot::bootWeb(Object(Config\Paths))
WARNING - 2025-08-05 11:32:50 --> [DEPRECATED] Creation of dynamic property App\Controllers\MaterialController::$uri is deprecated in APPPATH\Controllers\MaterialController.php on line 17.
 1 SYSTEMPATH\CodeIgniter.php(903): App\Controllers\MaterialController->__construct()
 2 SYSTEMPATH\CodeIgniter.php(500): CodeIgniter\CodeIgniter->createController()
 3 SYSTEMPATH\CodeIgniter.php(355): CodeIgniter\CodeIgniter->handleRequest(null, Object(Config\Cache), false)
 4 SYSTEMPATH\Boot.php(325): CodeIgniter\CodeIgniter->run()
 5 SYSTEMPATH\Boot.php(67): CodeIgniter\Boot::runCodeIgniter(Object(CodeIgniter\CodeIgniter))
 6 FCPATH\index.php(56): CodeIgniter\Boot::bootWeb(Object(Config\Paths))
WARNING - 2025-08-05 11:32:50 --> [DEPRECATED] Creation of dynamic property App\Controllers\MaterialController::$form_validation is deprecated in APPPATH\Controllers\MaterialController.php on line 19.
 1 SYSTEMPATH\CodeIgniter.php(903): App\Controllers\MaterialController->__construct()
 2 SYSTEMPATH\CodeIgniter.php(500): CodeIgniter\CodeIgniter->createController()
 3 SYSTEMPATH\CodeIgniter.php(355): CodeIgniter\CodeIgniter->handleRequest(null, Object(Config\Cache), false)
 4 SYSTEMPATH\Boot.php(325): CodeIgniter\CodeIgniter->run()
 5 SYSTEMPATH\Boot.php(67): CodeIgniter\Boot::runCodeIgniter(Object(CodeIgniter\CodeIgniter))
 6 FCPATH\index.php(56): CodeIgniter\Boot::bootWeb(Object(Config\Paths))
WARNING - 2025-08-05 11:32:50 --> [DEPRECATED] Creation of dynamic property App\Controllers\MaterialController::$userValidation is deprecated in APPPATH\Controllers\MaterialController.php on line 20.
 1 SYSTEMPATH\CodeIgniter.php(903): App\Controllers\MaterialController->__construct()
 2 SYSTEMPATH\CodeIgniter.php(500): CodeIgniter\CodeIgniter->createController()
 3 SYSTEMPATH\CodeIgniter.php(355): CodeIgniter\CodeIgniter->handleRequest(null, Object(Config\Cache), false)
 4 SYSTEMPATH\Boot.php(325): CodeIgniter\CodeIgniter->run()
 5 SYSTEMPATH\Boot.php(67): CodeIgniter\Boot::runCodeIgniter(Object(CodeIgniter\CodeIgniter))
 6 FCPATH\index.php(56): CodeIgniter\Boot::bootWeb(Object(Config\Paths))
INFO - 2025-08-05 11:32:50 --> Session: Class initialized using 'CodeIgniter\Session\Handlers\FileHandler' driver.
WARNING - 2025-08-05 11:32:50 --> [DEPRECATED] Creation of dynamic property App\Controllers\MaterialController::$db is deprecated in APPPATH\Controllers\MaterialController.php on line 15.
 1 SYSTEMPATH\CodeIgniter.php(903): App\Controllers\MaterialController->__construct()
 2 SYSTEMPATH\CodeIgniter.php(500): CodeIgniter\CodeIgniter->createController()
 3 SYSTEMPATH\CodeIgniter.php(355): CodeIgniter\CodeIgniter->handleRequest(null, Object(Config\Cache), false)
 4 SYSTEMPATH\Boot.php(325): CodeIgniter\CodeIgniter->run()
 5 SYSTEMPATH\Boot.php(67): CodeIgniter\Boot::runCodeIgniter(Object(CodeIgniter\CodeIgniter))
 6 FCPATH\index.php(56): CodeIgniter\Boot::bootWeb(Object(Config\Paths))
WARNING - 2025-08-05 11:32:50 --> [DEPRECATED] Creation of dynamic property App\Controllers\MaterialController::$session is deprecated in APPPATH\Controllers\MaterialController.php on line 16.
 1 SYSTEMPATH\CodeIgniter.php(903): App\Controllers\MaterialController->__construct()
 2 SYSTEMPATH\CodeIgniter.php(500): CodeIgniter\CodeIgniter->createController()
 3 SYSTEMPATH\CodeIgniter.php(355): CodeIgniter\CodeIgniter->handleRequest(null, Object(Config\Cache), false)
 4 SYSTEMPATH\Boot.php(325): CodeIgniter\CodeIgniter->run()
 5 SYSTEMPATH\Boot.php(67): CodeIgniter\Boot::runCodeIgniter(Object(CodeIgniter\CodeIgniter))
 6 FCPATH\index.php(56): CodeIgniter\Boot::bootWeb(Object(Config\Paths))
WARNING - 2025-08-05 11:32:50 --> [DEPRECATED] Creation of dynamic property App\Controllers\MaterialController::$uri is deprecated in APPPATH\Controllers\MaterialController.php on line 17.
 1 SYSTEMPATH\CodeIgniter.php(903): App\Controllers\MaterialController->__construct()
 2 SYSTEMPATH\CodeIgniter.php(500): CodeIgniter\CodeIgniter->createController()
 3 SYSTEMPATH\CodeIgniter.php(355): CodeIgniter\CodeIgniter->handleRequest(null, Object(Config\Cache), false)
 4 SYSTEMPATH\Boot.php(325): CodeIgniter\CodeIgniter->run()
 5 SYSTEMPATH\Boot.php(67): CodeIgniter\Boot::runCodeIgniter(Object(CodeIgniter\CodeIgniter))
 6 FCPATH\index.php(56): CodeIgniter\Boot::bootWeb(Object(Config\Paths))
WARNING - 2025-08-05 11:32:50 --> [DEPRECATED] Creation of dynamic property App\Controllers\MaterialController::$form_validation is deprecated in APPPATH\Controllers\MaterialController.php on line 19.
 1 SYSTEMPATH\CodeIgniter.php(903): App\Controllers\MaterialController->__construct()
 2 SYSTEMPATH\CodeIgniter.php(500): CodeIgniter\CodeIgniter->createController()
 3 SYSTEMPATH\CodeIgniter.php(355): CodeIgniter\CodeIgniter->handleRequest(null, Object(Config\Cache), false)
 4 SYSTEMPATH\Boot.php(325): CodeIgniter\CodeIgniter->run()
 5 SYSTEMPATH\Boot.php(67): CodeIgniter\Boot::runCodeIgniter(Object(CodeIgniter\CodeIgniter))
 6 FCPATH\index.php(56): CodeIgniter\Boot::bootWeb(Object(Config\Paths))
WARNING - 2025-08-05 11:32:50 --> [DEPRECATED] Creation of dynamic property App\Controllers\MaterialController::$userValidation is deprecated in APPPATH\Controllers\MaterialController.php on line 20.
 1 SYSTEMPATH\CodeIgniter.php(903): App\Controllers\MaterialController->__construct()
 2 SYSTEMPATH\CodeIgniter.php(500): CodeIgniter\CodeIgniter->createController()
 3 SYSTEMPATH\CodeIgniter.php(355): CodeIgniter\CodeIgniter->handleRequest(null, Object(Config\Cache), false)
 4 SYSTEMPATH\Boot.php(325): CodeIgniter\CodeIgniter->run()
 5 SYSTEMPATH\Boot.php(67): CodeIgniter\Boot::runCodeIgniter(Object(CodeIgniter\CodeIgniter))
 6 FCPATH\index.php(56): CodeIgniter\Boot::bootWeb(Object(Config\Paths))
INFO - 2025-08-05 11:32:51 --> Session: Class initialized using 'CodeIgniter\Session\Handlers\FileHandler' driver.
WARNING - 2025-08-05 11:32:51 --> [DEPRECATED] Creation of dynamic property App\Controllers\MaterialController::$db is deprecated in APPPATH\Controllers\MaterialController.php on line 15.
 1 SYSTEMPATH\CodeIgniter.php(903): App\Controllers\MaterialController->__construct()
 2 SYSTEMPATH\CodeIgniter.php(500): CodeIgniter\CodeIgniter->createController()
 3 SYSTEMPATH\CodeIgniter.php(355): CodeIgniter\CodeIgniter->handleRequest(null, Object(Config\Cache), false)
 4 SYSTEMPATH\Boot.php(325): CodeIgniter\CodeIgniter->run()
 5 SYSTEMPATH\Boot.php(67): CodeIgniter\Boot::runCodeIgniter(Object(CodeIgniter\CodeIgniter))
 6 FCPATH\index.php(56): CodeIgniter\Boot::bootWeb(Object(Config\Paths))
WARNING - 2025-08-05 11:32:51 --> [DEPRECATED] Creation of dynamic property App\Controllers\MaterialController::$session is deprecated in APPPATH\Controllers\MaterialController.php on line 16.
 1 SYSTEMPATH\CodeIgniter.php(903): App\Controllers\MaterialController->__construct()
 2 SYSTEMPATH\CodeIgniter.php(500): CodeIgniter\CodeIgniter->createController()
 3 SYSTEMPATH\CodeIgniter.php(355): CodeIgniter\CodeIgniter->handleRequest(null, Object(Config\Cache), false)
 4 SYSTEMPATH\Boot.php(325): CodeIgniter\CodeIgniter->run()
 5 SYSTEMPATH\Boot.php(67): CodeIgniter\Boot::runCodeIgniter(Object(CodeIgniter\CodeIgniter))
 6 FCPATH\index.php(56): CodeIgniter\Boot::bootWeb(Object(Config\Paths))
WARNING - 2025-08-05 11:32:51 --> [DEPRECATED] Creation of dynamic property App\Controllers\MaterialController::$uri is deprecated in APPPATH\Controllers\MaterialController.php on line 17.
 1 SYSTEMPATH\CodeIgniter.php(903): App\Controllers\MaterialController->__construct()
 2 SYSTEMPATH\CodeIgniter.php(500): CodeIgniter\CodeIgniter->createController()
 3 SYSTEMPATH\CodeIgniter.php(355): CodeIgniter\CodeIgniter->handleRequest(null, Object(Config\Cache), false)
 4 SYSTEMPATH\Boot.php(325): CodeIgniter\CodeIgniter->run()
 5 SYSTEMPATH\Boot.php(67): CodeIgniter\Boot::runCodeIgniter(Object(CodeIgniter\CodeIgniter))
 6 FCPATH\index.php(56): CodeIgniter\Boot::bootWeb(Object(Config\Paths))
WARNING - 2025-08-05 11:32:51 --> [DEPRECATED] Creation of dynamic property App\Controllers\MaterialController::$form_validation is deprecated in APPPATH\Controllers\MaterialController.php on line 19.
 1 SYSTEMPATH\CodeIgniter.php(903): App\Controllers\MaterialController->__construct()
 2 SYSTEMPATH\CodeIgniter.php(500): CodeIgniter\CodeIgniter->createController()
 3 SYSTEMPATH\CodeIgniter.php(355): CodeIgniter\CodeIgniter->handleRequest(null, Object(Config\Cache), false)
 4 SYSTEMPATH\Boot.php(325): CodeIgniter\CodeIgniter->run()
 5 SYSTEMPATH\Boot.php(67): CodeIgniter\Boot::runCodeIgniter(Object(CodeIgniter\CodeIgniter))
 6 FCPATH\index.php(56): CodeIgniter\Boot::bootWeb(Object(Config\Paths))
WARNING - 2025-08-05 11:32:51 --> [DEPRECATED] Creation of dynamic property App\Controllers\MaterialController::$userValidation is deprecated in APPPATH\Controllers\MaterialController.php on line 20.
 1 SYSTEMPATH\CodeIgniter.php(903): App\Controllers\MaterialController->__construct()
 2 SYSTEMPATH\CodeIgniter.php(500): CodeIgniter\CodeIgniter->createController()
 3 SYSTEMPATH\CodeIgniter.php(355): CodeIgniter\CodeIgniter->handleRequest(null, Object(Config\Cache), false)
 4 SYSTEMPATH\Boot.php(325): CodeIgniter\CodeIgniter->run()
 5 SYSTEMPATH\Boot.php(67): CodeIgniter\Boot::runCodeIgniter(Object(CodeIgniter\CodeIgniter))
 6 FCPATH\index.php(56): CodeIgniter\Boot::bootWeb(Object(Config\Paths))
INFO - 2025-08-05 11:32:51 --> Session: Class initialized using 'CodeIgniter\Session\Handlers\FileHandler' driver.
WARNING - 2025-08-05 11:32:51 --> [DEPRECATED] Creation of dynamic property App\Controllers\MaterialController::$db is deprecated in APPPATH\Controllers\MaterialController.php on line 15.
 1 SYSTEMPATH\CodeIgniter.php(903): App\Controllers\MaterialController->__construct()
 2 SYSTEMPATH\CodeIgniter.php(500): CodeIgniter\CodeIgniter->createController()
 3 SYSTEMPATH\CodeIgniter.php(355): CodeIgniter\CodeIgniter->handleRequest(null, Object(Config\Cache), false)
 4 SYSTEMPATH\Boot.php(325): CodeIgniter\CodeIgniter->run()
 5 SYSTEMPATH\Boot.php(67): CodeIgniter\Boot::runCodeIgniter(Object(CodeIgniter\CodeIgniter))
 6 FCPATH\index.php(56): CodeIgniter\Boot::bootWeb(Object(Config\Paths))
WARNING - 2025-08-05 11:32:51 --> [DEPRECATED] Creation of dynamic property App\Controllers\MaterialController::$session is deprecated in APPPATH\Controllers\MaterialController.php on line 16.
 1 SYSTEMPATH\CodeIgniter.php(903): App\Controllers\MaterialController->__construct()
 2 SYSTEMPATH\CodeIgniter.php(500): CodeIgniter\CodeIgniter->createController()
 3 SYSTEMPATH\CodeIgniter.php(355): CodeIgniter\CodeIgniter->handleRequest(null, Object(Config\Cache), false)
 4 SYSTEMPATH\Boot.php(325): CodeIgniter\CodeIgniter->run()
 5 SYSTEMPATH\Boot.php(67): CodeIgniter\Boot::runCodeIgniter(Object(CodeIgniter\CodeIgniter))
 6 FCPATH\index.php(56): CodeIgniter\Boot::bootWeb(Object(Config\Paths))
WARNING - 2025-08-05 11:32:51 --> [DEPRECATED] Creation of dynamic property App\Controllers\MaterialController::$uri is deprecated in APPPATH\Controllers\MaterialController.php on line 17.
 1 SYSTEMPATH\CodeIgniter.php(903): App\Controllers\MaterialController->__construct()
 2 SYSTEMPATH\CodeIgniter.php(500): CodeIgniter\CodeIgniter->createController()
 3 SYSTEMPATH\CodeIgniter.php(355): CodeIgniter\CodeIgniter->handleRequest(null, Object(Config\Cache), false)
 4 SYSTEMPATH\Boot.php(325): CodeIgniter\CodeIgniter->run()
 5 SYSTEMPATH\Boot.php(67): CodeIgniter\Boot::runCodeIgniter(Object(CodeIgniter\CodeIgniter))
 6 FCPATH\index.php(56): CodeIgniter\Boot::bootWeb(Object(Config\Paths))
WARNING - 2025-08-05 11:32:51 --> [DEPRECATED] Creation of dynamic property App\Controllers\MaterialController::$form_validation is deprecated in APPPATH\Controllers\MaterialController.php on line 19.
 1 SYSTEMPATH\CodeIgniter.php(903): App\Controllers\MaterialController->__construct()
 2 SYSTEMPATH\CodeIgniter.php(500): CodeIgniter\CodeIgniter->createController()
 3 SYSTEMPATH\CodeIgniter.php(355): CodeIgniter\CodeIgniter->handleRequest(null, Object(Config\Cache), false)
 4 SYSTEMPATH\Boot.php(325): CodeIgniter\CodeIgniter->run()
 5 SYSTEMPATH\Boot.php(67): CodeIgniter\Boot::runCodeIgniter(Object(CodeIgniter\CodeIgniter))
 6 FCPATH\index.php(56): CodeIgniter\Boot::bootWeb(Object(Config\Paths))
WARNING - 2025-08-05 11:32:51 --> [DEPRECATED] Creation of dynamic property App\Controllers\MaterialController::$userValidation is deprecated in APPPATH\Controllers\MaterialController.php on line 20.
 1 SYSTEMPATH\CodeIgniter.php(903): App\Controllers\MaterialController->__construct()
 2 SYSTEMPATH\CodeIgniter.php(500): CodeIgniter\CodeIgniter->createController()
 3 SYSTEMPATH\CodeIgniter.php(355): CodeIgniter\CodeIgniter->handleRequest(null, Object(Config\Cache), false)
 4 SYSTEMPATH\Boot.php(325): CodeIgniter\CodeIgniter->run()
 5 SYSTEMPATH\Boot.php(67): CodeIgniter\Boot::runCodeIgniter(Object(CodeIgniter\CodeIgniter))
 6 FCPATH\index.php(56): CodeIgniter\Boot::bootWeb(Object(Config\Paths))
INFO - 2025-08-05 11:32:51 --> Session: Class initialized using 'CodeIgniter\Session\Handlers\FileHandler' driver.
WARNING - 2025-08-05 11:32:51 --> [DEPRECATED] Creation of dynamic property App\Controllers\MaterialController::$db is deprecated in APPPATH\Controllers\MaterialController.php on line 15.
 1 SYSTEMPATH\CodeIgniter.php(903): App\Controllers\MaterialController->__construct()
 2 SYSTEMPATH\CodeIgniter.php(500): CodeIgniter\CodeIgniter->createController()
 3 SYSTEMPATH\CodeIgniter.php(355): CodeIgniter\CodeIgniter->handleRequest(null, Object(Config\Cache), false)
 4 SYSTEMPATH\Boot.php(325): CodeIgniter\CodeIgniter->run()
 5 SYSTEMPATH\Boot.php(67): CodeIgniter\Boot::runCodeIgniter(Object(CodeIgniter\CodeIgniter))
 6 FCPATH\index.php(56): CodeIgniter\Boot::bootWeb(Object(Config\Paths))
WARNING - 2025-08-05 11:32:51 --> [DEPRECATED] Creation of dynamic property App\Controllers\MaterialController::$session is deprecated in APPPATH\Controllers\MaterialController.php on line 16.
 1 SYSTEMPATH\CodeIgniter.php(903): App\Controllers\MaterialController->__construct()
 2 SYSTEMPATH\CodeIgniter.php(500): CodeIgniter\CodeIgniter->createController()
 3 SYSTEMPATH\CodeIgniter.php(355): CodeIgniter\CodeIgniter->handleRequest(null, Object(Config\Cache), false)
 4 SYSTEMPATH\Boot.php(325): CodeIgniter\CodeIgniter->run()
 5 SYSTEMPATH\Boot.php(67): CodeIgniter\Boot::runCodeIgniter(Object(CodeIgniter\CodeIgniter))
 6 FCPATH\index.php(56): CodeIgniter\Boot::bootWeb(Object(Config\Paths))
WARNING - 2025-08-05 11:32:51 --> [DEPRECATED] Creation of dynamic property App\Controllers\MaterialController::$uri is deprecated in APPPATH\Controllers\MaterialController.php on line 17.
 1 SYSTEMPATH\CodeIgniter.php(903): App\Controllers\MaterialController->__construct()
 2 SYSTEMPATH\CodeIgniter.php(500): CodeIgniter\CodeIgniter->createController()
 3 SYSTEMPATH\CodeIgniter.php(355): CodeIgniter\CodeIgniter->handleRequest(null, Object(Config\Cache), false)
 4 SYSTEMPATH\Boot.php(325): CodeIgniter\CodeIgniter->run()
 5 SYSTEMPATH\Boot.php(67): CodeIgniter\Boot::runCodeIgniter(Object(CodeIgniter\CodeIgniter))
 6 FCPATH\index.php(56): CodeIgniter\Boot::bootWeb(Object(Config\Paths))
WARNING - 2025-08-05 11:32:51 --> [DEPRECATED] Creation of dynamic property App\Controllers\MaterialController::$form_validation is deprecated in APPPATH\Controllers\MaterialController.php on line 19.
 1 SYSTEMPATH\CodeIgniter.php(903): App\Controllers\MaterialController->__construct()
 2 SYSTEMPATH\CodeIgniter.php(500): CodeIgniter\CodeIgniter->createController()
 3 SYSTEMPATH\CodeIgniter.php(355): CodeIgniter\CodeIgniter->handleRequest(null, Object(Config\Cache), false)
 4 SYSTEMPATH\Boot.php(325): CodeIgniter\CodeIgniter->run()
 5 SYSTEMPATH\Boot.php(67): CodeIgniter\Boot::runCodeIgniter(Object(CodeIgniter\CodeIgniter))
 6 FCPATH\index.php(56): CodeIgniter\Boot::bootWeb(Object(Config\Paths))
WARNING - 2025-08-05 11:32:51 --> [DEPRECATED] Creation of dynamic property App\Controllers\MaterialController::$userValidation is deprecated in APPPATH\Controllers\MaterialController.php on line 20.
 1 SYSTEMPATH\CodeIgniter.php(903): App\Controllers\MaterialController->__construct()
 2 SYSTEMPATH\CodeIgniter.php(500): CodeIgniter\CodeIgniter->createController()
 3 SYSTEMPATH\CodeIgniter.php(355): CodeIgniter\CodeIgniter->handleRequest(null, Object(Config\Cache), false)
 4 SYSTEMPATH\Boot.php(325): CodeIgniter\CodeIgniter->run()
 5 SYSTEMPATH\Boot.php(67): CodeIgniter\Boot::runCodeIgniter(Object(CodeIgniter\CodeIgniter))
 6 FCPATH\index.php(56): CodeIgniter\Boot::bootWeb(Object(Config\Paths))
INFO - 2025-08-05 11:32:53 --> Session: Class initialized using 'CodeIgniter\Session\Handlers\FileHandler' driver.
WARNING - 2025-08-05 11:32:53 --> [DEPRECATED] Creation of dynamic property App\Controllers\MaterialController::$db is deprecated in APPPATH\Controllers\MaterialController.php on line 15.
 1 SYSTEMPATH\CodeIgniter.php(903): App\Controllers\MaterialController->__construct()
 2 SYSTEMPATH\CodeIgniter.php(500): CodeIgniter\CodeIgniter->createController()
 3 SYSTEMPATH\CodeIgniter.php(355): CodeIgniter\CodeIgniter->handleRequest(null, Object(Config\Cache), false)
 4 SYSTEMPATH\Boot.php(325): CodeIgniter\CodeIgniter->run()
 5 SYSTEMPATH\Boot.php(67): CodeIgniter\Boot::runCodeIgniter(Object(CodeIgniter\CodeIgniter))
 6 FCPATH\index.php(56): CodeIgniter\Boot::bootWeb(Object(Config\Paths))
WARNING - 2025-08-05 11:32:53 --> [DEPRECATED] Creation of dynamic property App\Controllers\MaterialController::$session is deprecated in APPPATH\Controllers\MaterialController.php on line 16.
 1 SYSTEMPATH\CodeIgniter.php(903): App\Controllers\MaterialController->__construct()
 2 SYSTEMPATH\CodeIgniter.php(500): CodeIgniter\CodeIgniter->createController()
 3 SYSTEMPATH\CodeIgniter.php(355): CodeIgniter\CodeIgniter->handleRequest(null, Object(Config\Cache), false)
 4 SYSTEMPATH\Boot.php(325): CodeIgniter\CodeIgniter->run()
 5 SYSTEMPATH\Boot.php(67): CodeIgniter\Boot::runCodeIgniter(Object(CodeIgniter\CodeIgniter))
 6 FCPATH\index.php(56): CodeIgniter\Boot::bootWeb(Object(Config\Paths))
WARNING - 2025-08-05 11:32:53 --> [DEPRECATED] Creation of dynamic property App\Controllers\MaterialController::$uri is deprecated in APPPATH\Controllers\MaterialController.php on line 17.
 1 SYSTEMPATH\CodeIgniter.php(903): App\Controllers\MaterialController->__construct()
 2 SYSTEMPATH\CodeIgniter.php(500): CodeIgniter\CodeIgniter->createController()
 3 SYSTEMPATH\CodeIgniter.php(355): CodeIgniter\CodeIgniter->handleRequest(null, Object(Config\Cache), false)
 4 SYSTEMPATH\Boot.php(325): CodeIgniter\CodeIgniter->run()
 5 SYSTEMPATH\Boot.php(67): CodeIgniter\Boot::runCodeIgniter(Object(CodeIgniter\CodeIgniter))
 6 FCPATH\index.php(56): CodeIgniter\Boot::bootWeb(Object(Config\Paths))
WARNING - 2025-08-05 11:32:53 --> [DEPRECATED] Creation of dynamic property App\Controllers\MaterialController::$form_validation is deprecated in APPPATH\Controllers\MaterialController.php on line 19.
 1 SYSTEMPATH\CodeIgniter.php(903): App\Controllers\MaterialController->__construct()
 2 SYSTEMPATH\CodeIgniter.php(500): CodeIgniter\CodeIgniter->createController()
 3 SYSTEMPATH\CodeIgniter.php(355): CodeIgniter\CodeIgniter->handleRequest(null, Object(Config\Cache), false)
 4 SYSTEMPATH\Boot.php(325): CodeIgniter\CodeIgniter->run()
 5 SYSTEMPATH\Boot.php(67): CodeIgniter\Boot::runCodeIgniter(Object(CodeIgniter\CodeIgniter))
 6 FCPATH\index.php(56): CodeIgniter\Boot::bootWeb(Object(Config\Paths))
WARNING - 2025-08-05 11:32:53 --> [DEPRECATED] Creation of dynamic property App\Controllers\MaterialController::$userValidation is deprecated in APPPATH\Controllers\MaterialController.php on line 20.
 1 SYSTEMPATH\CodeIgniter.php(903): App\Controllers\MaterialController->__construct()
 2 SYSTEMPATH\CodeIgniter.php(500): CodeIgniter\CodeIgniter->createController()
 3 SYSTEMPATH\CodeIgniter.php(355): CodeIgniter\CodeIgniter->handleRequest(null, Object(Config\Cache), false)
 4 SYSTEMPATH\Boot.php(325): CodeIgniter\CodeIgniter->run()
 5 SYSTEMPATH\Boot.php(67): CodeIgniter\Boot::runCodeIgniter(Object(CodeIgniter\CodeIgniter))
 6 FCPATH\index.php(56): CodeIgniter\Boot::bootWeb(Object(Config\Paths))
INFO - 2025-08-05 11:32:55 --> Session: Class initialized using 'CodeIgniter\Session\Handlers\FileHandler' driver.
WARNING - 2025-08-05 11:32:55 --> [DEPRECATED] Creation of dynamic property App\Controllers\MaterialController::$db is deprecated in APPPATH\Controllers\MaterialController.php on line 15.
 1 SYSTEMPATH\CodeIgniter.php(903): App\Controllers\MaterialController->__construct()
 2 SYSTEMPATH\CodeIgniter.php(500): CodeIgniter\CodeIgniter->createController()
 3 SYSTEMPATH\CodeIgniter.php(355): CodeIgniter\CodeIgniter->handleRequest(null, Object(Config\Cache), false)
 4 SYSTEMPATH\Boot.php(325): CodeIgniter\CodeIgniter->run()
 5 SYSTEMPATH\Boot.php(67): CodeIgniter\Boot::runCodeIgniter(Object(CodeIgniter\CodeIgniter))
 6 FCPATH\index.php(56): CodeIgniter\Boot::bootWeb(Object(Config\Paths))
WARNING - 2025-08-05 11:32:55 --> [DEPRECATED] Creation of dynamic property App\Controllers\MaterialController::$session is deprecated in APPPATH\Controllers\MaterialController.php on line 16.
 1 SYSTEMPATH\CodeIgniter.php(903): App\Controllers\MaterialController->__construct()
 2 SYSTEMPATH\CodeIgniter.php(500): CodeIgniter\CodeIgniter->createController()
 3 SYSTEMPATH\CodeIgniter.php(355): CodeIgniter\CodeIgniter->handleRequest(null, Object(Config\Cache), false)
 4 SYSTEMPATH\Boot.php(325): CodeIgniter\CodeIgniter->run()
 5 SYSTEMPATH\Boot.php(67): CodeIgniter\Boot::runCodeIgniter(Object(CodeIgniter\CodeIgniter))
 6 FCPATH\index.php(56): CodeIgniter\Boot::bootWeb(Object(Config\Paths))
WARNING - 2025-08-05 11:32:55 --> [DEPRECATED] Creation of dynamic property App\Controllers\MaterialController::$uri is deprecated in APPPATH\Controllers\MaterialController.php on line 17.
 1 SYSTEMPATH\CodeIgniter.php(903): App\Controllers\MaterialController->__construct()
 2 SYSTEMPATH\CodeIgniter.php(500): CodeIgniter\CodeIgniter->createController()
 3 SYSTEMPATH\CodeIgniter.php(355): CodeIgniter\CodeIgniter->handleRequest(null, Object(Config\Cache), false)
 4 SYSTEMPATH\Boot.php(325): CodeIgniter\CodeIgniter->run()
 5 SYSTEMPATH\Boot.php(67): CodeIgniter\Boot::runCodeIgniter(Object(CodeIgniter\CodeIgniter))
 6 FCPATH\index.php(56): CodeIgniter\Boot::bootWeb(Object(Config\Paths))
WARNING - 2025-08-05 11:32:55 --> [DEPRECATED] Creation of dynamic property App\Controllers\MaterialController::$form_validation is deprecated in APPPATH\Controllers\MaterialController.php on line 19.
 1 SYSTEMPATH\CodeIgniter.php(903): App\Controllers\MaterialController->__construct()
 2 SYSTEMPATH\CodeIgniter.php(500): CodeIgniter\CodeIgniter->createController()
 3 SYSTEMPATH\CodeIgniter.php(355): CodeIgniter\CodeIgniter->handleRequest(null, Object(Config\Cache), false)
 4 SYSTEMPATH\Boot.php(325): CodeIgniter\CodeIgniter->run()
 5 SYSTEMPATH\Boot.php(67): CodeIgniter\Boot::runCodeIgniter(Object(CodeIgniter\CodeIgniter))
 6 FCPATH\index.php(56): CodeIgniter\Boot::bootWeb(Object(Config\Paths))
WARNING - 2025-08-05 11:32:55 --> [DEPRECATED] Creation of dynamic property App\Controllers\MaterialController::$userValidation is deprecated in APPPATH\Controllers\MaterialController.php on line 20.
 1 SYSTEMPATH\CodeIgniter.php(903): App\Controllers\MaterialController->__construct()
 2 SYSTEMPATH\CodeIgniter.php(500): CodeIgniter\CodeIgniter->createController()
 3 SYSTEMPATH\CodeIgniter.php(355): CodeIgniter\CodeIgniter->handleRequest(null, Object(Config\Cache), false)
 4 SYSTEMPATH\Boot.php(325): CodeIgniter\CodeIgniter->run()
 5 SYSTEMPATH\Boot.php(67): CodeIgniter\Boot::runCodeIgniter(Object(CodeIgniter\CodeIgniter))
 6 FCPATH\index.php(56): CodeIgniter\Boot::bootWeb(Object(Config\Paths))
INFO - 2025-08-05 11:32:55 --> Session: Class initialized using 'CodeIgniter\Session\Handlers\FileHandler' driver.
WARNING - 2025-08-05 11:32:55 --> [DEPRECATED] Creation of dynamic property App\Controllers\MaterialController::$db is deprecated in APPPATH\Controllers\MaterialController.php on line 15.
 1 SYSTEMPATH\CodeIgniter.php(903): App\Controllers\MaterialController->__construct()
 2 SYSTEMPATH\CodeIgniter.php(500): CodeIgniter\CodeIgniter->createController()
 3 SYSTEMPATH\CodeIgniter.php(355): CodeIgniter\CodeIgniter->handleRequest(null, Object(Config\Cache), false)
 4 SYSTEMPATH\Boot.php(325): CodeIgniter\CodeIgniter->run()
 5 SYSTEMPATH\Boot.php(67): CodeIgniter\Boot::runCodeIgniter(Object(CodeIgniter\CodeIgniter))
 6 FCPATH\index.php(56): CodeIgniter\Boot::bootWeb(Object(Config\Paths))
WARNING - 2025-08-05 11:32:55 --> [DEPRECATED] Creation of dynamic property App\Controllers\MaterialController::$session is deprecated in APPPATH\Controllers\MaterialController.php on line 16.
 1 SYSTEMPATH\CodeIgniter.php(903): App\Controllers\MaterialController->__construct()
 2 SYSTEMPATH\CodeIgniter.php(500): CodeIgniter\CodeIgniter->createController()
 3 SYSTEMPATH\CodeIgniter.php(355): CodeIgniter\CodeIgniter->handleRequest(null, Object(Config\Cache), false)
 4 SYSTEMPATH\Boot.php(325): CodeIgniter\CodeIgniter->run()
 5 SYSTEMPATH\Boot.php(67): CodeIgniter\Boot::runCodeIgniter(Object(CodeIgniter\CodeIgniter))
 6 FCPATH\index.php(56): CodeIgniter\Boot::bootWeb(Object(Config\Paths))
WARNING - 2025-08-05 11:32:55 --> [DEPRECATED] Creation of dynamic property App\Controllers\MaterialController::$uri is deprecated in APPPATH\Controllers\MaterialController.php on line 17.
 1 SYSTEMPATH\CodeIgniter.php(903): App\Controllers\MaterialController->__construct()
 2 SYSTEMPATH\CodeIgniter.php(500): CodeIgniter\CodeIgniter->createController()
 3 SYSTEMPATH\CodeIgniter.php(355): CodeIgniter\CodeIgniter->handleRequest(null, Object(Config\Cache), false)
 4 SYSTEMPATH\Boot.php(325): CodeIgniter\CodeIgniter->run()
 5 SYSTEMPATH\Boot.php(67): CodeIgniter\Boot::runCodeIgniter(Object(CodeIgniter\CodeIgniter))
 6 FCPATH\index.php(56): CodeIgniter\Boot::bootWeb(Object(Config\Paths))
WARNING - 2025-08-05 11:32:55 --> [DEPRECATED] Creation of dynamic property App\Controllers\MaterialController::$form_validation is deprecated in APPPATH\Controllers\MaterialController.php on line 19.
 1 SYSTEMPATH\CodeIgniter.php(903): App\Controllers\MaterialController->__construct()
 2 SYSTEMPATH\CodeIgniter.php(500): CodeIgniter\CodeIgniter->createController()
 3 SYSTEMPATH\CodeIgniter.php(355): CodeIgniter\CodeIgniter->handleRequest(null, Object(Config\Cache), false)
 4 SYSTEMPATH\Boot.php(325): CodeIgniter\CodeIgniter->run()
 5 SYSTEMPATH\Boot.php(67): CodeIgniter\Boot::runCodeIgniter(Object(CodeIgniter\CodeIgniter))
 6 FCPATH\index.php(56): CodeIgniter\Boot::bootWeb(Object(Config\Paths))
WARNING - 2025-08-05 11:32:55 --> [DEPRECATED] Creation of dynamic property App\Controllers\MaterialController::$userValidation is deprecated in APPPATH\Controllers\MaterialController.php on line 20.
 1 SYSTEMPATH\CodeIgniter.php(903): App\Controllers\MaterialController->__construct()
 2 SYSTEMPATH\CodeIgniter.php(500): CodeIgniter\CodeIgniter->createController()
 3 SYSTEMPATH\CodeIgniter.php(355): CodeIgniter\CodeIgniter->handleRequest(null, Object(Config\Cache), false)
 4 SYSTEMPATH\Boot.php(325): CodeIgniter\CodeIgniter->run()
 5 SYSTEMPATH\Boot.php(67): CodeIgniter\Boot::runCodeIgniter(Object(CodeIgniter\CodeIgniter))
 6 FCPATH\index.php(56): CodeIgniter\Boot::bootWeb(Object(Config\Paths))
INFO - 2025-08-05 11:33:01 --> Session: Class initialized using 'CodeIgniter\Session\Handlers\FileHandler' driver.
WARNING - 2025-08-05 11:33:01 --> [DEPRECATED] Creation of dynamic property App\Controllers\MaterialController::$db is deprecated in APPPATH\Controllers\MaterialController.php on line 15.
 1 SYSTEMPATH\CodeIgniter.php(903): App\Controllers\MaterialController->__construct()
 2 SYSTEMPATH\CodeIgniter.php(500): CodeIgniter\CodeIgniter->createController()
 3 SYSTEMPATH\CodeIgniter.php(355): CodeIgniter\CodeIgniter->handleRequest(null, Object(Config\Cache), false)
 4 SYSTEMPATH\Boot.php(325): CodeIgniter\CodeIgniter->run()
 5 SYSTEMPATH\Boot.php(67): CodeIgniter\Boot::runCodeIgniter(Object(CodeIgniter\CodeIgniter))
 6 FCPATH\index.php(56): CodeIgniter\Boot::bootWeb(Object(Config\Paths))
WARNING - 2025-08-05 11:33:01 --> [DEPRECATED] Creation of dynamic property App\Controllers\MaterialController::$session is deprecated in APPPATH\Controllers\MaterialController.php on line 16.
 1 SYSTEMPATH\CodeIgniter.php(903): App\Controllers\MaterialController->__construct()
 2 SYSTEMPATH\CodeIgniter.php(500): CodeIgniter\CodeIgniter->createController()
 3 SYSTEMPATH\CodeIgniter.php(355): CodeIgniter\CodeIgniter->handleRequest(null, Object(Config\Cache), false)
 4 SYSTEMPATH\Boot.php(325): CodeIgniter\CodeIgniter->run()
 5 SYSTEMPATH\Boot.php(67): CodeIgniter\Boot::runCodeIgniter(Object(CodeIgniter\CodeIgniter))
 6 FCPATH\index.php(56): CodeIgniter\Boot::bootWeb(Object(Config\Paths))
WARNING - 2025-08-05 11:33:01 --> [DEPRECATED] Creation of dynamic property App\Controllers\MaterialController::$uri is deprecated in APPPATH\Controllers\MaterialController.php on line 17.
 1 SYSTEMPATH\CodeIgniter.php(903): App\Controllers\MaterialController->__construct()
 2 SYSTEMPATH\CodeIgniter.php(500): CodeIgniter\CodeIgniter->createController()
 3 SYSTEMPATH\CodeIgniter.php(355): CodeIgniter\CodeIgniter->handleRequest(null, Object(Config\Cache), false)
 4 SYSTEMPATH\Boot.php(325): CodeIgniter\CodeIgniter->run()
 5 SYSTEMPATH\Boot.php(67): CodeIgniter\Boot::runCodeIgniter(Object(CodeIgniter\CodeIgniter))
 6 FCPATH\index.php(56): CodeIgniter\Boot::bootWeb(Object(Config\Paths))
WARNING - 2025-08-05 11:33:01 --> [DEPRECATED] Creation of dynamic property App\Controllers\MaterialController::$form_validation is deprecated in APPPATH\Controllers\MaterialController.php on line 19.
 1 SYSTEMPATH\CodeIgniter.php(903): App\Controllers\MaterialController->__construct()
 2 SYSTEMPATH\CodeIgniter.php(500): CodeIgniter\CodeIgniter->createController()
 3 SYSTEMPATH\CodeIgniter.php(355): CodeIgniter\CodeIgniter->handleRequest(null, Object(Config\Cache), false)
 4 SYSTEMPATH\Boot.php(325): CodeIgniter\CodeIgniter->run()
 5 SYSTEMPATH\Boot.php(67): CodeIgniter\Boot::runCodeIgniter(Object(CodeIgniter\CodeIgniter))
 6 FCPATH\index.php(56): CodeIgniter\Boot::bootWeb(Object(Config\Paths))
WARNING - 2025-08-05 11:33:01 --> [DEPRECATED] Creation of dynamic property App\Controllers\MaterialController::$userValidation is deprecated in APPPATH\Controllers\MaterialController.php on line 20.
 1 SYSTEMPATH\CodeIgniter.php(903): App\Controllers\MaterialController->__construct()
 2 SYSTEMPATH\CodeIgniter.php(500): CodeIgniter\CodeIgniter->createController()
 3 SYSTEMPATH\CodeIgniter.php(355): CodeIgniter\CodeIgniter->handleRequest(null, Object(Config\Cache), false)
 4 SYSTEMPATH\Boot.php(325): CodeIgniter\CodeIgniter->run()
 5 SYSTEMPATH\Boot.php(67): CodeIgniter\Boot::runCodeIgniter(Object(CodeIgniter\CodeIgniter))
 6 FCPATH\index.php(56): CodeIgniter\Boot::bootWeb(Object(Config\Paths))
INFO - 2025-08-05 11:33:01 --> Session: Class initialized using 'CodeIgniter\Session\Handlers\FileHandler' driver.
WARNING - 2025-08-05 11:33:01 --> [DEPRECATED] Creation of dynamic property App\Controllers\MaterialController::$db is deprecated in APPPATH\Controllers\MaterialController.php on line 15.
 1 SYSTEMPATH\CodeIgniter.php(903): App\Controllers\MaterialController->__construct()
 2 SYSTEMPATH\CodeIgniter.php(500): CodeIgniter\CodeIgniter->createController()
 3 SYSTEMPATH\CodeIgniter.php(355): CodeIgniter\CodeIgniter->handleRequest(null, Object(Config\Cache), false)
 4 SYSTEMPATH\Boot.php(325): CodeIgniter\CodeIgniter->run()
 5 SYSTEMPATH\Boot.php(67): CodeIgniter\Boot::runCodeIgniter(Object(CodeIgniter\CodeIgniter))
 6 FCPATH\index.php(56): CodeIgniter\Boot::bootWeb(Object(Config\Paths))
WARNING - 2025-08-05 11:33:01 --> [DEPRECATED] Creation of dynamic property App\Controllers\MaterialController::$session is deprecated in APPPATH\Controllers\MaterialController.php on line 16.
 1 SYSTEMPATH\CodeIgniter.php(903): App\Controllers\MaterialController->__construct()
 2 SYSTEMPATH\CodeIgniter.php(500): CodeIgniter\CodeIgniter->createController()
 3 SYSTEMPATH\CodeIgniter.php(355): CodeIgniter\CodeIgniter->handleRequest(null, Object(Config\Cache), false)
 4 SYSTEMPATH\Boot.php(325): CodeIgniter\CodeIgniter->run()
 5 SYSTEMPATH\Boot.php(67): CodeIgniter\Boot::runCodeIgniter(Object(CodeIgniter\CodeIgniter))
 6 FCPATH\index.php(56): CodeIgniter\Boot::bootWeb(Object(Config\Paths))
WARNING - 2025-08-05 11:33:01 --> [DEPRECATED] Creation of dynamic property App\Controllers\MaterialController::$uri is deprecated in APPPATH\Controllers\MaterialController.php on line 17.
 1 SYSTEMPATH\CodeIgniter.php(903): App\Controllers\MaterialController->__construct()
 2 SYSTEMPATH\CodeIgniter.php(500): CodeIgniter\CodeIgniter->createController()
 3 SYSTEMPATH\CodeIgniter.php(355): CodeIgniter\CodeIgniter->handleRequest(null, Object(Config\Cache), false)
 4 SYSTEMPATH\Boot.php(325): CodeIgniter\CodeIgniter->run()
 5 SYSTEMPATH\Boot.php(67): CodeIgniter\Boot::runCodeIgniter(Object(CodeIgniter\CodeIgniter))
 6 FCPATH\index.php(56): CodeIgniter\Boot::bootWeb(Object(Config\Paths))
WARNING - 2025-08-05 11:33:01 --> [DEPRECATED] Creation of dynamic property App\Controllers\MaterialController::$form_validation is deprecated in APPPATH\Controllers\MaterialController.php on line 19.
 1 SYSTEMPATH\CodeIgniter.php(903): App\Controllers\MaterialController->__construct()
 2 SYSTEMPATH\CodeIgniter.php(500): CodeIgniter\CodeIgniter->createController()
 3 SYSTEMPATH\CodeIgniter.php(355): CodeIgniter\CodeIgniter->handleRequest(null, Object(Config\Cache), false)
 4 SYSTEMPATH\Boot.php(325): CodeIgniter\CodeIgniter->run()
 5 SYSTEMPATH\Boot.php(67): CodeIgniter\Boot::runCodeIgniter(Object(CodeIgniter\CodeIgniter))
 6 FCPATH\index.php(56): CodeIgniter\Boot::bootWeb(Object(Config\Paths))
WARNING - 2025-08-05 11:33:01 --> [DEPRECATED] Creation of dynamic property App\Controllers\MaterialController::$userValidation is deprecated in APPPATH\Controllers\MaterialController.php on line 20.
 1 SYSTEMPATH\CodeIgniter.php(903): App\Controllers\MaterialController->__construct()
 2 SYSTEMPATH\CodeIgniter.php(500): CodeIgniter\CodeIgniter->createController()
 3 SYSTEMPATH\CodeIgniter.php(355): CodeIgniter\CodeIgniter->handleRequest(null, Object(Config\Cache), false)
 4 SYSTEMPATH\Boot.php(325): CodeIgniter\CodeIgniter->run()
 5 SYSTEMPATH\Boot.php(67): CodeIgniter\Boot::runCodeIgniter(Object(CodeIgniter\CodeIgniter))
 6 FCPATH\index.php(56): CodeIgniter\Boot::bootWeb(Object(Config\Paths))
INFO - 2025-08-05 11:33:01 --> Session: Class initialized using 'CodeIgniter\Session\Handlers\FileHandler' driver.
WARNING - 2025-08-05 11:33:01 --> [DEPRECATED] Creation of dynamic property App\Controllers\MaterialController::$db is deprecated in APPPATH\Controllers\MaterialController.php on line 15.
 1 SYSTEMPATH\CodeIgniter.php(903): App\Controllers\MaterialController->__construct()
 2 SYSTEMPATH\CodeIgniter.php(500): CodeIgniter\CodeIgniter->createController()
 3 SYSTEMPATH\CodeIgniter.php(355): CodeIgniter\CodeIgniter->handleRequest(null, Object(Config\Cache), false)
 4 SYSTEMPATH\Boot.php(325): CodeIgniter\CodeIgniter->run()
 5 SYSTEMPATH\Boot.php(67): CodeIgniter\Boot::runCodeIgniter(Object(CodeIgniter\CodeIgniter))
 6 FCPATH\index.php(56): CodeIgniter\Boot::bootWeb(Object(Config\Paths))
WARNING - 2025-08-05 11:33:01 --> [DEPRECATED] Creation of dynamic property App\Controllers\MaterialController::$session is deprecated in APPPATH\Controllers\MaterialController.php on line 16.
 1 SYSTEMPATH\CodeIgniter.php(903): App\Controllers\MaterialController->__construct()
 2 SYSTEMPATH\CodeIgniter.php(500): CodeIgniter\CodeIgniter->createController()
 3 SYSTEMPATH\CodeIgniter.php(355): CodeIgniter\CodeIgniter->handleRequest(null, Object(Config\Cache), false)
 4 SYSTEMPATH\Boot.php(325): CodeIgniter\CodeIgniter->run()
 5 SYSTEMPATH\Boot.php(67): CodeIgniter\Boot::runCodeIgniter(Object(CodeIgniter\CodeIgniter))
 6 FCPATH\index.php(56): CodeIgniter\Boot::bootWeb(Object(Config\Paths))
WARNING - 2025-08-05 11:33:01 --> [DEPRECATED] Creation of dynamic property App\Controllers\MaterialController::$uri is deprecated in APPPATH\Controllers\MaterialController.php on line 17.
 1 SYSTEMPATH\CodeIgniter.php(903): App\Controllers\MaterialController->__construct()
 2 SYSTEMPATH\CodeIgniter.php(500): CodeIgniter\CodeIgniter->createController()
 3 SYSTEMPATH\CodeIgniter.php(355): CodeIgniter\CodeIgniter->handleRequest(null, Object(Config\Cache), false)
 4 SYSTEMPATH\Boot.php(325): CodeIgniter\CodeIgniter->run()
 5 SYSTEMPATH\Boot.php(67): CodeIgniter\Boot::runCodeIgniter(Object(CodeIgniter\CodeIgniter))
 6 FCPATH\index.php(56): CodeIgniter\Boot::bootWeb(Object(Config\Paths))
WARNING - 2025-08-05 11:33:01 --> [DEPRECATED] Creation of dynamic property App\Controllers\MaterialController::$form_validation is deprecated in APPPATH\Controllers\MaterialController.php on line 19.
 1 SYSTEMPATH\CodeIgniter.php(903): App\Controllers\MaterialController->__construct()
 2 SYSTEMPATH\CodeIgniter.php(500): CodeIgniter\CodeIgniter->createController()
 3 SYSTEMPATH\CodeIgniter.php(355): CodeIgniter\CodeIgniter->handleRequest(null, Object(Config\Cache), false)
 4 SYSTEMPATH\Boot.php(325): CodeIgniter\CodeIgniter->run()
 5 SYSTEMPATH\Boot.php(67): CodeIgniter\Boot::runCodeIgniter(Object(CodeIgniter\CodeIgniter))
 6 FCPATH\index.php(56): CodeIgniter\Boot::bootWeb(Object(Config\Paths))
WARNING - 2025-08-05 11:33:01 --> [DEPRECATED] Creation of dynamic property App\Controllers\MaterialController::$userValidation is deprecated in APPPATH\Controllers\MaterialController.php on line 20.
 1 SYSTEMPATH\CodeIgniter.php(903): App\Controllers\MaterialController->__construct()
 2 SYSTEMPATH\CodeIgniter.php(500): CodeIgniter\CodeIgniter->createController()
 3 SYSTEMPATH\CodeIgniter.php(355): CodeIgniter\CodeIgniter->handleRequest(null, Object(Config\Cache), false)
 4 SYSTEMPATH\Boot.php(325): CodeIgniter\CodeIgniter->run()
 5 SYSTEMPATH\Boot.php(67): CodeIgniter\Boot::runCodeIgniter(Object(CodeIgniter\CodeIgniter))
 6 FCPATH\index.php(56): CodeIgniter\Boot::bootWeb(Object(Config\Paths))
INFO - 2025-08-05 11:33:03 --> Session: Class initialized using 'CodeIgniter\Session\Handlers\FileHandler' driver.
WARNING - 2025-08-05 11:33:03 --> [DEPRECATED] Creation of dynamic property App\Controllers\MaterialController::$db is deprecated in APPPATH\Controllers\MaterialController.php on line 15.
 1 SYSTEMPATH\CodeIgniter.php(903): App\Controllers\MaterialController->__construct()
 2 SYSTEMPATH\CodeIgniter.php(500): CodeIgniter\CodeIgniter->createController()
 3 SYSTEMPATH\CodeIgniter.php(355): CodeIgniter\CodeIgniter->handleRequest(null, Object(Config\Cache), false)
 4 SYSTEMPATH\Boot.php(325): CodeIgniter\CodeIgniter->run()
 5 SYSTEMPATH\Boot.php(67): CodeIgniter\Boot::runCodeIgniter(Object(CodeIgniter\CodeIgniter))
 6 FCPATH\index.php(56): CodeIgniter\Boot::bootWeb(Object(Config\Paths))
WARNING - 2025-08-05 11:33:03 --> [DEPRECATED] Creation of dynamic property App\Controllers\MaterialController::$session is deprecated in APPPATH\Controllers\MaterialController.php on line 16.
 1 SYSTEMPATH\CodeIgniter.php(903): App\Controllers\MaterialController->__construct()
 2 SYSTEMPATH\CodeIgniter.php(500): CodeIgniter\CodeIgniter->createController()
 3 SYSTEMPATH\CodeIgniter.php(355): CodeIgniter\CodeIgniter->handleRequest(null, Object(Config\Cache), false)
 4 SYSTEMPATH\Boot.php(325): CodeIgniter\CodeIgniter->run()
 5 SYSTEMPATH\Boot.php(67): CodeIgniter\Boot::runCodeIgniter(Object(CodeIgniter\CodeIgniter))
 6 FCPATH\index.php(56): CodeIgniter\Boot::bootWeb(Object(Config\Paths))
WARNING - 2025-08-05 11:33:03 --> [DEPRECATED] Creation of dynamic property App\Controllers\MaterialController::$uri is deprecated in APPPATH\Controllers\MaterialController.php on line 17.
 1 SYSTEMPATH\CodeIgniter.php(903): App\Controllers\MaterialController->__construct()
 2 SYSTEMPATH\CodeIgniter.php(500): CodeIgniter\CodeIgniter->createController()
 3 SYSTEMPATH\CodeIgniter.php(355): CodeIgniter\CodeIgniter->handleRequest(null, Object(Config\Cache), false)
 4 SYSTEMPATH\Boot.php(325): CodeIgniter\CodeIgniter->run()
 5 SYSTEMPATH\Boot.php(67): CodeIgniter\Boot::runCodeIgniter(Object(CodeIgniter\CodeIgniter))
 6 FCPATH\index.php(56): CodeIgniter\Boot::bootWeb(Object(Config\Paths))
WARNING - 2025-08-05 11:33:03 --> [DEPRECATED] Creation of dynamic property App\Controllers\MaterialController::$form_validation is deprecated in APPPATH\Controllers\MaterialController.php on line 19.
 1 SYSTEMPATH\CodeIgniter.php(903): App\Controllers\MaterialController->__construct()
 2 SYSTEMPATH\CodeIgniter.php(500): CodeIgniter\CodeIgniter->createController()
 3 SYSTEMPATH\CodeIgniter.php(355): CodeIgniter\CodeIgniter->handleRequest(null, Object(Config\Cache), false)
 4 SYSTEMPATH\Boot.php(325): CodeIgniter\CodeIgniter->run()
 5 SYSTEMPATH\Boot.php(67): CodeIgniter\Boot::runCodeIgniter(Object(CodeIgniter\CodeIgniter))
 6 FCPATH\index.php(56): CodeIgniter\Boot::bootWeb(Object(Config\Paths))
WARNING - 2025-08-05 11:33:03 --> [DEPRECATED] Creation of dynamic property App\Controllers\MaterialController::$userValidation is deprecated in APPPATH\Controllers\MaterialController.php on line 20.
 1 SYSTEMPATH\CodeIgniter.php(903): App\Controllers\MaterialController->__construct()
 2 SYSTEMPATH\CodeIgniter.php(500): CodeIgniter\CodeIgniter->createController()
 3 SYSTEMPATH\CodeIgniter.php(355): CodeIgniter\CodeIgniter->handleRequest(null, Object(Config\Cache), false)
 4 SYSTEMPATH\Boot.php(325): CodeIgniter\CodeIgniter->run()
 5 SYSTEMPATH\Boot.php(67): CodeIgniter\Boot::runCodeIgniter(Object(CodeIgniter\CodeIgniter))
 6 FCPATH\index.php(56): CodeIgniter\Boot::bootWeb(Object(Config\Paths))
INFO - 2025-08-05 11:33:08 --> Session: Class initialized using 'CodeIgniter\Session\Handlers\FileHandler' driver.
WARNING - 2025-08-05 11:33:08 --> [DEPRECATED] Creation of dynamic property App\Controllers\MaterialController::$db is deprecated in APPPATH\Controllers\MaterialController.php on line 15.
 1 SYSTEMPATH\CodeIgniter.php(903): App\Controllers\MaterialController->__construct()
 2 SYSTEMPATH\CodeIgniter.php(500): CodeIgniter\CodeIgniter->createController()
 3 SYSTEMPATH\CodeIgniter.php(355): CodeIgniter\CodeIgniter->handleRequest(null, Object(Config\Cache), false)
 4 SYSTEMPATH\Boot.php(325): CodeIgniter\CodeIgniter->run()
 5 SYSTEMPATH\Boot.php(67): CodeIgniter\Boot::runCodeIgniter(Object(CodeIgniter\CodeIgniter))
 6 FCPATH\index.php(56): CodeIgniter\Boot::bootWeb(Object(Config\Paths))
WARNING - 2025-08-05 11:33:08 --> [DEPRECATED] Creation of dynamic property App\Controllers\MaterialController::$session is deprecated in APPPATH\Controllers\MaterialController.php on line 16.
 1 SYSTEMPATH\CodeIgniter.php(903): App\Controllers\MaterialController->__construct()
 2 SYSTEMPATH\CodeIgniter.php(500): CodeIgniter\CodeIgniter->createController()
 3 SYSTEMPATH\CodeIgniter.php(355): CodeIgniter\CodeIgniter->handleRequest(null, Object(Config\Cache), false)
 4 SYSTEMPATH\Boot.php(325): CodeIgniter\CodeIgniter->run()
 5 SYSTEMPATH\Boot.php(67): CodeIgniter\Boot::runCodeIgniter(Object(CodeIgniter\CodeIgniter))
 6 FCPATH\index.php(56): CodeIgniter\Boot::bootWeb(Object(Config\Paths))
WARNING - 2025-08-05 11:33:08 --> [DEPRECATED] Creation of dynamic property App\Controllers\MaterialController::$uri is deprecated in APPPATH\Controllers\MaterialController.php on line 17.
 1 SYSTEMPATH\CodeIgniter.php(903): App\Controllers\MaterialController->__construct()
 2 SYSTEMPATH\CodeIgniter.php(500): CodeIgniter\CodeIgniter->createController()
 3 SYSTEMPATH\CodeIgniter.php(355): CodeIgniter\CodeIgniter->handleRequest(null, Object(Config\Cache), false)
 4 SYSTEMPATH\Boot.php(325): CodeIgniter\CodeIgniter->run()
 5 SYSTEMPATH\Boot.php(67): CodeIgniter\Boot::runCodeIgniter(Object(CodeIgniter\CodeIgniter))
 6 FCPATH\index.php(56): CodeIgniter\Boot::bootWeb(Object(Config\Paths))
WARNING - 2025-08-05 11:33:08 --> [DEPRECATED] Creation of dynamic property App\Controllers\MaterialController::$form_validation is deprecated in APPPATH\Controllers\MaterialController.php on line 19.
 1 SYSTEMPATH\CodeIgniter.php(903): App\Controllers\MaterialController->__construct()
 2 SYSTEMPATH\CodeIgniter.php(500): CodeIgniter\CodeIgniter->createController()
 3 SYSTEMPATH\CodeIgniter.php(355): CodeIgniter\CodeIgniter->handleRequest(null, Object(Config\Cache), false)
 4 SYSTEMPATH\Boot.php(325): CodeIgniter\CodeIgniter->run()
 5 SYSTEMPATH\Boot.php(67): CodeIgniter\Boot::runCodeIgniter(Object(CodeIgniter\CodeIgniter))
 6 FCPATH\index.php(56): CodeIgniter\Boot::bootWeb(Object(Config\Paths))
WARNING - 2025-08-05 11:33:08 --> [DEPRECATED] Creation of dynamic property App\Controllers\MaterialController::$userValidation is deprecated in APPPATH\Controllers\MaterialController.php on line 20.
 1 SYSTEMPATH\CodeIgniter.php(903): App\Controllers\MaterialController->__construct()
 2 SYSTEMPATH\CodeIgniter.php(500): CodeIgniter\CodeIgniter->createController()
 3 SYSTEMPATH\CodeIgniter.php(355): CodeIgniter\CodeIgniter->handleRequest(null, Object(Config\Cache), false)
 4 SYSTEMPATH\Boot.php(325): CodeIgniter\CodeIgniter->run()
 5 SYSTEMPATH\Boot.php(67): CodeIgniter\Boot::runCodeIgniter(Object(CodeIgniter\CodeIgniter))
 6 FCPATH\index.php(56): CodeIgniter\Boot::bootWeb(Object(Config\Paths))
INFO - 2025-08-05 11:33:08 --> Session: Class initialized using 'CodeIgniter\Session\Handlers\FileHandler' driver.
WARNING - 2025-08-05 11:33:08 --> [DEPRECATED] Creation of dynamic property App\Controllers\MaterialController::$db is deprecated in APPPATH\Controllers\MaterialController.php on line 15.
 1 SYSTEMPATH\CodeIgniter.php(903): App\Controllers\MaterialController->__construct()
 2 SYSTEMPATH\CodeIgniter.php(500): CodeIgniter\CodeIgniter->createController()
 3 SYSTEMPATH\CodeIgniter.php(355): CodeIgniter\CodeIgniter->handleRequest(null, Object(Config\Cache), false)
 4 SYSTEMPATH\Boot.php(325): CodeIgniter\CodeIgniter->run()
 5 SYSTEMPATH\Boot.php(67): CodeIgniter\Boot::runCodeIgniter(Object(CodeIgniter\CodeIgniter))
 6 FCPATH\index.php(56): CodeIgniter\Boot::bootWeb(Object(Config\Paths))
WARNING - 2025-08-05 11:33:08 --> [DEPRECATED] Creation of dynamic property App\Controllers\MaterialController::$session is deprecated in APPPATH\Controllers\MaterialController.php on line 16.
 1 SYSTEMPATH\CodeIgniter.php(903): App\Controllers\MaterialController->__construct()
 2 SYSTEMPATH\CodeIgniter.php(500): CodeIgniter\CodeIgniter->createController()
 3 SYSTEMPATH\CodeIgniter.php(355): CodeIgniter\CodeIgniter->handleRequest(null, Object(Config\Cache), false)
 4 SYSTEMPATH\Boot.php(325): CodeIgniter\CodeIgniter->run()
 5 SYSTEMPATH\Boot.php(67): CodeIgniter\Boot::runCodeIgniter(Object(CodeIgniter\CodeIgniter))
 6 FCPATH\index.php(56): CodeIgniter\Boot::bootWeb(Object(Config\Paths))
WARNING - 2025-08-05 11:33:08 --> [DEPRECATED] Creation of dynamic property App\Controllers\MaterialController::$uri is deprecated in APPPATH\Controllers\MaterialController.php on line 17.
 1 SYSTEMPATH\CodeIgniter.php(903): App\Controllers\MaterialController->__construct()
 2 SYSTEMPATH\CodeIgniter.php(500): CodeIgniter\CodeIgniter->createController()
 3 SYSTEMPATH\CodeIgniter.php(355): CodeIgniter\CodeIgniter->handleRequest(null, Object(Config\Cache), false)
 4 SYSTEMPATH\Boot.php(325): CodeIgniter\CodeIgniter->run()
 5 SYSTEMPATH\Boot.php(67): CodeIgniter\Boot::runCodeIgniter(Object(CodeIgniter\CodeIgniter))
 6 FCPATH\index.php(56): CodeIgniter\Boot::bootWeb(Object(Config\Paths))
WARNING - 2025-08-05 11:33:08 --> [DEPRECATED] Creation of dynamic property App\Controllers\MaterialController::$form_validation is deprecated in APPPATH\Controllers\MaterialController.php on line 19.
 1 SYSTEMPATH\CodeIgniter.php(903): App\Controllers\MaterialController->__construct()
 2 SYSTEMPATH\CodeIgniter.php(500): CodeIgniter\CodeIgniter->createController()
 3 SYSTEMPATH\CodeIgniter.php(355): CodeIgniter\CodeIgniter->handleRequest(null, Object(Config\Cache), false)
 4 SYSTEMPATH\Boot.php(325): CodeIgniter\CodeIgniter->run()
 5 SYSTEMPATH\Boot.php(67): CodeIgniter\Boot::runCodeIgniter(Object(CodeIgniter\CodeIgniter))
 6 FCPATH\index.php(56): CodeIgniter\Boot::bootWeb(Object(Config\Paths))
WARNING - 2025-08-05 11:33:08 --> [DEPRECATED] Creation of dynamic property App\Controllers\MaterialController::$userValidation is deprecated in APPPATH\Controllers\MaterialController.php on line 20.
 1 SYSTEMPATH\CodeIgniter.php(903): App\Controllers\MaterialController->__construct()
 2 SYSTEMPATH\CodeIgniter.php(500): CodeIgniter\CodeIgniter->createController()
 3 SYSTEMPATH\CodeIgniter.php(355): CodeIgniter\CodeIgniter->handleRequest(null, Object(Config\Cache), false)
 4 SYSTEMPATH\Boot.php(325): CodeIgniter\CodeIgniter->run()
 5 SYSTEMPATH\Boot.php(67): CodeIgniter\Boot::runCodeIgniter(Object(CodeIgniter\CodeIgniter))
 6 FCPATH\index.php(56): CodeIgniter\Boot::bootWeb(Object(Config\Paths))
INFO - 2025-08-05 11:33:09 --> Session: Class initialized using 'CodeIgniter\Session\Handlers\FileHandler' driver.
WARNING - 2025-08-05 11:33:09 --> [DEPRECATED] Creation of dynamic property App\Controllers\MaterialController::$db is deprecated in APPPATH\Controllers\MaterialController.php on line 15.
 1 SYSTEMPATH\CodeIgniter.php(903): App\Controllers\MaterialController->__construct()
 2 SYSTEMPATH\CodeIgniter.php(500): CodeIgniter\CodeIgniter->createController()
 3 SYSTEMPATH\CodeIgniter.php(355): CodeIgniter\CodeIgniter->handleRequest(null, Object(Config\Cache), false)
 4 SYSTEMPATH\Boot.php(325): CodeIgniter\CodeIgniter->run()
 5 SYSTEMPATH\Boot.php(67): CodeIgniter\Boot::runCodeIgniter(Object(CodeIgniter\CodeIgniter))
 6 FCPATH\index.php(56): CodeIgniter\Boot::bootWeb(Object(Config\Paths))
WARNING - 2025-08-05 11:33:09 --> [DEPRECATED] Creation of dynamic property App\Controllers\MaterialController::$session is deprecated in APPPATH\Controllers\MaterialController.php on line 16.
 1 SYSTEMPATH\CodeIgniter.php(903): App\Controllers\MaterialController->__construct()
 2 SYSTEMPATH\CodeIgniter.php(500): CodeIgniter\CodeIgniter->createController()
 3 SYSTEMPATH\CodeIgniter.php(355): CodeIgniter\CodeIgniter->handleRequest(null, Object(Config\Cache), false)
 4 SYSTEMPATH\Boot.php(325): CodeIgniter\CodeIgniter->run()
 5 SYSTEMPATH\Boot.php(67): CodeIgniter\Boot::runCodeIgniter(Object(CodeIgniter\CodeIgniter))
 6 FCPATH\index.php(56): CodeIgniter\Boot::bootWeb(Object(Config\Paths))
WARNING - 2025-08-05 11:33:09 --> [DEPRECATED] Creation of dynamic property App\Controllers\MaterialController::$uri is deprecated in APPPATH\Controllers\MaterialController.php on line 17.
 1 SYSTEMPATH\CodeIgniter.php(903): App\Controllers\MaterialController->__construct()
 2 SYSTEMPATH\CodeIgniter.php(500): CodeIgniter\CodeIgniter->createController()
 3 SYSTEMPATH\CodeIgniter.php(355): CodeIgniter\CodeIgniter->handleRequest(null, Object(Config\Cache), false)
 4 SYSTEMPATH\Boot.php(325): CodeIgniter\CodeIgniter->run()
 5 SYSTEMPATH\Boot.php(67): CodeIgniter\Boot::runCodeIgniter(Object(CodeIgniter\CodeIgniter))
 6 FCPATH\index.php(56): CodeIgniter\Boot::bootWeb(Object(Config\Paths))
WARNING - 2025-08-05 11:33:09 --> [DEPRECATED] Creation of dynamic property App\Controllers\MaterialController::$form_validation is deprecated in APPPATH\Controllers\MaterialController.php on line 19.
 1 SYSTEMPATH\CodeIgniter.php(903): App\Controllers\MaterialController->__construct()
 2 SYSTEMPATH\CodeIgniter.php(500): CodeIgniter\CodeIgniter->createController()
 3 SYSTEMPATH\CodeIgniter.php(355): CodeIgniter\CodeIgniter->handleRequest(null, Object(Config\Cache), false)
 4 SYSTEMPATH\Boot.php(325): CodeIgniter\CodeIgniter->run()
 5 SYSTEMPATH\Boot.php(67): CodeIgniter\Boot::runCodeIgniter(Object(CodeIgniter\CodeIgniter))
 6 FCPATH\index.php(56): CodeIgniter\Boot::bootWeb(Object(Config\Paths))
WARNING - 2025-08-05 11:33:09 --> [DEPRECATED] Creation of dynamic property App\Controllers\MaterialController::$userValidation is deprecated in APPPATH\Controllers\MaterialController.php on line 20.
 1 SYSTEMPATH\CodeIgniter.php(903): App\Controllers\MaterialController->__construct()
 2 SYSTEMPATH\CodeIgniter.php(500): CodeIgniter\CodeIgniter->createController()
 3 SYSTEMPATH\CodeIgniter.php(355): CodeIgniter\CodeIgniter->handleRequest(null, Object(Config\Cache), false)
 4 SYSTEMPATH\Boot.php(325): CodeIgniter\CodeIgniter->run()
 5 SYSTEMPATH\Boot.php(67): CodeIgniter\Boot::runCodeIgniter(Object(CodeIgniter\CodeIgniter))
 6 FCPATH\index.php(56): CodeIgniter\Boot::bootWeb(Object(Config\Paths))
INFO - 2025-08-05 11:33:09 --> Session: Class initialized using 'CodeIgniter\Session\Handlers\FileHandler' driver.
WARNING - 2025-08-05 11:33:09 --> [DEPRECATED] Creation of dynamic property App\Controllers\MaterialController::$db is deprecated in APPPATH\Controllers\MaterialController.php on line 15.
 1 SYSTEMPATH\CodeIgniter.php(903): App\Controllers\MaterialController->__construct()
 2 SYSTEMPATH\CodeIgniter.php(500): CodeIgniter\CodeIgniter->createController()
 3 SYSTEMPATH\CodeIgniter.php(355): CodeIgniter\CodeIgniter->handleRequest(null, Object(Config\Cache), false)
 4 SYSTEMPATH\Boot.php(325): CodeIgniter\CodeIgniter->run()
 5 SYSTEMPATH\Boot.php(67): CodeIgniter\Boot::runCodeIgniter(Object(CodeIgniter\CodeIgniter))
 6 FCPATH\index.php(56): CodeIgniter\Boot::bootWeb(Object(Config\Paths))
WARNING - 2025-08-05 11:33:09 --> [DEPRECATED] Creation of dynamic property App\Controllers\MaterialController::$session is deprecated in APPPATH\Controllers\MaterialController.php on line 16.
 1 SYSTEMPATH\CodeIgniter.php(903): App\Controllers\MaterialController->__construct()
 2 SYSTEMPATH\CodeIgniter.php(500): CodeIgniter\CodeIgniter->createController()
 3 SYSTEMPATH\CodeIgniter.php(355): CodeIgniter\CodeIgniter->handleRequest(null, Object(Config\Cache), false)
 4 SYSTEMPATH\Boot.php(325): CodeIgniter\CodeIgniter->run()
 5 SYSTEMPATH\Boot.php(67): CodeIgniter\Boot::runCodeIgniter(Object(CodeIgniter\CodeIgniter))
 6 FCPATH\index.php(56): CodeIgniter\Boot::bootWeb(Object(Config\Paths))
WARNING - 2025-08-05 11:33:09 --> [DEPRECATED] Creation of dynamic property App\Controllers\MaterialController::$uri is deprecated in APPPATH\Controllers\MaterialController.php on line 17.
 1 SYSTEMPATH\CodeIgniter.php(903): App\Controllers\MaterialController->__construct()
 2 SYSTEMPATH\CodeIgniter.php(500): CodeIgniter\CodeIgniter->createController()
 3 SYSTEMPATH\CodeIgniter.php(355): CodeIgniter\CodeIgniter->handleRequest(null, Object(Config\Cache), false)
 4 SYSTEMPATH\Boot.php(325): CodeIgniter\CodeIgniter->run()
 5 SYSTEMPATH\Boot.php(67): CodeIgniter\Boot::runCodeIgniter(Object(CodeIgniter\CodeIgniter))
 6 FCPATH\index.php(56): CodeIgniter\Boot::bootWeb(Object(Config\Paths))
WARNING - 2025-08-05 11:33:09 --> [DEPRECATED] Creation of dynamic property App\Controllers\MaterialController::$form_validation is deprecated in APPPATH\Controllers\MaterialController.php on line 19.
 1 SYSTEMPATH\CodeIgniter.php(903): App\Controllers\MaterialController->__construct()
 2 SYSTEMPATH\CodeIgniter.php(500): CodeIgniter\CodeIgniter->createController()
 3 SYSTEMPATH\CodeIgniter.php(355): CodeIgniter\CodeIgniter->handleRequest(null, Object(Config\Cache), false)
 4 SYSTEMPATH\Boot.php(325): CodeIgniter\CodeIgniter->run()
 5 SYSTEMPATH\Boot.php(67): CodeIgniter\Boot::runCodeIgniter(Object(CodeIgniter\CodeIgniter))
 6 FCPATH\index.php(56): CodeIgniter\Boot::bootWeb(Object(Config\Paths))
WARNING - 2025-08-05 11:33:09 --> [DEPRECATED] Creation of dynamic property App\Controllers\MaterialController::$userValidation is deprecated in APPPATH\Controllers\MaterialController.php on line 20.
 1 SYSTEMPATH\CodeIgniter.php(903): App\Controllers\MaterialController->__construct()
 2 SYSTEMPATH\CodeIgniter.php(500): CodeIgniter\CodeIgniter->createController()
 3 SYSTEMPATH\CodeIgniter.php(355): CodeIgniter\CodeIgniter->handleRequest(null, Object(Config\Cache), false)
 4 SYSTEMPATH\Boot.php(325): CodeIgniter\CodeIgniter->run()
 5 SYSTEMPATH\Boot.php(67): CodeIgniter\Boot::runCodeIgniter(Object(CodeIgniter\CodeIgniter))
 6 FCPATH\index.php(56): CodeIgniter\Boot::bootWeb(Object(Config\Paths))
INFO - 2025-08-05 11:33:12 --> Session: Class initialized using 'CodeIgniter\Session\Handlers\FileHandler' driver.
WARNING - 2025-08-05 11:33:12 --> [DEPRECATED] Creation of dynamic property App\Controllers\MaterialController::$db is deprecated in APPPATH\Controllers\MaterialController.php on line 15.
 1 SYSTEMPATH\CodeIgniter.php(903): App\Controllers\MaterialController->__construct()
 2 SYSTEMPATH\CodeIgniter.php(500): CodeIgniter\CodeIgniter->createController()
 3 SYSTEMPATH\CodeIgniter.php(355): CodeIgniter\CodeIgniter->handleRequest(null, Object(Config\Cache), false)
 4 SYSTEMPATH\Boot.php(325): CodeIgniter\CodeIgniter->run()
 5 SYSTEMPATH\Boot.php(67): CodeIgniter\Boot::runCodeIgniter(Object(CodeIgniter\CodeIgniter))
 6 FCPATH\index.php(56): CodeIgniter\Boot::bootWeb(Object(Config\Paths))
WARNING - 2025-08-05 11:33:12 --> [DEPRECATED] Creation of dynamic property App\Controllers\MaterialController::$session is deprecated in APPPATH\Controllers\MaterialController.php on line 16.
 1 SYSTEMPATH\CodeIgniter.php(903): App\Controllers\MaterialController->__construct()
 2 SYSTEMPATH\CodeIgniter.php(500): CodeIgniter\CodeIgniter->createController()
 3 SYSTEMPATH\CodeIgniter.php(355): CodeIgniter\CodeIgniter->handleRequest(null, Object(Config\Cache), false)
 4 SYSTEMPATH\Boot.php(325): CodeIgniter\CodeIgniter->run()
 5 SYSTEMPATH\Boot.php(67): CodeIgniter\Boot::runCodeIgniter(Object(CodeIgniter\CodeIgniter))
 6 FCPATH\index.php(56): CodeIgniter\Boot::bootWeb(Object(Config\Paths))
WARNING - 2025-08-05 11:33:12 --> [DEPRECATED] Creation of dynamic property App\Controllers\MaterialController::$uri is deprecated in APPPATH\Controllers\MaterialController.php on line 17.
 1 SYSTEMPATH\CodeIgniter.php(903): App\Controllers\MaterialController->__construct()
 2 SYSTEMPATH\CodeIgniter.php(500): CodeIgniter\CodeIgniter->createController()
 3 SYSTEMPATH\CodeIgniter.php(355): CodeIgniter\CodeIgniter->handleRequest(null, Object(Config\Cache), false)
 4 SYSTEMPATH\Boot.php(325): CodeIgniter\CodeIgniter->run()
 5 SYSTEMPATH\Boot.php(67): CodeIgniter\Boot::runCodeIgniter(Object(CodeIgniter\CodeIgniter))
 6 FCPATH\index.php(56): CodeIgniter\Boot::bootWeb(Object(Config\Paths))
WARNING - 2025-08-05 11:33:12 --> [DEPRECATED] Creation of dynamic property App\Controllers\MaterialController::$form_validation is deprecated in APPPATH\Controllers\MaterialController.php on line 19.
 1 SYSTEMPATH\CodeIgniter.php(903): App\Controllers\MaterialController->__construct()
 2 SYSTEMPATH\CodeIgniter.php(500): CodeIgniter\CodeIgniter->createController()
 3 SYSTEMPATH\CodeIgniter.php(355): CodeIgniter\CodeIgniter->handleRequest(null, Object(Config\Cache), false)
 4 SYSTEMPATH\Boot.php(325): CodeIgniter\CodeIgniter->run()
 5 SYSTEMPATH\Boot.php(67): CodeIgniter\Boot::runCodeIgniter(Object(CodeIgniter\CodeIgniter))
 6 FCPATH\index.php(56): CodeIgniter\Boot::bootWeb(Object(Config\Paths))
WARNING - 2025-08-05 11:33:12 --> [DEPRECATED] Creation of dynamic property App\Controllers\MaterialController::$userValidation is deprecated in APPPATH\Controllers\MaterialController.php on line 20.
 1 SYSTEMPATH\CodeIgniter.php(903): App\Controllers\MaterialController->__construct()
 2 SYSTEMPATH\CodeIgniter.php(500): CodeIgniter\CodeIgniter->createController()
 3 SYSTEMPATH\CodeIgniter.php(355): CodeIgniter\CodeIgniter->handleRequest(null, Object(Config\Cache), false)
 4 SYSTEMPATH\Boot.php(325): CodeIgniter\CodeIgniter->run()
 5 SYSTEMPATH\Boot.php(67): CodeIgniter\Boot::runCodeIgniter(Object(CodeIgniter\CodeIgniter))
 6 FCPATH\index.php(56): CodeIgniter\Boot::bootWeb(Object(Config\Paths))
INFO - 2025-08-05 11:33:13 --> Session: Class initialized using 'CodeIgniter\Session\Handlers\FileHandler' driver.
WARNING - 2025-08-05 11:33:13 --> [DEPRECATED] Creation of dynamic property App\Controllers\MaterialController::$db is deprecated in APPPATH\Controllers\MaterialController.php on line 15.
 1 SYSTEMPATH\CodeIgniter.php(903): App\Controllers\MaterialController->__construct()
 2 SYSTEMPATH\CodeIgniter.php(500): CodeIgniter\CodeIgniter->createController()
 3 SYSTEMPATH\CodeIgniter.php(355): CodeIgniter\CodeIgniter->handleRequest(null, Object(Config\Cache), false)
 4 SYSTEMPATH\Boot.php(325): CodeIgniter\CodeIgniter->run()
 5 SYSTEMPATH\Boot.php(67): CodeIgniter\Boot::runCodeIgniter(Object(CodeIgniter\CodeIgniter))
 6 FCPATH\index.php(56): CodeIgniter\Boot::bootWeb(Object(Config\Paths))
WARNING - 2025-08-05 11:33:13 --> [DEPRECATED] Creation of dynamic property App\Controllers\MaterialController::$session is deprecated in APPPATH\Controllers\MaterialController.php on line 16.
 1 SYSTEMPATH\CodeIgniter.php(903): App\Controllers\MaterialController->__construct()
 2 SYSTEMPATH\CodeIgniter.php(500): CodeIgniter\CodeIgniter->createController()
 3 SYSTEMPATH\CodeIgniter.php(355): CodeIgniter\CodeIgniter->handleRequest(null, Object(Config\Cache), false)
 4 SYSTEMPATH\Boot.php(325): CodeIgniter\CodeIgniter->run()
 5 SYSTEMPATH\Boot.php(67): CodeIgniter\Boot::runCodeIgniter(Object(CodeIgniter\CodeIgniter))
 6 FCPATH\index.php(56): CodeIgniter\Boot::bootWeb(Object(Config\Paths))
WARNING - 2025-08-05 11:33:13 --> [DEPRECATED] Creation of dynamic property App\Controllers\MaterialController::$uri is deprecated in APPPATH\Controllers\MaterialController.php on line 17.
 1 SYSTEMPATH\CodeIgniter.php(903): App\Controllers\MaterialController->__construct()
 2 SYSTEMPATH\CodeIgniter.php(500): CodeIgniter\CodeIgniter->createController()
 3 SYSTEMPATH\CodeIgniter.php(355): CodeIgniter\CodeIgniter->handleRequest(null, Object(Config\Cache), false)
 4 SYSTEMPATH\Boot.php(325): CodeIgniter\CodeIgniter->run()
 5 SYSTEMPATH\Boot.php(67): CodeIgniter\Boot::runCodeIgniter(Object(CodeIgniter\CodeIgniter))
 6 FCPATH\index.php(56): CodeIgniter\Boot::bootWeb(Object(Config\Paths))
WARNING - 2025-08-05 11:33:13 --> [DEPRECATED] Creation of dynamic property App\Controllers\MaterialController::$form_validation is deprecated in APPPATH\Controllers\MaterialController.php on line 19.
 1 SYSTEMPATH\CodeIgniter.php(903): App\Controllers\MaterialController->__construct()
 2 SYSTEMPATH\CodeIgniter.php(500): CodeIgniter\CodeIgniter->createController()
 3 SYSTEMPATH\CodeIgniter.php(355): CodeIgniter\CodeIgniter->handleRequest(null, Object(Config\Cache), false)
 4 SYSTEMPATH\Boot.php(325): CodeIgniter\CodeIgniter->run()
 5 SYSTEMPATH\Boot.php(67): CodeIgniter\Boot::runCodeIgniter(Object(CodeIgniter\CodeIgniter))
 6 FCPATH\index.php(56): CodeIgniter\Boot::bootWeb(Object(Config\Paths))
WARNING - 2025-08-05 11:33:13 --> [DEPRECATED] Creation of dynamic property App\Controllers\MaterialController::$userValidation is deprecated in APPPATH\Controllers\MaterialController.php on line 20.
 1 SYSTEMPATH\CodeIgniter.php(903): App\Controllers\MaterialController->__construct()
 2 SYSTEMPATH\CodeIgniter.php(500): CodeIgniter\CodeIgniter->createController()
 3 SYSTEMPATH\CodeIgniter.php(355): CodeIgniter\CodeIgniter->handleRequest(null, Object(Config\Cache), false)
 4 SYSTEMPATH\Boot.php(325): CodeIgniter\CodeIgniter->run()
 5 SYSTEMPATH\Boot.php(67): CodeIgniter\Boot::runCodeIgniter(Object(CodeIgniter\CodeIgniter))
 6 FCPATH\index.php(56): CodeIgniter\Boot::bootWeb(Object(Config\Paths))
INFO - 2025-08-05 11:33:13 --> Session: Class initialized using 'CodeIgniter\Session\Handlers\FileHandler' driver.
WARNING - 2025-08-05 11:33:13 --> [DEPRECATED] Creation of dynamic property App\Controllers\MaterialController::$db is deprecated in APPPATH\Controllers\MaterialController.php on line 15.
 1 SYSTEMPATH\CodeIgniter.php(903): App\Controllers\MaterialController->__construct()
 2 SYSTEMPATH\CodeIgniter.php(500): CodeIgniter\CodeIgniter->createController()
 3 SYSTEMPATH\CodeIgniter.php(355): CodeIgniter\CodeIgniter->handleRequest(null, Object(Config\Cache), false)
 4 SYSTEMPATH\Boot.php(325): CodeIgniter\CodeIgniter->run()
 5 SYSTEMPATH\Boot.php(67): CodeIgniter\Boot::runCodeIgniter(Object(CodeIgniter\CodeIgniter))
 6 FCPATH\index.php(56): CodeIgniter\Boot::bootWeb(Object(Config\Paths))
WARNING - 2025-08-05 11:33:13 --> [DEPRECATED] Creation of dynamic property App\Controllers\MaterialController::$session is deprecated in APPPATH\Controllers\MaterialController.php on line 16.
 1 SYSTEMPATH\CodeIgniter.php(903): App\Controllers\MaterialController->__construct()
 2 SYSTEMPATH\CodeIgniter.php(500): CodeIgniter\CodeIgniter->createController()
 3 SYSTEMPATH\CodeIgniter.php(355): CodeIgniter\CodeIgniter->handleRequest(null, Object(Config\Cache), false)
 4 SYSTEMPATH\Boot.php(325): CodeIgniter\CodeIgniter->run()
 5 SYSTEMPATH\Boot.php(67): CodeIgniter\Boot::runCodeIgniter(Object(CodeIgniter\CodeIgniter))
 6 FCPATH\index.php(56): CodeIgniter\Boot::bootWeb(Object(Config\Paths))
WARNING - 2025-08-05 11:33:13 --> [DEPRECATED] Creation of dynamic property App\Controllers\MaterialController::$uri is deprecated in APPPATH\Controllers\MaterialController.php on line 17.
 1 SYSTEMPATH\CodeIgniter.php(903): App\Controllers\MaterialController->__construct()
 2 SYSTEMPATH\CodeIgniter.php(500): CodeIgniter\CodeIgniter->createController()
 3 SYSTEMPATH\CodeIgniter.php(355): CodeIgniter\CodeIgniter->handleRequest(null, Object(Config\Cache), false)
 4 SYSTEMPATH\Boot.php(325): CodeIgniter\CodeIgniter->run()
 5 SYSTEMPATH\Boot.php(67): CodeIgniter\Boot::runCodeIgniter(Object(CodeIgniter\CodeIgniter))
 6 FCPATH\index.php(56): CodeIgniter\Boot::bootWeb(Object(Config\Paths))
WARNING - 2025-08-05 11:33:13 --> [DEPRECATED] Creation of dynamic property App\Controllers\MaterialController::$form_validation is deprecated in APPPATH\Controllers\MaterialController.php on line 19.
 1 SYSTEMPATH\CodeIgniter.php(903): App\Controllers\MaterialController->__construct()
 2 SYSTEMPATH\CodeIgniter.php(500): CodeIgniter\CodeIgniter->createController()
 3 SYSTEMPATH\CodeIgniter.php(355): CodeIgniter\CodeIgniter->handleRequest(null, Object(Config\Cache), false)
 4 SYSTEMPATH\Boot.php(325): CodeIgniter\CodeIgniter->run()
 5 SYSTEMPATH\Boot.php(67): CodeIgniter\Boot::runCodeIgniter(Object(CodeIgniter\CodeIgniter))
 6 FCPATH\index.php(56): CodeIgniter\Boot::bootWeb(Object(Config\Paths))
WARNING - 2025-08-05 11:33:13 --> [DEPRECATED] Creation of dynamic property App\Controllers\MaterialController::$userValidation is deprecated in APPPATH\Controllers\MaterialController.php on line 20.
 1 SYSTEMPATH\CodeIgniter.php(903): App\Controllers\MaterialController->__construct()
 2 SYSTEMPATH\CodeIgniter.php(500): CodeIgniter\CodeIgniter->createController()
 3 SYSTEMPATH\CodeIgniter.php(355): CodeIgniter\CodeIgniter->handleRequest(null, Object(Config\Cache), false)
 4 SYSTEMPATH\Boot.php(325): CodeIgniter\CodeIgniter->run()
 5 SYSTEMPATH\Boot.php(67): CodeIgniter\Boot::runCodeIgniter(Object(CodeIgniter\CodeIgniter))
 6 FCPATH\index.php(56): CodeIgniter\Boot::bootWeb(Object(Config\Paths))
INFO - 2025-08-05 11:33:14 --> Session: Class initialized using 'CodeIgniter\Session\Handlers\FileHandler' driver.
WARNING - 2025-08-05 11:33:14 --> [DEPRECATED] Creation of dynamic property App\Controllers\MaterialController::$db is deprecated in APPPATH\Controllers\MaterialController.php on line 15.
 1 SYSTEMPATH\CodeIgniter.php(903): App\Controllers\MaterialController->__construct()
 2 SYSTEMPATH\CodeIgniter.php(500): CodeIgniter\CodeIgniter->createController()
 3 SYSTEMPATH\CodeIgniter.php(355): CodeIgniter\CodeIgniter->handleRequest(null, Object(Config\Cache), false)
 4 SYSTEMPATH\Boot.php(325): CodeIgniter\CodeIgniter->run()
 5 SYSTEMPATH\Boot.php(67): CodeIgniter\Boot::runCodeIgniter(Object(CodeIgniter\CodeIgniter))
 6 FCPATH\index.php(56): CodeIgniter\Boot::bootWeb(Object(Config\Paths))
WARNING - 2025-08-05 11:33:14 --> [DEPRECATED] Creation of dynamic property App\Controllers\MaterialController::$session is deprecated in APPPATH\Controllers\MaterialController.php on line 16.
 1 SYSTEMPATH\CodeIgniter.php(903): App\Controllers\MaterialController->__construct()
 2 SYSTEMPATH\CodeIgniter.php(500): CodeIgniter\CodeIgniter->createController()
 3 SYSTEMPATH\CodeIgniter.php(355): CodeIgniter\CodeIgniter->handleRequest(null, Object(Config\Cache), false)
 4 SYSTEMPATH\Boot.php(325): CodeIgniter\CodeIgniter->run()
 5 SYSTEMPATH\Boot.php(67): CodeIgniter\Boot::runCodeIgniter(Object(CodeIgniter\CodeIgniter))
 6 FCPATH\index.php(56): CodeIgniter\Boot::bootWeb(Object(Config\Paths))
WARNING - 2025-08-05 11:33:14 --> [DEPRECATED] Creation of dynamic property App\Controllers\MaterialController::$uri is deprecated in APPPATH\Controllers\MaterialController.php on line 17.
 1 SYSTEMPATH\CodeIgniter.php(903): App\Controllers\MaterialController->__construct()
 2 SYSTEMPATH\CodeIgniter.php(500): CodeIgniter\CodeIgniter->createController()
 3 SYSTEMPATH\CodeIgniter.php(355): CodeIgniter\CodeIgniter->handleRequest(null, Object(Config\Cache), false)
 4 SYSTEMPATH\Boot.php(325): CodeIgniter\CodeIgniter->run()
 5 SYSTEMPATH\Boot.php(67): CodeIgniter\Boot::runCodeIgniter(Object(CodeIgniter\CodeIgniter))
 6 FCPATH\index.php(56): CodeIgniter\Boot::bootWeb(Object(Config\Paths))
WARNING - 2025-08-05 11:33:14 --> [DEPRECATED] Creation of dynamic property App\Controllers\MaterialController::$form_validation is deprecated in APPPATH\Controllers\MaterialController.php on line 19.
 1 SYSTEMPATH\CodeIgniter.php(903): App\Controllers\MaterialController->__construct()
 2 SYSTEMPATH\CodeIgniter.php(500): CodeIgniter\CodeIgniter->createController()
 3 SYSTEMPATH\CodeIgniter.php(355): CodeIgniter\CodeIgniter->handleRequest(null, Object(Config\Cache), false)
 4 SYSTEMPATH\Boot.php(325): CodeIgniter\CodeIgniter->run()
 5 SYSTEMPATH\Boot.php(67): CodeIgniter\Boot::runCodeIgniter(Object(CodeIgniter\CodeIgniter))
 6 FCPATH\index.php(56): CodeIgniter\Boot::bootWeb(Object(Config\Paths))
WARNING - 2025-08-05 11:33:14 --> [DEPRECATED] Creation of dynamic property App\Controllers\MaterialController::$userValidation is deprecated in APPPATH\Controllers\MaterialController.php on line 20.
 1 SYSTEMPATH\CodeIgniter.php(903): App\Controllers\MaterialController->__construct()
 2 SYSTEMPATH\CodeIgniter.php(500): CodeIgniter\CodeIgniter->createController()
 3 SYSTEMPATH\CodeIgniter.php(355): CodeIgniter\CodeIgniter->handleRequest(null, Object(Config\Cache), false)
 4 SYSTEMPATH\Boot.php(325): CodeIgniter\CodeIgniter->run()
 5 SYSTEMPATH\Boot.php(67): CodeIgniter\Boot::runCodeIgniter(Object(CodeIgniter\CodeIgniter))
 6 FCPATH\index.php(56): CodeIgniter\Boot::bootWeb(Object(Config\Paths))
INFO - 2025-08-05 11:33:38 --> Session: Class initialized using 'CodeIgniter\Session\Handlers\FileHandler' driver.
WARNING - 2025-08-05 11:33:38 --> [DEPRECATED] Creation of dynamic property App\Controllers\MaterialController::$db is deprecated in APPPATH\Controllers\MaterialController.php on line 15.
 1 SYSTEMPATH\CodeIgniter.php(903): App\Controllers\MaterialController->__construct()
 2 SYSTEMPATH\CodeIgniter.php(500): CodeIgniter\CodeIgniter->createController()
 3 SYSTEMPATH\CodeIgniter.php(355): CodeIgniter\CodeIgniter->handleRequest(null, Object(Config\Cache), false)
 4 SYSTEMPATH\Boot.php(325): CodeIgniter\CodeIgniter->run()
 5 SYSTEMPATH\Boot.php(67): CodeIgniter\Boot::runCodeIgniter(Object(CodeIgniter\CodeIgniter))
 6 FCPATH\index.php(56): CodeIgniter\Boot::bootWeb(Object(Config\Paths))
WARNING - 2025-08-05 11:33:38 --> [DEPRECATED] Creation of dynamic property App\Controllers\MaterialController::$session is deprecated in APPPATH\Controllers\MaterialController.php on line 16.
 1 SYSTEMPATH\CodeIgniter.php(903): App\Controllers\MaterialController->__construct()
 2 SYSTEMPATH\CodeIgniter.php(500): CodeIgniter\CodeIgniter->createController()
 3 SYSTEMPATH\CodeIgniter.php(355): CodeIgniter\CodeIgniter->handleRequest(null, Object(Config\Cache), false)
 4 SYSTEMPATH\Boot.php(325): CodeIgniter\CodeIgniter->run()
 5 SYSTEMPATH\Boot.php(67): CodeIgniter\Boot::runCodeIgniter(Object(CodeIgniter\CodeIgniter))
 6 FCPATH\index.php(56): CodeIgniter\Boot::bootWeb(Object(Config\Paths))
WARNING - 2025-08-05 11:33:38 --> [DEPRECATED] Creation of dynamic property App\Controllers\MaterialController::$uri is deprecated in APPPATH\Controllers\MaterialController.php on line 17.
 1 SYSTEMPATH\CodeIgniter.php(903): App\Controllers\MaterialController->__construct()
 2 SYSTEMPATH\CodeIgniter.php(500): CodeIgniter\CodeIgniter->createController()
 3 SYSTEMPATH\CodeIgniter.php(355): CodeIgniter\CodeIgniter->handleRequest(null, Object(Config\Cache), false)
 4 SYSTEMPATH\Boot.php(325): CodeIgniter\CodeIgniter->run()
 5 SYSTEMPATH\Boot.php(67): CodeIgniter\Boot::runCodeIgniter(Object(CodeIgniter\CodeIgniter))
 6 FCPATH\index.php(56): CodeIgniter\Boot::bootWeb(Object(Config\Paths))
WARNING - 2025-08-05 11:33:38 --> [DEPRECATED] Creation of dynamic property App\Controllers\MaterialController::$form_validation is deprecated in APPPATH\Controllers\MaterialController.php on line 19.
 1 SYSTEMPATH\CodeIgniter.php(903): App\Controllers\MaterialController->__construct()
 2 SYSTEMPATH\CodeIgniter.php(500): CodeIgniter\CodeIgniter->createController()
 3 SYSTEMPATH\CodeIgniter.php(355): CodeIgniter\CodeIgniter->handleRequest(null, Object(Config\Cache), false)
 4 SYSTEMPATH\Boot.php(325): CodeIgniter\CodeIgniter->run()
 5 SYSTEMPATH\Boot.php(67): CodeIgniter\Boot::runCodeIgniter(Object(CodeIgniter\CodeIgniter))
 6 FCPATH\index.php(56): CodeIgniter\Boot::bootWeb(Object(Config\Paths))
WARNING - 2025-08-05 11:33:38 --> [DEPRECATED] Creation of dynamic property App\Controllers\MaterialController::$userValidation is deprecated in APPPATH\Controllers\MaterialController.php on line 20.
 1 SYSTEMPATH\CodeIgniter.php(903): App\Controllers\MaterialController->__construct()
 2 SYSTEMPATH\CodeIgniter.php(500): CodeIgniter\CodeIgniter->createController()
 3 SYSTEMPATH\CodeIgniter.php(355): CodeIgniter\CodeIgniter->handleRequest(null, Object(Config\Cache), false)
 4 SYSTEMPATH\Boot.php(325): CodeIgniter\CodeIgniter->run()
 5 SYSTEMPATH\Boot.php(67): CodeIgniter\Boot::runCodeIgniter(Object(CodeIgniter\CodeIgniter))
 6 FCPATH\index.php(56): CodeIgniter\Boot::bootWeb(Object(Config\Paths))
INFO - 2025-08-05 11:33:39 --> Session: Class initialized using 'CodeIgniter\Session\Handlers\FileHandler' driver.
WARNING - 2025-08-05 11:33:39 --> [DEPRECATED] Creation of dynamic property App\Controllers\MaterialController::$db is deprecated in APPPATH\Controllers\MaterialController.php on line 15.
 1 SYSTEMPATH\CodeIgniter.php(903): App\Controllers\MaterialController->__construct()
 2 SYSTEMPATH\CodeIgniter.php(500): CodeIgniter\CodeIgniter->createController()
 3 SYSTEMPATH\CodeIgniter.php(355): CodeIgniter\CodeIgniter->handleRequest(null, Object(Config\Cache), false)
 4 SYSTEMPATH\Boot.php(325): CodeIgniter\CodeIgniter->run()
 5 SYSTEMPATH\Boot.php(67): CodeIgniter\Boot::runCodeIgniter(Object(CodeIgniter\CodeIgniter))
 6 FCPATH\index.php(56): CodeIgniter\Boot::bootWeb(Object(Config\Paths))
WARNING - 2025-08-05 11:33:39 --> [DEPRECATED] Creation of dynamic property App\Controllers\MaterialController::$session is deprecated in APPPATH\Controllers\MaterialController.php on line 16.
 1 SYSTEMPATH\CodeIgniter.php(903): App\Controllers\MaterialController->__construct()
 2 SYSTEMPATH\CodeIgniter.php(500): CodeIgniter\CodeIgniter->createController()
 3 SYSTEMPATH\CodeIgniter.php(355): CodeIgniter\CodeIgniter->handleRequest(null, Object(Config\Cache), false)
 4 SYSTEMPATH\Boot.php(325): CodeIgniter\CodeIgniter->run()
 5 SYSTEMPATH\Boot.php(67): CodeIgniter\Boot::runCodeIgniter(Object(CodeIgniter\CodeIgniter))
 6 FCPATH\index.php(56): CodeIgniter\Boot::bootWeb(Object(Config\Paths))
WARNING - 2025-08-05 11:33:39 --> [DEPRECATED] Creation of dynamic property App\Controllers\MaterialController::$uri is deprecated in APPPATH\Controllers\MaterialController.php on line 17.
 1 SYSTEMPATH\CodeIgniter.php(903): App\Controllers\MaterialController->__construct()
 2 SYSTEMPATH\CodeIgniter.php(500): CodeIgniter\CodeIgniter->createController()
 3 SYSTEMPATH\CodeIgniter.php(355): CodeIgniter\CodeIgniter->handleRequest(null, Object(Config\Cache), false)
 4 SYSTEMPATH\Boot.php(325): CodeIgniter\CodeIgniter->run()
 5 SYSTEMPATH\Boot.php(67): CodeIgniter\Boot::runCodeIgniter(Object(CodeIgniter\CodeIgniter))
 6 FCPATH\index.php(56): CodeIgniter\Boot::bootWeb(Object(Config\Paths))
WARNING - 2025-08-05 11:33:39 --> [DEPRECATED] Creation of dynamic property App\Controllers\MaterialController::$form_validation is deprecated in APPPATH\Controllers\MaterialController.php on line 19.
 1 SYSTEMPATH\CodeIgniter.php(903): App\Controllers\MaterialController->__construct()
 2 SYSTEMPATH\CodeIgniter.php(500): CodeIgniter\CodeIgniter->createController()
 3 SYSTEMPATH\CodeIgniter.php(355): CodeIgniter\CodeIgniter->handleRequest(null, Object(Config\Cache), false)
 4 SYSTEMPATH\Boot.php(325): CodeIgniter\CodeIgniter->run()
 5 SYSTEMPATH\Boot.php(67): CodeIgniter\Boot::runCodeIgniter(Object(CodeIgniter\CodeIgniter))
 6 FCPATH\index.php(56): CodeIgniter\Boot::bootWeb(Object(Config\Paths))
WARNING - 2025-08-05 11:33:39 --> [DEPRECATED] Creation of dynamic property App\Controllers\MaterialController::$userValidation is deprecated in APPPATH\Controllers\MaterialController.php on line 20.
 1 SYSTEMPATH\CodeIgniter.php(903): App\Controllers\MaterialController->__construct()
 2 SYSTEMPATH\CodeIgniter.php(500): CodeIgniter\CodeIgniter->createController()
 3 SYSTEMPATH\CodeIgniter.php(355): CodeIgniter\CodeIgniter->handleRequest(null, Object(Config\Cache), false)
 4 SYSTEMPATH\Boot.php(325): CodeIgniter\CodeIgniter->run()
 5 SYSTEMPATH\Boot.php(67): CodeIgniter\Boot::runCodeIgniter(Object(CodeIgniter\CodeIgniter))
 6 FCPATH\index.php(56): CodeIgniter\Boot::bootWeb(Object(Config\Paths))
INFO - 2025-08-05 11:33:39 --> Session: Class initialized using 'CodeIgniter\Session\Handlers\FileHandler' driver.
WARNING - 2025-08-05 11:33:39 --> [DEPRECATED] Creation of dynamic property App\Controllers\MaterialController::$db is deprecated in APPPATH\Controllers\MaterialController.php on line 15.
 1 SYSTEMPATH\CodeIgniter.php(903): App\Controllers\MaterialController->__construct()
 2 SYSTEMPATH\CodeIgniter.php(500): CodeIgniter\CodeIgniter->createController()
 3 SYSTEMPATH\CodeIgniter.php(355): CodeIgniter\CodeIgniter->handleRequest(null, Object(Config\Cache), false)
 4 SYSTEMPATH\Boot.php(325): CodeIgniter\CodeIgniter->run()
 5 SYSTEMPATH\Boot.php(67): CodeIgniter\Boot::runCodeIgniter(Object(CodeIgniter\CodeIgniter))
 6 FCPATH\index.php(56): CodeIgniter\Boot::bootWeb(Object(Config\Paths))
WARNING - 2025-08-05 11:33:39 --> [DEPRECATED] Creation of dynamic property App\Controllers\MaterialController::$session is deprecated in APPPATH\Controllers\MaterialController.php on line 16.
 1 SYSTEMPATH\CodeIgniter.php(903): App\Controllers\MaterialController->__construct()
 2 SYSTEMPATH\CodeIgniter.php(500): CodeIgniter\CodeIgniter->createController()
 3 SYSTEMPATH\CodeIgniter.php(355): CodeIgniter\CodeIgniter->handleRequest(null, Object(Config\Cache), false)
 4 SYSTEMPATH\Boot.php(325): CodeIgniter\CodeIgniter->run()
 5 SYSTEMPATH\Boot.php(67): CodeIgniter\Boot::runCodeIgniter(Object(CodeIgniter\CodeIgniter))
 6 FCPATH\index.php(56): CodeIgniter\Boot::bootWeb(Object(Config\Paths))
WARNING - 2025-08-05 11:33:39 --> [DEPRECATED] Creation of dynamic property App\Controllers\MaterialController::$uri is deprecated in APPPATH\Controllers\MaterialController.php on line 17.
 1 SYSTEMPATH\CodeIgniter.php(903): App\Controllers\MaterialController->__construct()
 2 SYSTEMPATH\CodeIgniter.php(500): CodeIgniter\CodeIgniter->createController()
 3 SYSTEMPATH\CodeIgniter.php(355): CodeIgniter\CodeIgniter->handleRequest(null, Object(Config\Cache), false)
 4 SYSTEMPATH\Boot.php(325): CodeIgniter\CodeIgniter->run()
 5 SYSTEMPATH\Boot.php(67): CodeIgniter\Boot::runCodeIgniter(Object(CodeIgniter\CodeIgniter))
 6 FCPATH\index.php(56): CodeIgniter\Boot::bootWeb(Object(Config\Paths))
WARNING - 2025-08-05 11:33:39 --> [DEPRECATED] Creation of dynamic property App\Controllers\MaterialController::$form_validation is deprecated in APPPATH\Controllers\MaterialController.php on line 19.
 1 SYSTEMPATH\CodeIgniter.php(903): App\Controllers\MaterialController->__construct()
 2 SYSTEMPATH\CodeIgniter.php(500): CodeIgniter\CodeIgniter->createController()
 3 SYSTEMPATH\CodeIgniter.php(355): CodeIgniter\CodeIgniter->handleRequest(null, Object(Config\Cache), false)
 4 SYSTEMPATH\Boot.php(325): CodeIgniter\CodeIgniter->run()
 5 SYSTEMPATH\Boot.php(67): CodeIgniter\Boot::runCodeIgniter(Object(CodeIgniter\CodeIgniter))
 6 FCPATH\index.php(56): CodeIgniter\Boot::bootWeb(Object(Config\Paths))
WARNING - 2025-08-05 11:33:39 --> [DEPRECATED] Creation of dynamic property App\Controllers\MaterialController::$userValidation is deprecated in APPPATH\Controllers\MaterialController.php on line 20.
 1 SYSTEMPATH\CodeIgniter.php(903): App\Controllers\MaterialController->__construct()
 2 SYSTEMPATH\CodeIgniter.php(500): CodeIgniter\CodeIgniter->createController()
 3 SYSTEMPATH\CodeIgniter.php(355): CodeIgniter\CodeIgniter->handleRequest(null, Object(Config\Cache), false)
 4 SYSTEMPATH\Boot.php(325): CodeIgniter\CodeIgniter->run()
 5 SYSTEMPATH\Boot.php(67): CodeIgniter\Boot::runCodeIgniter(Object(CodeIgniter\CodeIgniter))
 6 FCPATH\index.php(56): CodeIgniter\Boot::bootWeb(Object(Config\Paths))
INFO - 2025-08-05 11:33:40 --> Session: Class initialized using 'CodeIgniter\Session\Handlers\FileHandler' driver.
WARNING - 2025-08-05 11:33:40 --> [DEPRECATED] Creation of dynamic property App\Controllers\MaterialController::$db is deprecated in APPPATH\Controllers\MaterialController.php on line 15.
 1 SYSTEMPATH\CodeIgniter.php(903): App\Controllers\MaterialController->__construct()
 2 SYSTEMPATH\CodeIgniter.php(500): CodeIgniter\CodeIgniter->createController()
 3 SYSTEMPATH\CodeIgniter.php(355): CodeIgniter\CodeIgniter->handleRequest(null, Object(Config\Cache), false)
 4 SYSTEMPATH\Boot.php(325): CodeIgniter\CodeIgniter->run()
 5 SYSTEMPATH\Boot.php(67): CodeIgniter\Boot::runCodeIgniter(Object(CodeIgniter\CodeIgniter))
 6 FCPATH\index.php(56): CodeIgniter\Boot::bootWeb(Object(Config\Paths))
WARNING - 2025-08-05 11:33:40 --> [DEPRECATED] Creation of dynamic property App\Controllers\MaterialController::$session is deprecated in APPPATH\Controllers\MaterialController.php on line 16.
 1 SYSTEMPATH\CodeIgniter.php(903): App\Controllers\MaterialController->__construct()
 2 SYSTEMPATH\CodeIgniter.php(500): CodeIgniter\CodeIgniter->createController()
 3 SYSTEMPATH\CodeIgniter.php(355): CodeIgniter\CodeIgniter->handleRequest(null, Object(Config\Cache), false)
 4 SYSTEMPATH\Boot.php(325): CodeIgniter\CodeIgniter->run()
 5 SYSTEMPATH\Boot.php(67): CodeIgniter\Boot::runCodeIgniter(Object(CodeIgniter\CodeIgniter))
 6 FCPATH\index.php(56): CodeIgniter\Boot::bootWeb(Object(Config\Paths))
WARNING - 2025-08-05 11:33:40 --> [DEPRECATED] Creation of dynamic property App\Controllers\MaterialController::$uri is deprecated in APPPATH\Controllers\MaterialController.php on line 17.
 1 SYSTEMPATH\CodeIgniter.php(903): App\Controllers\MaterialController->__construct()
 2 SYSTEMPATH\CodeIgniter.php(500): CodeIgniter\CodeIgniter->createController()
 3 SYSTEMPATH\CodeIgniter.php(355): CodeIgniter\CodeIgniter->handleRequest(null, Object(Config\Cache), false)
 4 SYSTEMPATH\Boot.php(325): CodeIgniter\CodeIgniter->run()
 5 SYSTEMPATH\Boot.php(67): CodeIgniter\Boot::runCodeIgniter(Object(CodeIgniter\CodeIgniter))
 6 FCPATH\index.php(56): CodeIgniter\Boot::bootWeb(Object(Config\Paths))
WARNING - 2025-08-05 11:33:40 --> [DEPRECATED] Creation of dynamic property App\Controllers\MaterialController::$form_validation is deprecated in APPPATH\Controllers\MaterialController.php on line 19.
 1 SYSTEMPATH\CodeIgniter.php(903): App\Controllers\MaterialController->__construct()
 2 SYSTEMPATH\CodeIgniter.php(500): CodeIgniter\CodeIgniter->createController()
 3 SYSTEMPATH\CodeIgniter.php(355): CodeIgniter\CodeIgniter->handleRequest(null, Object(Config\Cache), false)
 4 SYSTEMPATH\Boot.php(325): CodeIgniter\CodeIgniter->run()
 5 SYSTEMPATH\Boot.php(67): CodeIgniter\Boot::runCodeIgniter(Object(CodeIgniter\CodeIgniter))
 6 FCPATH\index.php(56): CodeIgniter\Boot::bootWeb(Object(Config\Paths))
WARNING - 2025-08-05 11:33:40 --> [DEPRECATED] Creation of dynamic property App\Controllers\MaterialController::$userValidation is deprecated in APPPATH\Controllers\MaterialController.php on line 20.
 1 SYSTEMPATH\CodeIgniter.php(903): App\Controllers\MaterialController->__construct()
 2 SYSTEMPATH\CodeIgniter.php(500): CodeIgniter\CodeIgniter->createController()
 3 SYSTEMPATH\CodeIgniter.php(355): CodeIgniter\CodeIgniter->handleRequest(null, Object(Config\Cache), false)
 4 SYSTEMPATH\Boot.php(325): CodeIgniter\CodeIgniter->run()
 5 SYSTEMPATH\Boot.php(67): CodeIgniter\Boot::runCodeIgniter(Object(CodeIgniter\CodeIgniter))
 6 FCPATH\index.php(56): CodeIgniter\Boot::bootWeb(Object(Config\Paths))
INFO - 2025-08-05 11:33:41 --> Session: Class initialized using 'CodeIgniter\Session\Handlers\FileHandler' driver.
WARNING - 2025-08-05 11:33:41 --> [DEPRECATED] Creation of dynamic property App\Controllers\MaterialController::$db is deprecated in APPPATH\Controllers\MaterialController.php on line 15.
 1 SYSTEMPATH\CodeIgniter.php(903): App\Controllers\MaterialController->__construct()
 2 SYSTEMPATH\CodeIgniter.php(500): CodeIgniter\CodeIgniter->createController()
 3 SYSTEMPATH\CodeIgniter.php(355): CodeIgniter\CodeIgniter->handleRequest(null, Object(Config\Cache), false)
 4 SYSTEMPATH\Boot.php(325): CodeIgniter\CodeIgniter->run()
 5 SYSTEMPATH\Boot.php(67): CodeIgniter\Boot::runCodeIgniter(Object(CodeIgniter\CodeIgniter))
 6 FCPATH\index.php(56): CodeIgniter\Boot::bootWeb(Object(Config\Paths))
WARNING - 2025-08-05 11:33:41 --> [DEPRECATED] Creation of dynamic property App\Controllers\MaterialController::$session is deprecated in APPPATH\Controllers\MaterialController.php on line 16.
 1 SYSTEMPATH\CodeIgniter.php(903): App\Controllers\MaterialController->__construct()
 2 SYSTEMPATH\CodeIgniter.php(500): CodeIgniter\CodeIgniter->createController()
 3 SYSTEMPATH\CodeIgniter.php(355): CodeIgniter\CodeIgniter->handleRequest(null, Object(Config\Cache), false)
 4 SYSTEMPATH\Boot.php(325): CodeIgniter\CodeIgniter->run()
 5 SYSTEMPATH\Boot.php(67): CodeIgniter\Boot::runCodeIgniter(Object(CodeIgniter\CodeIgniter))
 6 FCPATH\index.php(56): CodeIgniter\Boot::bootWeb(Object(Config\Paths))
WARNING - 2025-08-05 11:33:41 --> [DEPRECATED] Creation of dynamic property App\Controllers\MaterialController::$uri is deprecated in APPPATH\Controllers\MaterialController.php on line 17.
 1 SYSTEMPATH\CodeIgniter.php(903): App\Controllers\MaterialController->__construct()
 2 SYSTEMPATH\CodeIgniter.php(500): CodeIgniter\CodeIgniter->createController()
 3 SYSTEMPATH\CodeIgniter.php(355): CodeIgniter\CodeIgniter->handleRequest(null, Object(Config\Cache), false)
 4 SYSTEMPATH\Boot.php(325): CodeIgniter\CodeIgniter->run()
 5 SYSTEMPATH\Boot.php(67): CodeIgniter\Boot::runCodeIgniter(Object(CodeIgniter\CodeIgniter))
 6 FCPATH\index.php(56): CodeIgniter\Boot::bootWeb(Object(Config\Paths))
WARNING - 2025-08-05 11:33:41 --> [DEPRECATED] Creation of dynamic property App\Controllers\MaterialController::$form_validation is deprecated in APPPATH\Controllers\MaterialController.php on line 19.
 1 SYSTEMPATH\CodeIgniter.php(903): App\Controllers\MaterialController->__construct()
 2 SYSTEMPATH\CodeIgniter.php(500): CodeIgniter\CodeIgniter->createController()
 3 SYSTEMPATH\CodeIgniter.php(355): CodeIgniter\CodeIgniter->handleRequest(null, Object(Config\Cache), false)
 4 SYSTEMPATH\Boot.php(325): CodeIgniter\CodeIgniter->run()
 5 SYSTEMPATH\Boot.php(67): CodeIgniter\Boot::runCodeIgniter(Object(CodeIgniter\CodeIgniter))
 6 FCPATH\index.php(56): CodeIgniter\Boot::bootWeb(Object(Config\Paths))
WARNING - 2025-08-05 11:33:41 --> [DEPRECATED] Creation of dynamic property App\Controllers\MaterialController::$userValidation is deprecated in APPPATH\Controllers\MaterialController.php on line 20.
 1 SYSTEMPATH\CodeIgniter.php(903): App\Controllers\MaterialController->__construct()
 2 SYSTEMPATH\CodeIgniter.php(500): CodeIgniter\CodeIgniter->createController()
 3 SYSTEMPATH\CodeIgniter.php(355): CodeIgniter\CodeIgniter->handleRequest(null, Object(Config\Cache), false)
 4 SYSTEMPATH\Boot.php(325): CodeIgniter\CodeIgniter->run()
 5 SYSTEMPATH\Boot.php(67): CodeIgniter\Boot::runCodeIgniter(Object(CodeIgniter\CodeIgniter))
 6 FCPATH\index.php(56): CodeIgniter\Boot::bootWeb(Object(Config\Paths))
INFO - 2025-08-05 11:33:41 --> Session: Class initialized using 'CodeIgniter\Session\Handlers\FileHandler' driver.
WARNING - 2025-08-05 11:33:41 --> [DEPRECATED] Creation of dynamic property App\Controllers\MaterialController::$db is deprecated in APPPATH\Controllers\MaterialController.php on line 15.
 1 SYSTEMPATH\CodeIgniter.php(903): App\Controllers\MaterialController->__construct()
 2 SYSTEMPATH\CodeIgniter.php(500): CodeIgniter\CodeIgniter->createController()
 3 SYSTEMPATH\CodeIgniter.php(355): CodeIgniter\CodeIgniter->handleRequest(null, Object(Config\Cache), false)
 4 SYSTEMPATH\Boot.php(325): CodeIgniter\CodeIgniter->run()
 5 SYSTEMPATH\Boot.php(67): CodeIgniter\Boot::runCodeIgniter(Object(CodeIgniter\CodeIgniter))
 6 FCPATH\index.php(56): CodeIgniter\Boot::bootWeb(Object(Config\Paths))
WARNING - 2025-08-05 11:33:41 --> [DEPRECATED] Creation of dynamic property App\Controllers\MaterialController::$session is deprecated in APPPATH\Controllers\MaterialController.php on line 16.
 1 SYSTEMPATH\CodeIgniter.php(903): App\Controllers\MaterialController->__construct()
 2 SYSTEMPATH\CodeIgniter.php(500): CodeIgniter\CodeIgniter->createController()
 3 SYSTEMPATH\CodeIgniter.php(355): CodeIgniter\CodeIgniter->handleRequest(null, Object(Config\Cache), false)
 4 SYSTEMPATH\Boot.php(325): CodeIgniter\CodeIgniter->run()
 5 SYSTEMPATH\Boot.php(67): CodeIgniter\Boot::runCodeIgniter(Object(CodeIgniter\CodeIgniter))
 6 FCPATH\index.php(56): CodeIgniter\Boot::bootWeb(Object(Config\Paths))
WARNING - 2025-08-05 11:33:41 --> [DEPRECATED] Creation of dynamic property App\Controllers\MaterialController::$uri is deprecated in APPPATH\Controllers\MaterialController.php on line 17.
 1 SYSTEMPATH\CodeIgniter.php(903): App\Controllers\MaterialController->__construct()
 2 SYSTEMPATH\CodeIgniter.php(500): CodeIgniter\CodeIgniter->createController()
 3 SYSTEMPATH\CodeIgniter.php(355): CodeIgniter\CodeIgniter->handleRequest(null, Object(Config\Cache), false)
 4 SYSTEMPATH\Boot.php(325): CodeIgniter\CodeIgniter->run()
 5 SYSTEMPATH\Boot.php(67): CodeIgniter\Boot::runCodeIgniter(Object(CodeIgniter\CodeIgniter))
 6 FCPATH\index.php(56): CodeIgniter\Boot::bootWeb(Object(Config\Paths))
WARNING - 2025-08-05 11:33:41 --> [DEPRECATED] Creation of dynamic property App\Controllers\MaterialController::$form_validation is deprecated in APPPATH\Controllers\MaterialController.php on line 19.
 1 SYSTEMPATH\CodeIgniter.php(903): App\Controllers\MaterialController->__construct()
 2 SYSTEMPATH\CodeIgniter.php(500): CodeIgniter\CodeIgniter->createController()
 3 SYSTEMPATH\CodeIgniter.php(355): CodeIgniter\CodeIgniter->handleRequest(null, Object(Config\Cache), false)
 4 SYSTEMPATH\Boot.php(325): CodeIgniter\CodeIgniter->run()
 5 SYSTEMPATH\Boot.php(67): CodeIgniter\Boot::runCodeIgniter(Object(CodeIgniter\CodeIgniter))
 6 FCPATH\index.php(56): CodeIgniter\Boot::bootWeb(Object(Config\Paths))
WARNING - 2025-08-05 11:33:41 --> [DEPRECATED] Creation of dynamic property App\Controllers\MaterialController::$userValidation is deprecated in APPPATH\Controllers\MaterialController.php on line 20.
 1 SYSTEMPATH\CodeIgniter.php(903): App\Controllers\MaterialController->__construct()
 2 SYSTEMPATH\CodeIgniter.php(500): CodeIgniter\CodeIgniter->createController()
 3 SYSTEMPATH\CodeIgniter.php(355): CodeIgniter\CodeIgniter->handleRequest(null, Object(Config\Cache), false)
 4 SYSTEMPATH\Boot.php(325): CodeIgniter\CodeIgniter->run()
 5 SYSTEMPATH\Boot.php(67): CodeIgniter\Boot::runCodeIgniter(Object(CodeIgniter\CodeIgniter))
 6 FCPATH\index.php(56): CodeIgniter\Boot::bootWeb(Object(Config\Paths))
INFO - 2025-08-05 11:33:42 --> Session: Class initialized using 'CodeIgniter\Session\Handlers\FileHandler' driver.
WARNING - 2025-08-05 11:33:42 --> [DEPRECATED] Creation of dynamic property App\Controllers\MaterialController::$db is deprecated in APPPATH\Controllers\MaterialController.php on line 15.
 1 SYSTEMPATH\CodeIgniter.php(903): App\Controllers\MaterialController->__construct()
 2 SYSTEMPATH\CodeIgniter.php(500): CodeIgniter\CodeIgniter->createController()
 3 SYSTEMPATH\CodeIgniter.php(355): CodeIgniter\CodeIgniter->handleRequest(null, Object(Config\Cache), false)
 4 SYSTEMPATH\Boot.php(325): CodeIgniter\CodeIgniter->run()
 5 SYSTEMPATH\Boot.php(67): CodeIgniter\Boot::runCodeIgniter(Object(CodeIgniter\CodeIgniter))
 6 FCPATH\index.php(56): CodeIgniter\Boot::bootWeb(Object(Config\Paths))
WARNING - 2025-08-05 11:33:42 --> [DEPRECATED] Creation of dynamic property App\Controllers\MaterialController::$session is deprecated in APPPATH\Controllers\MaterialController.php on line 16.
 1 SYSTEMPATH\CodeIgniter.php(903): App\Controllers\MaterialController->__construct()
 2 SYSTEMPATH\CodeIgniter.php(500): CodeIgniter\CodeIgniter->createController()
 3 SYSTEMPATH\CodeIgniter.php(355): CodeIgniter\CodeIgniter->handleRequest(null, Object(Config\Cache), false)
 4 SYSTEMPATH\Boot.php(325): CodeIgniter\CodeIgniter->run()
 5 SYSTEMPATH\Boot.php(67): CodeIgniter\Boot::runCodeIgniter(Object(CodeIgniter\CodeIgniter))
 6 FCPATH\index.php(56): CodeIgniter\Boot::bootWeb(Object(Config\Paths))
WARNING - 2025-08-05 11:33:42 --> [DEPRECATED] Creation of dynamic property App\Controllers\MaterialController::$uri is deprecated in APPPATH\Controllers\MaterialController.php on line 17.
 1 SYSTEMPATH\CodeIgniter.php(903): App\Controllers\MaterialController->__construct()
 2 SYSTEMPATH\CodeIgniter.php(500): CodeIgniter\CodeIgniter->createController()
 3 SYSTEMPATH\CodeIgniter.php(355): CodeIgniter\CodeIgniter->handleRequest(null, Object(Config\Cache), false)
 4 SYSTEMPATH\Boot.php(325): CodeIgniter\CodeIgniter->run()
 5 SYSTEMPATH\Boot.php(67): CodeIgniter\Boot::runCodeIgniter(Object(CodeIgniter\CodeIgniter))
 6 FCPATH\index.php(56): CodeIgniter\Boot::bootWeb(Object(Config\Paths))
WARNING - 2025-08-05 11:33:42 --> [DEPRECATED] Creation of dynamic property App\Controllers\MaterialController::$form_validation is deprecated in APPPATH\Controllers\MaterialController.php on line 19.
 1 SYSTEMPATH\CodeIgniter.php(903): App\Controllers\MaterialController->__construct()
 2 SYSTEMPATH\CodeIgniter.php(500): CodeIgniter\CodeIgniter->createController()
 3 SYSTEMPATH\CodeIgniter.php(355): CodeIgniter\CodeIgniter->handleRequest(null, Object(Config\Cache), false)
 4 SYSTEMPATH\Boot.php(325): CodeIgniter\CodeIgniter->run()
 5 SYSTEMPATH\Boot.php(67): CodeIgniter\Boot::runCodeIgniter(Object(CodeIgniter\CodeIgniter))
 6 FCPATH\index.php(56): CodeIgniter\Boot::bootWeb(Object(Config\Paths))
WARNING - 2025-08-05 11:33:42 --> [DEPRECATED] Creation of dynamic property App\Controllers\MaterialController::$userValidation is deprecated in APPPATH\Controllers\MaterialController.php on line 20.
 1 SYSTEMPATH\CodeIgniter.php(903): App\Controllers\MaterialController->__construct()
 2 SYSTEMPATH\CodeIgniter.php(500): CodeIgniter\CodeIgniter->createController()
 3 SYSTEMPATH\CodeIgniter.php(355): CodeIgniter\CodeIgniter->handleRequest(null, Object(Config\Cache), false)
 4 SYSTEMPATH\Boot.php(325): CodeIgniter\CodeIgniter->run()
 5 SYSTEMPATH\Boot.php(67): CodeIgniter\Boot::runCodeIgniter(Object(CodeIgniter\CodeIgniter))
 6 FCPATH\index.php(56): CodeIgniter\Boot::bootWeb(Object(Config\Paths))
INFO - 2025-08-05 11:33:42 --> Session: Class initialized using 'CodeIgniter\Session\Handlers\FileHandler' driver.
WARNING - 2025-08-05 11:33:42 --> [DEPRECATED] Creation of dynamic property App\Controllers\MaterialController::$db is deprecated in APPPATH\Controllers\MaterialController.php on line 15.
 1 SYSTEMPATH\CodeIgniter.php(903): App\Controllers\MaterialController->__construct()
 2 SYSTEMPATH\CodeIgniter.php(500): CodeIgniter\CodeIgniter->createController()
 3 SYSTEMPATH\CodeIgniter.php(355): CodeIgniter\CodeIgniter->handleRequest(null, Object(Config\Cache), false)
 4 SYSTEMPATH\Boot.php(325): CodeIgniter\CodeIgniter->run()
 5 SYSTEMPATH\Boot.php(67): CodeIgniter\Boot::runCodeIgniter(Object(CodeIgniter\CodeIgniter))
 6 FCPATH\index.php(56): CodeIgniter\Boot::bootWeb(Object(Config\Paths))
WARNING - 2025-08-05 11:33:42 --> [DEPRECATED] Creation of dynamic property App\Controllers\MaterialController::$session is deprecated in APPPATH\Controllers\MaterialController.php on line 16.
 1 SYSTEMPATH\CodeIgniter.php(903): App\Controllers\MaterialController->__construct()
 2 SYSTEMPATH\CodeIgniter.php(500): CodeIgniter\CodeIgniter->createController()
 3 SYSTEMPATH\CodeIgniter.php(355): CodeIgniter\CodeIgniter->handleRequest(null, Object(Config\Cache), false)
 4 SYSTEMPATH\Boot.php(325): CodeIgniter\CodeIgniter->run()
 5 SYSTEMPATH\Boot.php(67): CodeIgniter\Boot::runCodeIgniter(Object(CodeIgniter\CodeIgniter))
 6 FCPATH\index.php(56): CodeIgniter\Boot::bootWeb(Object(Config\Paths))
WARNING - 2025-08-05 11:33:42 --> [DEPRECATED] Creation of dynamic property App\Controllers\MaterialController::$uri is deprecated in APPPATH\Controllers\MaterialController.php on line 17.
 1 SYSTEMPATH\CodeIgniter.php(903): App\Controllers\MaterialController->__construct()
 2 SYSTEMPATH\CodeIgniter.php(500): CodeIgniter\CodeIgniter->createController()
 3 SYSTEMPATH\CodeIgniter.php(355): CodeIgniter\CodeIgniter->handleRequest(null, Object(Config\Cache), false)
 4 SYSTEMPATH\Boot.php(325): CodeIgniter\CodeIgniter->run()
 5 SYSTEMPATH\Boot.php(67): CodeIgniter\Boot::runCodeIgniter(Object(CodeIgniter\CodeIgniter))
 6 FCPATH\index.php(56): CodeIgniter\Boot::bootWeb(Object(Config\Paths))
WARNING - 2025-08-05 11:33:42 --> [DEPRECATED] Creation of dynamic property App\Controllers\MaterialController::$form_validation is deprecated in APPPATH\Controllers\MaterialController.php on line 19.
 1 SYSTEMPATH\CodeIgniter.php(903): App\Controllers\MaterialController->__construct()
 2 SYSTEMPATH\CodeIgniter.php(500): CodeIgniter\CodeIgniter->createController()
 3 SYSTEMPATH\CodeIgniter.php(355): CodeIgniter\CodeIgniter->handleRequest(null, Object(Config\Cache), false)
 4 SYSTEMPATH\Boot.php(325): CodeIgniter\CodeIgniter->run()
 5 SYSTEMPATH\Boot.php(67): CodeIgniter\Boot::runCodeIgniter(Object(CodeIgniter\CodeIgniter))
 6 FCPATH\index.php(56): CodeIgniter\Boot::bootWeb(Object(Config\Paths))
WARNING - 2025-08-05 11:33:42 --> [DEPRECATED] Creation of dynamic property App\Controllers\MaterialController::$userValidation is deprecated in APPPATH\Controllers\MaterialController.php on line 20.
 1 SYSTEMPATH\CodeIgniter.php(903): App\Controllers\MaterialController->__construct()
 2 SYSTEMPATH\CodeIgniter.php(500): CodeIgniter\CodeIgniter->createController()
 3 SYSTEMPATH\CodeIgniter.php(355): CodeIgniter\CodeIgniter->handleRequest(null, Object(Config\Cache), false)
 4 SYSTEMPATH\Boot.php(325): CodeIgniter\CodeIgniter->run()
 5 SYSTEMPATH\Boot.php(67): CodeIgniter\Boot::runCodeIgniter(Object(CodeIgniter\CodeIgniter))
 6 FCPATH\index.php(56): CodeIgniter\Boot::bootWeb(Object(Config\Paths))
INFO - 2025-08-05 11:33:43 --> Session: Class initialized using 'CodeIgniter\Session\Handlers\FileHandler' driver.
WARNING - 2025-08-05 11:33:43 --> [DEPRECATED] Creation of dynamic property App\Controllers\MaterialController::$db is deprecated in APPPATH\Controllers\MaterialController.php on line 15.
 1 SYSTEMPATH\CodeIgniter.php(903): App\Controllers\MaterialController->__construct()
 2 SYSTEMPATH\CodeIgniter.php(500): CodeIgniter\CodeIgniter->createController()
 3 SYSTEMPATH\CodeIgniter.php(355): CodeIgniter\CodeIgniter->handleRequest(null, Object(Config\Cache), false)
 4 SYSTEMPATH\Boot.php(325): CodeIgniter\CodeIgniter->run()
 5 SYSTEMPATH\Boot.php(67): CodeIgniter\Boot::runCodeIgniter(Object(CodeIgniter\CodeIgniter))
 6 FCPATH\index.php(56): CodeIgniter\Boot::bootWeb(Object(Config\Paths))
WARNING - 2025-08-05 11:33:43 --> [DEPRECATED] Creation of dynamic property App\Controllers\MaterialController::$session is deprecated in APPPATH\Controllers\MaterialController.php on line 16.
 1 SYSTEMPATH\CodeIgniter.php(903): App\Controllers\MaterialController->__construct()
 2 SYSTEMPATH\CodeIgniter.php(500): CodeIgniter\CodeIgniter->createController()
 3 SYSTEMPATH\CodeIgniter.php(355): CodeIgniter\CodeIgniter->handleRequest(null, Object(Config\Cache), false)
 4 SYSTEMPATH\Boot.php(325): CodeIgniter\CodeIgniter->run()
 5 SYSTEMPATH\Boot.php(67): CodeIgniter\Boot::runCodeIgniter(Object(CodeIgniter\CodeIgniter))
 6 FCPATH\index.php(56): CodeIgniter\Boot::bootWeb(Object(Config\Paths))
WARNING - 2025-08-05 11:33:43 --> [DEPRECATED] Creation of dynamic property App\Controllers\MaterialController::$uri is deprecated in APPPATH\Controllers\MaterialController.php on line 17.
 1 SYSTEMPATH\CodeIgniter.php(903): App\Controllers\MaterialController->__construct()
 2 SYSTEMPATH\CodeIgniter.php(500): CodeIgniter\CodeIgniter->createController()
 3 SYSTEMPATH\CodeIgniter.php(355): CodeIgniter\CodeIgniter->handleRequest(null, Object(Config\Cache), false)
 4 SYSTEMPATH\Boot.php(325): CodeIgniter\CodeIgniter->run()
 5 SYSTEMPATH\Boot.php(67): CodeIgniter\Boot::runCodeIgniter(Object(CodeIgniter\CodeIgniter))
 6 FCPATH\index.php(56): CodeIgniter\Boot::bootWeb(Object(Config\Paths))
WARNING - 2025-08-05 11:33:43 --> [DEPRECATED] Creation of dynamic property App\Controllers\MaterialController::$form_validation is deprecated in APPPATH\Controllers\MaterialController.php on line 19.
 1 SYSTEMPATH\CodeIgniter.php(903): App\Controllers\MaterialController->__construct()
 2 SYSTEMPATH\CodeIgniter.php(500): CodeIgniter\CodeIgniter->createController()
 3 SYSTEMPATH\CodeIgniter.php(355): CodeIgniter\CodeIgniter->handleRequest(null, Object(Config\Cache), false)
 4 SYSTEMPATH\Boot.php(325): CodeIgniter\CodeIgniter->run()
 5 SYSTEMPATH\Boot.php(67): CodeIgniter\Boot::runCodeIgniter(Object(CodeIgniter\CodeIgniter))
 6 FCPATH\index.php(56): CodeIgniter\Boot::bootWeb(Object(Config\Paths))
WARNING - 2025-08-05 11:33:43 --> [DEPRECATED] Creation of dynamic property App\Controllers\MaterialController::$userValidation is deprecated in APPPATH\Controllers\MaterialController.php on line 20.
 1 SYSTEMPATH\CodeIgniter.php(903): App\Controllers\MaterialController->__construct()
 2 SYSTEMPATH\CodeIgniter.php(500): CodeIgniter\CodeIgniter->createController()
 3 SYSTEMPATH\CodeIgniter.php(355): CodeIgniter\CodeIgniter->handleRequest(null, Object(Config\Cache), false)
 4 SYSTEMPATH\Boot.php(325): CodeIgniter\CodeIgniter->run()
 5 SYSTEMPATH\Boot.php(67): CodeIgniter\Boot::runCodeIgniter(Object(CodeIgniter\CodeIgniter))
 6 FCPATH\index.php(56): CodeIgniter\Boot::bootWeb(Object(Config\Paths))
INFO - 2025-08-05 11:33:43 --> Session: Class initialized using 'CodeIgniter\Session\Handlers\FileHandler' driver.
WARNING - 2025-08-05 11:33:43 --> [DEPRECATED] Creation of dynamic property App\Controllers\MaterialController::$db is deprecated in APPPATH\Controllers\MaterialController.php on line 15.
 1 SYSTEMPATH\CodeIgniter.php(903): App\Controllers\MaterialController->__construct()
 2 SYSTEMPATH\CodeIgniter.php(500): CodeIgniter\CodeIgniter->createController()
 3 SYSTEMPATH\CodeIgniter.php(355): CodeIgniter\CodeIgniter->handleRequest(null, Object(Config\Cache), false)
 4 SYSTEMPATH\Boot.php(325): CodeIgniter\CodeIgniter->run()
 5 SYSTEMPATH\Boot.php(67): CodeIgniter\Boot::runCodeIgniter(Object(CodeIgniter\CodeIgniter))
 6 FCPATH\index.php(56): CodeIgniter\Boot::bootWeb(Object(Config\Paths))
WARNING - 2025-08-05 11:33:43 --> [DEPRECATED] Creation of dynamic property App\Controllers\MaterialController::$session is deprecated in APPPATH\Controllers\MaterialController.php on line 16.
 1 SYSTEMPATH\CodeIgniter.php(903): App\Controllers\MaterialController->__construct()
 2 SYSTEMPATH\CodeIgniter.php(500): CodeIgniter\CodeIgniter->createController()
 3 SYSTEMPATH\CodeIgniter.php(355): CodeIgniter\CodeIgniter->handleRequest(null, Object(Config\Cache), false)
 4 SYSTEMPATH\Boot.php(325): CodeIgniter\CodeIgniter->run()
 5 SYSTEMPATH\Boot.php(67): CodeIgniter\Boot::runCodeIgniter(Object(CodeIgniter\CodeIgniter))
 6 FCPATH\index.php(56): CodeIgniter\Boot::bootWeb(Object(Config\Paths))
WARNING - 2025-08-05 11:33:43 --> [DEPRECATED] Creation of dynamic property App\Controllers\MaterialController::$uri is deprecated in APPPATH\Controllers\MaterialController.php on line 17.
 1 SYSTEMPATH\CodeIgniter.php(903): App\Controllers\MaterialController->__construct()
 2 SYSTEMPATH\CodeIgniter.php(500): CodeIgniter\CodeIgniter->createController()
 3 SYSTEMPATH\CodeIgniter.php(355): CodeIgniter\CodeIgniter->handleRequest(null, Object(Config\Cache), false)
 4 SYSTEMPATH\Boot.php(325): CodeIgniter\CodeIgniter->run()
 5 SYSTEMPATH\Boot.php(67): CodeIgniter\Boot::runCodeIgniter(Object(CodeIgniter\CodeIgniter))
 6 FCPATH\index.php(56): CodeIgniter\Boot::bootWeb(Object(Config\Paths))
WARNING - 2025-08-05 11:33:43 --> [DEPRECATED] Creation of dynamic property App\Controllers\MaterialController::$form_validation is deprecated in APPPATH\Controllers\MaterialController.php on line 19.
 1 SYSTEMPATH\CodeIgniter.php(903): App\Controllers\MaterialController->__construct()
 2 SYSTEMPATH\CodeIgniter.php(500): CodeIgniter\CodeIgniter->createController()
 3 SYSTEMPATH\CodeIgniter.php(355): CodeIgniter\CodeIgniter->handleRequest(null, Object(Config\Cache), false)
 4 SYSTEMPATH\Boot.php(325): CodeIgniter\CodeIgniter->run()
 5 SYSTEMPATH\Boot.php(67): CodeIgniter\Boot::runCodeIgniter(Object(CodeIgniter\CodeIgniter))
 6 FCPATH\index.php(56): CodeIgniter\Boot::bootWeb(Object(Config\Paths))
WARNING - 2025-08-05 11:33:43 --> [DEPRECATED] Creation of dynamic property App\Controllers\MaterialController::$userValidation is deprecated in APPPATH\Controllers\MaterialController.php on line 20.
 1 SYSTEMPATH\CodeIgniter.php(903): App\Controllers\MaterialController->__construct()
 2 SYSTEMPATH\CodeIgniter.php(500): CodeIgniter\CodeIgniter->createController()
 3 SYSTEMPATH\CodeIgniter.php(355): CodeIgniter\CodeIgniter->handleRequest(null, Object(Config\Cache), false)
 4 SYSTEMPATH\Boot.php(325): CodeIgniter\CodeIgniter->run()
 5 SYSTEMPATH\Boot.php(67): CodeIgniter\Boot::runCodeIgniter(Object(CodeIgniter\CodeIgniter))
 6 FCPATH\index.php(56): CodeIgniter\Boot::bootWeb(Object(Config\Paths))
INFO - 2025-08-05 11:33:44 --> Session: Class initialized using 'CodeIgniter\Session\Handlers\FileHandler' driver.
WARNING - 2025-08-05 11:33:44 --> [DEPRECATED] Creation of dynamic property App\Controllers\MaterialController::$db is deprecated in APPPATH\Controllers\MaterialController.php on line 15.
 1 SYSTEMPATH\CodeIgniter.php(903): App\Controllers\MaterialController->__construct()
 2 SYSTEMPATH\CodeIgniter.php(500): CodeIgniter\CodeIgniter->createController()
 3 SYSTEMPATH\CodeIgniter.php(355): CodeIgniter\CodeIgniter->handleRequest(null, Object(Config\Cache), false)
 4 SYSTEMPATH\Boot.php(325): CodeIgniter\CodeIgniter->run()
 5 SYSTEMPATH\Boot.php(67): CodeIgniter\Boot::runCodeIgniter(Object(CodeIgniter\CodeIgniter))
 6 FCPATH\index.php(56): CodeIgniter\Boot::bootWeb(Object(Config\Paths))
WARNING - 2025-08-05 11:33:44 --> [DEPRECATED] Creation of dynamic property App\Controllers\MaterialController::$session is deprecated in APPPATH\Controllers\MaterialController.php on line 16.
 1 SYSTEMPATH\CodeIgniter.php(903): App\Controllers\MaterialController->__construct()
 2 SYSTEMPATH\CodeIgniter.php(500): CodeIgniter\CodeIgniter->createController()
 3 SYSTEMPATH\CodeIgniter.php(355): CodeIgniter\CodeIgniter->handleRequest(null, Object(Config\Cache), false)
 4 SYSTEMPATH\Boot.php(325): CodeIgniter\CodeIgniter->run()
 5 SYSTEMPATH\Boot.php(67): CodeIgniter\Boot::runCodeIgniter(Object(CodeIgniter\CodeIgniter))
 6 FCPATH\index.php(56): CodeIgniter\Boot::bootWeb(Object(Config\Paths))
WARNING - 2025-08-05 11:33:44 --> [DEPRECATED] Creation of dynamic property App\Controllers\MaterialController::$uri is deprecated in APPPATH\Controllers\MaterialController.php on line 17.
 1 SYSTEMPATH\CodeIgniter.php(903): App\Controllers\MaterialController->__construct()
 2 SYSTEMPATH\CodeIgniter.php(500): CodeIgniter\CodeIgniter->createController()
 3 SYSTEMPATH\CodeIgniter.php(355): CodeIgniter\CodeIgniter->handleRequest(null, Object(Config\Cache), false)
 4 SYSTEMPATH\Boot.php(325): CodeIgniter\CodeIgniter->run()
 5 SYSTEMPATH\Boot.php(67): CodeIgniter\Boot::runCodeIgniter(Object(CodeIgniter\CodeIgniter))
 6 FCPATH\index.php(56): CodeIgniter\Boot::bootWeb(Object(Config\Paths))
WARNING - 2025-08-05 11:33:44 --> [DEPRECATED] Creation of dynamic property App\Controllers\MaterialController::$form_validation is deprecated in APPPATH\Controllers\MaterialController.php on line 19.
 1 SYSTEMPATH\CodeIgniter.php(903): App\Controllers\MaterialController->__construct()
 2 SYSTEMPATH\CodeIgniter.php(500): CodeIgniter\CodeIgniter->createController()
 3 SYSTEMPATH\CodeIgniter.php(355): CodeIgniter\CodeIgniter->handleRequest(null, Object(Config\Cache), false)
 4 SYSTEMPATH\Boot.php(325): CodeIgniter\CodeIgniter->run()
 5 SYSTEMPATH\Boot.php(67): CodeIgniter\Boot::runCodeIgniter(Object(CodeIgniter\CodeIgniter))
 6 FCPATH\index.php(56): CodeIgniter\Boot::bootWeb(Object(Config\Paths))
WARNING - 2025-08-05 11:33:44 --> [DEPRECATED] Creation of dynamic property App\Controllers\MaterialController::$userValidation is deprecated in APPPATH\Controllers\MaterialController.php on line 20.
 1 SYSTEMPATH\CodeIgniter.php(903): App\Controllers\MaterialController->__construct()
 2 SYSTEMPATH\CodeIgniter.php(500): CodeIgniter\CodeIgniter->createController()
 3 SYSTEMPATH\CodeIgniter.php(355): CodeIgniter\CodeIgniter->handleRequest(null, Object(Config\Cache), false)
 4 SYSTEMPATH\Boot.php(325): CodeIgniter\CodeIgniter->run()
 5 SYSTEMPATH\Boot.php(67): CodeIgniter\Boot::runCodeIgniter(Object(CodeIgniter\CodeIgniter))
 6 FCPATH\index.php(56): CodeIgniter\Boot::bootWeb(Object(Config\Paths))
INFO - 2025-08-05 11:33:49 --> Session: Class initialized using 'CodeIgniter\Session\Handlers\FileHandler' driver.
WARNING - 2025-08-05 11:33:49 --> [DEPRECATED] Creation of dynamic property App\Controllers\MaterialController::$db is deprecated in APPPATH\Controllers\MaterialController.php on line 15.
 1 SYSTEMPATH\CodeIgniter.php(903): App\Controllers\MaterialController->__construct()
 2 SYSTEMPATH\CodeIgniter.php(500): CodeIgniter\CodeIgniter->createController()
 3 SYSTEMPATH\CodeIgniter.php(355): CodeIgniter\CodeIgniter->handleRequest(null, Object(Config\Cache), false)
 4 SYSTEMPATH\Boot.php(325): CodeIgniter\CodeIgniter->run()
 5 SYSTEMPATH\Boot.php(67): CodeIgniter\Boot::runCodeIgniter(Object(CodeIgniter\CodeIgniter))
 6 FCPATH\index.php(56): CodeIgniter\Boot::bootWeb(Object(Config\Paths))
WARNING - 2025-08-05 11:33:49 --> [DEPRECATED] Creation of dynamic property App\Controllers\MaterialController::$session is deprecated in APPPATH\Controllers\MaterialController.php on line 16.
 1 SYSTEMPATH\CodeIgniter.php(903): App\Controllers\MaterialController->__construct()
 2 SYSTEMPATH\CodeIgniter.php(500): CodeIgniter\CodeIgniter->createController()
 3 SYSTEMPATH\CodeIgniter.php(355): CodeIgniter\CodeIgniter->handleRequest(null, Object(Config\Cache), false)
 4 SYSTEMPATH\Boot.php(325): CodeIgniter\CodeIgniter->run()
 5 SYSTEMPATH\Boot.php(67): CodeIgniter\Boot::runCodeIgniter(Object(CodeIgniter\CodeIgniter))
 6 FCPATH\index.php(56): CodeIgniter\Boot::bootWeb(Object(Config\Paths))
WARNING - 2025-08-05 11:33:49 --> [DEPRECATED] Creation of dynamic property App\Controllers\MaterialController::$uri is deprecated in APPPATH\Controllers\MaterialController.php on line 17.
 1 SYSTEMPATH\CodeIgniter.php(903): App\Controllers\MaterialController->__construct()
 2 SYSTEMPATH\CodeIgniter.php(500): CodeIgniter\CodeIgniter->createController()
 3 SYSTEMPATH\CodeIgniter.php(355): CodeIgniter\CodeIgniter->handleRequest(null, Object(Config\Cache), false)
 4 SYSTEMPATH\Boot.php(325): CodeIgniter\CodeIgniter->run()
 5 SYSTEMPATH\Boot.php(67): CodeIgniter\Boot::runCodeIgniter(Object(CodeIgniter\CodeIgniter))
 6 FCPATH\index.php(56): CodeIgniter\Boot::bootWeb(Object(Config\Paths))
WARNING - 2025-08-05 11:33:49 --> [DEPRECATED] Creation of dynamic property App\Controllers\MaterialController::$form_validation is deprecated in APPPATH\Controllers\MaterialController.php on line 19.
 1 SYSTEMPATH\CodeIgniter.php(903): App\Controllers\MaterialController->__construct()
 2 SYSTEMPATH\CodeIgniter.php(500): CodeIgniter\CodeIgniter->createController()
 3 SYSTEMPATH\CodeIgniter.php(355): CodeIgniter\CodeIgniter->handleRequest(null, Object(Config\Cache), false)
 4 SYSTEMPATH\Boot.php(325): CodeIgniter\CodeIgniter->run()
 5 SYSTEMPATH\Boot.php(67): CodeIgniter\Boot::runCodeIgniter(Object(CodeIgniter\CodeIgniter))
 6 FCPATH\index.php(56): CodeIgniter\Boot::bootWeb(Object(Config\Paths))
WARNING - 2025-08-05 11:33:49 --> [DEPRECATED] Creation of dynamic property App\Controllers\MaterialController::$userValidation is deprecated in APPPATH\Controllers\MaterialController.php on line 20.
 1 SYSTEMPATH\CodeIgniter.php(903): App\Controllers\MaterialController->__construct()
 2 SYSTEMPATH\CodeIgniter.php(500): CodeIgniter\CodeIgniter->createController()
 3 SYSTEMPATH\CodeIgniter.php(355): CodeIgniter\CodeIgniter->handleRequest(null, Object(Config\Cache), false)
 4 SYSTEMPATH\Boot.php(325): CodeIgniter\CodeIgniter->run()
 5 SYSTEMPATH\Boot.php(67): CodeIgniter\Boot::runCodeIgniter(Object(CodeIgniter\CodeIgniter))
 6 FCPATH\index.php(56): CodeIgniter\Boot::bootWeb(Object(Config\Paths))
INFO - 2025-08-05 11:33:49 --> Session: Class initialized using 'CodeIgniter\Session\Handlers\FileHandler' driver.
WARNING - 2025-08-05 11:33:49 --> [DEPRECATED] Creation of dynamic property App\Controllers\MaterialController::$db is deprecated in APPPATH\Controllers\MaterialController.php on line 15.
 1 SYSTEMPATH\CodeIgniter.php(903): App\Controllers\MaterialController->__construct()
 2 SYSTEMPATH\CodeIgniter.php(500): CodeIgniter\CodeIgniter->createController()
 3 SYSTEMPATH\CodeIgniter.php(355): CodeIgniter\CodeIgniter->handleRequest(null, Object(Config\Cache), false)
 4 SYSTEMPATH\Boot.php(325): CodeIgniter\CodeIgniter->run()
 5 SYSTEMPATH\Boot.php(67): CodeIgniter\Boot::runCodeIgniter(Object(CodeIgniter\CodeIgniter))
 6 FCPATH\index.php(56): CodeIgniter\Boot::bootWeb(Object(Config\Paths))
WARNING - 2025-08-05 11:33:49 --> [DEPRECATED] Creation of dynamic property App\Controllers\MaterialController::$session is deprecated in APPPATH\Controllers\MaterialController.php on line 16.
 1 SYSTEMPATH\CodeIgniter.php(903): App\Controllers\MaterialController->__construct()
 2 SYSTEMPATH\CodeIgniter.php(500): CodeIgniter\CodeIgniter->createController()
 3 SYSTEMPATH\CodeIgniter.php(355): CodeIgniter\CodeIgniter->handleRequest(null, Object(Config\Cache), false)
 4 SYSTEMPATH\Boot.php(325): CodeIgniter\CodeIgniter->run()
 5 SYSTEMPATH\Boot.php(67): CodeIgniter\Boot::runCodeIgniter(Object(CodeIgniter\CodeIgniter))
 6 FCPATH\index.php(56): CodeIgniter\Boot::bootWeb(Object(Config\Paths))
WARNING - 2025-08-05 11:33:49 --> [DEPRECATED] Creation of dynamic property App\Controllers\MaterialController::$uri is deprecated in APPPATH\Controllers\MaterialController.php on line 17.
 1 SYSTEMPATH\CodeIgniter.php(903): App\Controllers\MaterialController->__construct()
 2 SYSTEMPATH\CodeIgniter.php(500): CodeIgniter\CodeIgniter->createController()
 3 SYSTEMPATH\CodeIgniter.php(355): CodeIgniter\CodeIgniter->handleRequest(null, Object(Config\Cache), false)
 4 SYSTEMPATH\Boot.php(325): CodeIgniter\CodeIgniter->run()
 5 SYSTEMPATH\Boot.php(67): CodeIgniter\Boot::runCodeIgniter(Object(CodeIgniter\CodeIgniter))
 6 FCPATH\index.php(56): CodeIgniter\Boot::bootWeb(Object(Config\Paths))
WARNING - 2025-08-05 11:33:49 --> [DEPRECATED] Creation of dynamic property App\Controllers\MaterialController::$form_validation is deprecated in APPPATH\Controllers\MaterialController.php on line 19.
 1 SYSTEMPATH\CodeIgniter.php(903): App\Controllers\MaterialController->__construct()
 2 SYSTEMPATH\CodeIgniter.php(500): CodeIgniter\CodeIgniter->createController()
 3 SYSTEMPATH\CodeIgniter.php(355): CodeIgniter\CodeIgniter->handleRequest(null, Object(Config\Cache), false)
 4 SYSTEMPATH\Boot.php(325): CodeIgniter\CodeIgniter->run()
 5 SYSTEMPATH\Boot.php(67): CodeIgniter\Boot::runCodeIgniter(Object(CodeIgniter\CodeIgniter))
 6 FCPATH\index.php(56): CodeIgniter\Boot::bootWeb(Object(Config\Paths))
WARNING - 2025-08-05 11:33:49 --> [DEPRECATED] Creation of dynamic property App\Controllers\MaterialController::$userValidation is deprecated in APPPATH\Controllers\MaterialController.php on line 20.
 1 SYSTEMPATH\CodeIgniter.php(903): App\Controllers\MaterialController->__construct()
 2 SYSTEMPATH\CodeIgniter.php(500): CodeIgniter\CodeIgniter->createController()
 3 SYSTEMPATH\CodeIgniter.php(355): CodeIgniter\CodeIgniter->handleRequest(null, Object(Config\Cache), false)
 4 SYSTEMPATH\Boot.php(325): CodeIgniter\CodeIgniter->run()
 5 SYSTEMPATH\Boot.php(67): CodeIgniter\Boot::runCodeIgniter(Object(CodeIgniter\CodeIgniter))
 6 FCPATH\index.php(56): CodeIgniter\Boot::bootWeb(Object(Config\Paths))
INFO - 2025-08-05 11:33:50 --> Session: Class initialized using 'CodeIgniter\Session\Handlers\FileHandler' driver.
WARNING - 2025-08-05 11:33:50 --> [DEPRECATED] Creation of dynamic property App\Controllers\MaterialController::$db is deprecated in APPPATH\Controllers\MaterialController.php on line 15.
 1 SYSTEMPATH\CodeIgniter.php(903): App\Controllers\MaterialController->__construct()
 2 SYSTEMPATH\CodeIgniter.php(500): CodeIgniter\CodeIgniter->createController()
 3 SYSTEMPATH\CodeIgniter.php(355): CodeIgniter\CodeIgniter->handleRequest(null, Object(Config\Cache), false)
 4 SYSTEMPATH\Boot.php(325): CodeIgniter\CodeIgniter->run()
 5 SYSTEMPATH\Boot.php(67): CodeIgniter\Boot::runCodeIgniter(Object(CodeIgniter\CodeIgniter))
 6 FCPATH\index.php(56): CodeIgniter\Boot::bootWeb(Object(Config\Paths))
WARNING - 2025-08-05 11:33:50 --> [DEPRECATED] Creation of dynamic property App\Controllers\MaterialController::$session is deprecated in APPPATH\Controllers\MaterialController.php on line 16.
 1 SYSTEMPATH\CodeIgniter.php(903): App\Controllers\MaterialController->__construct()
 2 SYSTEMPATH\CodeIgniter.php(500): CodeIgniter\CodeIgniter->createController()
 3 SYSTEMPATH\CodeIgniter.php(355): CodeIgniter\CodeIgniter->handleRequest(null, Object(Config\Cache), false)
 4 SYSTEMPATH\Boot.php(325): CodeIgniter\CodeIgniter->run()
 5 SYSTEMPATH\Boot.php(67): CodeIgniter\Boot::runCodeIgniter(Object(CodeIgniter\CodeIgniter))
 6 FCPATH\index.php(56): CodeIgniter\Boot::bootWeb(Object(Config\Paths))
WARNING - 2025-08-05 11:33:50 --> [DEPRECATED] Creation of dynamic property App\Controllers\MaterialController::$uri is deprecated in APPPATH\Controllers\MaterialController.php on line 17.
 1 SYSTEMPATH\CodeIgniter.php(903): App\Controllers\MaterialController->__construct()
 2 SYSTEMPATH\CodeIgniter.php(500): CodeIgniter\CodeIgniter->createController()
 3 SYSTEMPATH\CodeIgniter.php(355): CodeIgniter\CodeIgniter->handleRequest(null, Object(Config\Cache), false)
 4 SYSTEMPATH\Boot.php(325): CodeIgniter\CodeIgniter->run()
 5 SYSTEMPATH\Boot.php(67): CodeIgniter\Boot::runCodeIgniter(Object(CodeIgniter\CodeIgniter))
 6 FCPATH\index.php(56): CodeIgniter\Boot::bootWeb(Object(Config\Paths))
WARNING - 2025-08-05 11:33:50 --> [DEPRECATED] Creation of dynamic property App\Controllers\MaterialController::$form_validation is deprecated in APPPATH\Controllers\MaterialController.php on line 19.
 1 SYSTEMPATH\CodeIgniter.php(903): App\Controllers\MaterialController->__construct()
 2 SYSTEMPATH\CodeIgniter.php(500): CodeIgniter\CodeIgniter->createController()
 3 SYSTEMPATH\CodeIgniter.php(355): CodeIgniter\CodeIgniter->handleRequest(null, Object(Config\Cache), false)
 4 SYSTEMPATH\Boot.php(325): CodeIgniter\CodeIgniter->run()
 5 SYSTEMPATH\Boot.php(67): CodeIgniter\Boot::runCodeIgniter(Object(CodeIgniter\CodeIgniter))
 6 FCPATH\index.php(56): CodeIgniter\Boot::bootWeb(Object(Config\Paths))
WARNING - 2025-08-05 11:33:50 --> [DEPRECATED] Creation of dynamic property App\Controllers\MaterialController::$userValidation is deprecated in APPPATH\Controllers\MaterialController.php on line 20.
 1 SYSTEMPATH\CodeIgniter.php(903): App\Controllers\MaterialController->__construct()
 2 SYSTEMPATH\CodeIgniter.php(500): CodeIgniter\CodeIgniter->createController()
 3 SYSTEMPATH\CodeIgniter.php(355): CodeIgniter\CodeIgniter->handleRequest(null, Object(Config\Cache), false)
 4 SYSTEMPATH\Boot.php(325): CodeIgniter\CodeIgniter->run()
 5 SYSTEMPATH\Boot.php(67): CodeIgniter\Boot::runCodeIgniter(Object(CodeIgniter\CodeIgniter))
 6 FCPATH\index.php(56): CodeIgniter\Boot::bootWeb(Object(Config\Paths))
INFO - 2025-08-05 11:33:51 --> Session: Class initialized using 'CodeIgniter\Session\Handlers\FileHandler' driver.
WARNING - 2025-08-05 11:33:51 --> [DEPRECATED] Creation of dynamic property App\Controllers\MaterialController::$db is deprecated in APPPATH\Controllers\MaterialController.php on line 15.
 1 SYSTEMPATH\CodeIgniter.php(903): App\Controllers\MaterialController->__construct()
 2 SYSTEMPATH\CodeIgniter.php(500): CodeIgniter\CodeIgniter->createController()
 3 SYSTEMPATH\CodeIgniter.php(355): CodeIgniter\CodeIgniter->handleRequest(null, Object(Config\Cache), false)
 4 SYSTEMPATH\Boot.php(325): CodeIgniter\CodeIgniter->run()
 5 SYSTEMPATH\Boot.php(67): CodeIgniter\Boot::runCodeIgniter(Object(CodeIgniter\CodeIgniter))
 6 FCPATH\index.php(56): CodeIgniter\Boot::bootWeb(Object(Config\Paths))
WARNING - 2025-08-05 11:33:51 --> [DEPRECATED] Creation of dynamic property App\Controllers\MaterialController::$session is deprecated in APPPATH\Controllers\MaterialController.php on line 16.
 1 SYSTEMPATH\CodeIgniter.php(903): App\Controllers\MaterialController->__construct()
 2 SYSTEMPATH\CodeIgniter.php(500): CodeIgniter\CodeIgniter->createController()
 3 SYSTEMPATH\CodeIgniter.php(355): CodeIgniter\CodeIgniter->handleRequest(null, Object(Config\Cache), false)
 4 SYSTEMPATH\Boot.php(325): CodeIgniter\CodeIgniter->run()
 5 SYSTEMPATH\Boot.php(67): CodeIgniter\Boot::runCodeIgniter(Object(CodeIgniter\CodeIgniter))
 6 FCPATH\index.php(56): CodeIgniter\Boot::bootWeb(Object(Config\Paths))
WARNING - 2025-08-05 11:33:51 --> [DEPRECATED] Creation of dynamic property App\Controllers\MaterialController::$uri is deprecated in APPPATH\Controllers\MaterialController.php on line 17.
 1 SYSTEMPATH\CodeIgniter.php(903): App\Controllers\MaterialController->__construct()
 2 SYSTEMPATH\CodeIgniter.php(500): CodeIgniter\CodeIgniter->createController()
 3 SYSTEMPATH\CodeIgniter.php(355): CodeIgniter\CodeIgniter->handleRequest(null, Object(Config\Cache), false)
 4 SYSTEMPATH\Boot.php(325): CodeIgniter\CodeIgniter->run()
 5 SYSTEMPATH\Boot.php(67): CodeIgniter\Boot::runCodeIgniter(Object(CodeIgniter\CodeIgniter))
 6 FCPATH\index.php(56): CodeIgniter\Boot::bootWeb(Object(Config\Paths))
WARNING - 2025-08-05 11:33:51 --> [DEPRECATED] Creation of dynamic property App\Controllers\MaterialController::$form_validation is deprecated in APPPATH\Controllers\MaterialController.php on line 19.
 1 SYSTEMPATH\CodeIgniter.php(903): App\Controllers\MaterialController->__construct()
 2 SYSTEMPATH\CodeIgniter.php(500): CodeIgniter\CodeIgniter->createController()
 3 SYSTEMPATH\CodeIgniter.php(355): CodeIgniter\CodeIgniter->handleRequest(null, Object(Config\Cache), false)
 4 SYSTEMPATH\Boot.php(325): CodeIgniter\CodeIgniter->run()
 5 SYSTEMPATH\Boot.php(67): CodeIgniter\Boot::runCodeIgniter(Object(CodeIgniter\CodeIgniter))
 6 FCPATH\index.php(56): CodeIgniter\Boot::bootWeb(Object(Config\Paths))
WARNING - 2025-08-05 11:33:51 --> [DEPRECATED] Creation of dynamic property App\Controllers\MaterialController::$userValidation is deprecated in APPPATH\Controllers\MaterialController.php on line 20.
 1 SYSTEMPATH\CodeIgniter.php(903): App\Controllers\MaterialController->__construct()
 2 SYSTEMPATH\CodeIgniter.php(500): CodeIgniter\CodeIgniter->createController()
 3 SYSTEMPATH\CodeIgniter.php(355): CodeIgniter\CodeIgniter->handleRequest(null, Object(Config\Cache), false)
 4 SYSTEMPATH\Boot.php(325): CodeIgniter\CodeIgniter->run()
 5 SYSTEMPATH\Boot.php(67): CodeIgniter\Boot::runCodeIgniter(Object(CodeIgniter\CodeIgniter))
 6 FCPATH\index.php(56): CodeIgniter\Boot::bootWeb(Object(Config\Paths))
INFO - 2025-08-05 11:33:52 --> Session: Class initialized using 'CodeIgniter\Session\Handlers\FileHandler' driver.
WARNING - 2025-08-05 11:33:52 --> [DEPRECATED] Creation of dynamic property App\Controllers\MaterialController::$db is deprecated in APPPATH\Controllers\MaterialController.php on line 15.
 1 SYSTEMPATH\CodeIgniter.php(903): App\Controllers\MaterialController->__construct()
 2 SYSTEMPATH\CodeIgniter.php(500): CodeIgniter\CodeIgniter->createController()
 3 SYSTEMPATH\CodeIgniter.php(355): CodeIgniter\CodeIgniter->handleRequest(null, Object(Config\Cache), false)
 4 SYSTEMPATH\Boot.php(325): CodeIgniter\CodeIgniter->run()
 5 SYSTEMPATH\Boot.php(67): CodeIgniter\Boot::runCodeIgniter(Object(CodeIgniter\CodeIgniter))
 6 FCPATH\index.php(56): CodeIgniter\Boot::bootWeb(Object(Config\Paths))
WARNING - 2025-08-05 11:33:52 --> [DEPRECATED] Creation of dynamic property App\Controllers\MaterialController::$session is deprecated in APPPATH\Controllers\MaterialController.php on line 16.
 1 SYSTEMPATH\CodeIgniter.php(903): App\Controllers\MaterialController->__construct()
 2 SYSTEMPATH\CodeIgniter.php(500): CodeIgniter\CodeIgniter->createController()
 3 SYSTEMPATH\CodeIgniter.php(355): CodeIgniter\CodeIgniter->handleRequest(null, Object(Config\Cache), false)
 4 SYSTEMPATH\Boot.php(325): CodeIgniter\CodeIgniter->run()
 5 SYSTEMPATH\Boot.php(67): CodeIgniter\Boot::runCodeIgniter(Object(CodeIgniter\CodeIgniter))
 6 FCPATH\index.php(56): CodeIgniter\Boot::bootWeb(Object(Config\Paths))
WARNING - 2025-08-05 11:33:52 --> [DEPRECATED] Creation of dynamic property App\Controllers\MaterialController::$uri is deprecated in APPPATH\Controllers\MaterialController.php on line 17.
 1 SYSTEMPATH\CodeIgniter.php(903): App\Controllers\MaterialController->__construct()
 2 SYSTEMPATH\CodeIgniter.php(500): CodeIgniter\CodeIgniter->createController()
 3 SYSTEMPATH\CodeIgniter.php(355): CodeIgniter\CodeIgniter->handleRequest(null, Object(Config\Cache), false)
 4 SYSTEMPATH\Boot.php(325): CodeIgniter\CodeIgniter->run()
 5 SYSTEMPATH\Boot.php(67): CodeIgniter\Boot::runCodeIgniter(Object(CodeIgniter\CodeIgniter))
 6 FCPATH\index.php(56): CodeIgniter\Boot::bootWeb(Object(Config\Paths))
WARNING - 2025-08-05 11:33:52 --> [DEPRECATED] Creation of dynamic property App\Controllers\MaterialController::$form_validation is deprecated in APPPATH\Controllers\MaterialController.php on line 19.
 1 SYSTEMPATH\CodeIgniter.php(903): App\Controllers\MaterialController->__construct()
 2 SYSTEMPATH\CodeIgniter.php(500): CodeIgniter\CodeIgniter->createController()
 3 SYSTEMPATH\CodeIgniter.php(355): CodeIgniter\CodeIgniter->handleRequest(null, Object(Config\Cache), false)
 4 SYSTEMPATH\Boot.php(325): CodeIgniter\CodeIgniter->run()
 5 SYSTEMPATH\Boot.php(67): CodeIgniter\Boot::runCodeIgniter(Object(CodeIgniter\CodeIgniter))
 6 FCPATH\index.php(56): CodeIgniter\Boot::bootWeb(Object(Config\Paths))
WARNING - 2025-08-05 11:33:52 --> [DEPRECATED] Creation of dynamic property App\Controllers\MaterialController::$userValidation is deprecated in APPPATH\Controllers\MaterialController.php on line 20.
 1 SYSTEMPATH\CodeIgniter.php(903): App\Controllers\MaterialController->__construct()
 2 SYSTEMPATH\CodeIgniter.php(500): CodeIgniter\CodeIgniter->createController()
 3 SYSTEMPATH\CodeIgniter.php(355): CodeIgniter\CodeIgniter->handleRequest(null, Object(Config\Cache), false)
 4 SYSTEMPATH\Boot.php(325): CodeIgniter\CodeIgniter->run()
 5 SYSTEMPATH\Boot.php(67): CodeIgniter\Boot::runCodeIgniter(Object(CodeIgniter\CodeIgniter))
 6 FCPATH\index.php(56): CodeIgniter\Boot::bootWeb(Object(Config\Paths))
INFO - 2025-08-05 11:33:52 --> Session: Class initialized using 'CodeIgniter\Session\Handlers\FileHandler' driver.
WARNING - 2025-08-05 11:33:52 --> [DEPRECATED] Creation of dynamic property App\Controllers\MaterialController::$db is deprecated in APPPATH\Controllers\MaterialController.php on line 15.
 1 SYSTEMPATH\CodeIgniter.php(903): App\Controllers\MaterialController->__construct()
 2 SYSTEMPATH\CodeIgniter.php(500): CodeIgniter\CodeIgniter->createController()
 3 SYSTEMPATH\CodeIgniter.php(355): CodeIgniter\CodeIgniter->handleRequest(null, Object(Config\Cache), false)
 4 SYSTEMPATH\Boot.php(325): CodeIgniter\CodeIgniter->run()
 5 SYSTEMPATH\Boot.php(67): CodeIgniter\Boot::runCodeIgniter(Object(CodeIgniter\CodeIgniter))
 6 FCPATH\index.php(56): CodeIgniter\Boot::bootWeb(Object(Config\Paths))
WARNING - 2025-08-05 11:33:52 --> [DEPRECATED] Creation of dynamic property App\Controllers\MaterialController::$session is deprecated in APPPATH\Controllers\MaterialController.php on line 16.
 1 SYSTEMPATH\CodeIgniter.php(903): App\Controllers\MaterialController->__construct()
 2 SYSTEMPATH\CodeIgniter.php(500): CodeIgniter\CodeIgniter->createController()
 3 SYSTEMPATH\CodeIgniter.php(355): CodeIgniter\CodeIgniter->handleRequest(null, Object(Config\Cache), false)
 4 SYSTEMPATH\Boot.php(325): CodeIgniter\CodeIgniter->run()
 5 SYSTEMPATH\Boot.php(67): CodeIgniter\Boot::runCodeIgniter(Object(CodeIgniter\CodeIgniter))
 6 FCPATH\index.php(56): CodeIgniter\Boot::bootWeb(Object(Config\Paths))
WARNING - 2025-08-05 11:33:52 --> [DEPRECATED] Creation of dynamic property App\Controllers\MaterialController::$uri is deprecated in APPPATH\Controllers\MaterialController.php on line 17.
 1 SYSTEMPATH\CodeIgniter.php(903): App\Controllers\MaterialController->__construct()
 2 SYSTEMPATH\CodeIgniter.php(500): CodeIgniter\CodeIgniter->createController()
 3 SYSTEMPATH\CodeIgniter.php(355): CodeIgniter\CodeIgniter->handleRequest(null, Object(Config\Cache), false)
 4 SYSTEMPATH\Boot.php(325): CodeIgniter\CodeIgniter->run()
 5 SYSTEMPATH\Boot.php(67): CodeIgniter\Boot::runCodeIgniter(Object(CodeIgniter\CodeIgniter))
 6 FCPATH\index.php(56): CodeIgniter\Boot::bootWeb(Object(Config\Paths))
WARNING - 2025-08-05 11:33:52 --> [DEPRECATED] Creation of dynamic property App\Controllers\MaterialController::$form_validation is deprecated in APPPATH\Controllers\MaterialController.php on line 19.
 1 SYSTEMPATH\CodeIgniter.php(903): App\Controllers\MaterialController->__construct()
 2 SYSTEMPATH\CodeIgniter.php(500): CodeIgniter\CodeIgniter->createController()
 3 SYSTEMPATH\CodeIgniter.php(355): CodeIgniter\CodeIgniter->handleRequest(null, Object(Config\Cache), false)
 4 SYSTEMPATH\Boot.php(325): CodeIgniter\CodeIgniter->run()
 5 SYSTEMPATH\Boot.php(67): CodeIgniter\Boot::runCodeIgniter(Object(CodeIgniter\CodeIgniter))
 6 FCPATH\index.php(56): CodeIgniter\Boot::bootWeb(Object(Config\Paths))
WARNING - 2025-08-05 11:33:52 --> [DEPRECATED] Creation of dynamic property App\Controllers\MaterialController::$userValidation is deprecated in APPPATH\Controllers\MaterialController.php on line 20.
 1 SYSTEMPATH\CodeIgniter.php(903): App\Controllers\MaterialController->__construct()
 2 SYSTEMPATH\CodeIgniter.php(500): CodeIgniter\CodeIgniter->createController()
 3 SYSTEMPATH\CodeIgniter.php(355): CodeIgniter\CodeIgniter->handleRequest(null, Object(Config\Cache), false)
 4 SYSTEMPATH\Boot.php(325): CodeIgniter\CodeIgniter->run()
 5 SYSTEMPATH\Boot.php(67): CodeIgniter\Boot::runCodeIgniter(Object(CodeIgniter\CodeIgniter))
 6 FCPATH\index.php(56): CodeIgniter\Boot::bootWeb(Object(Config\Paths))
INFO - 2025-08-05 11:33:53 --> Session: Class initialized using 'CodeIgniter\Session\Handlers\FileHandler' driver.
WARNING - 2025-08-05 11:33:53 --> [DEPRECATED] Creation of dynamic property App\Controllers\MaterialController::$db is deprecated in APPPATH\Controllers\MaterialController.php on line 15.
 1 SYSTEMPATH\CodeIgniter.php(903): App\Controllers\MaterialController->__construct()
 2 SYSTEMPATH\CodeIgniter.php(500): CodeIgniter\CodeIgniter->createController()
 3 SYSTEMPATH\CodeIgniter.php(355): CodeIgniter\CodeIgniter->handleRequest(null, Object(Config\Cache), false)
 4 SYSTEMPATH\Boot.php(325): CodeIgniter\CodeIgniter->run()
 5 SYSTEMPATH\Boot.php(67): CodeIgniter\Boot::runCodeIgniter(Object(CodeIgniter\CodeIgniter))
 6 FCPATH\index.php(56): CodeIgniter\Boot::bootWeb(Object(Config\Paths))
WARNING - 2025-08-05 11:33:53 --> [DEPRECATED] Creation of dynamic property App\Controllers\MaterialController::$session is deprecated in APPPATH\Controllers\MaterialController.php on line 16.
 1 SYSTEMPATH\CodeIgniter.php(903): App\Controllers\MaterialController->__construct()
 2 SYSTEMPATH\CodeIgniter.php(500): CodeIgniter\CodeIgniter->createController()
 3 SYSTEMPATH\CodeIgniter.php(355): CodeIgniter\CodeIgniter->handleRequest(null, Object(Config\Cache), false)
 4 SYSTEMPATH\Boot.php(325): CodeIgniter\CodeIgniter->run()
 5 SYSTEMPATH\Boot.php(67): CodeIgniter\Boot::runCodeIgniter(Object(CodeIgniter\CodeIgniter))
 6 FCPATH\index.php(56): CodeIgniter\Boot::bootWeb(Object(Config\Paths))
WARNING - 2025-08-05 11:33:53 --> [DEPRECATED] Creation of dynamic property App\Controllers\MaterialController::$uri is deprecated in APPPATH\Controllers\MaterialController.php on line 17.
 1 SYSTEMPATH\CodeIgniter.php(903): App\Controllers\MaterialController->__construct()
 2 SYSTEMPATH\CodeIgniter.php(500): CodeIgniter\CodeIgniter->createController()
 3 SYSTEMPATH\CodeIgniter.php(355): CodeIgniter\CodeIgniter->handleRequest(null, Object(Config\Cache), false)
 4 SYSTEMPATH\Boot.php(325): CodeIgniter\CodeIgniter->run()
 5 SYSTEMPATH\Boot.php(67): CodeIgniter\Boot::runCodeIgniter(Object(CodeIgniter\CodeIgniter))
 6 FCPATH\index.php(56): CodeIgniter\Boot::bootWeb(Object(Config\Paths))
WARNING - 2025-08-05 11:33:53 --> [DEPRECATED] Creation of dynamic property App\Controllers\MaterialController::$form_validation is deprecated in APPPATH\Controllers\MaterialController.php on line 19.
 1 SYSTEMPATH\CodeIgniter.php(903): App\Controllers\MaterialController->__construct()
 2 SYSTEMPATH\CodeIgniter.php(500): CodeIgniter\CodeIgniter->createController()
 3 SYSTEMPATH\CodeIgniter.php(355): CodeIgniter\CodeIgniter->handleRequest(null, Object(Config\Cache), false)
 4 SYSTEMPATH\Boot.php(325): CodeIgniter\CodeIgniter->run()
 5 SYSTEMPATH\Boot.php(67): CodeIgniter\Boot::runCodeIgniter(Object(CodeIgniter\CodeIgniter))
 6 FCPATH\index.php(56): CodeIgniter\Boot::bootWeb(Object(Config\Paths))
WARNING - 2025-08-05 11:33:53 --> [DEPRECATED] Creation of dynamic property App\Controllers\MaterialController::$userValidation is deprecated in APPPATH\Controllers\MaterialController.php on line 20.
 1 SYSTEMPATH\CodeIgniter.php(903): App\Controllers\MaterialController->__construct()
 2 SYSTEMPATH\CodeIgniter.php(500): CodeIgniter\CodeIgniter->createController()
 3 SYSTEMPATH\CodeIgniter.php(355): CodeIgniter\CodeIgniter->handleRequest(null, Object(Config\Cache), false)
 4 SYSTEMPATH\Boot.php(325): CodeIgniter\CodeIgniter->run()
 5 SYSTEMPATH\Boot.php(67): CodeIgniter\Boot::runCodeIgniter(Object(CodeIgniter\CodeIgniter))
 6 FCPATH\index.php(56): CodeIgniter\Boot::bootWeb(Object(Config\Paths))
INFO - 2025-08-05 11:34:16 --> Session: Class initialized using 'CodeIgniter\Session\Handlers\FileHandler' driver.
WARNING - 2025-08-05 11:34:16 --> [DEPRECATED] Creation of dynamic property App\Controllers\MaterialController::$db is deprecated in APPPATH\Controllers\MaterialController.php on line 15.
 1 SYSTEMPATH\CodeIgniter.php(903): App\Controllers\MaterialController->__construct()
 2 SYSTEMPATH\CodeIgniter.php(500): CodeIgniter\CodeIgniter->createController()
 3 SYSTEMPATH\CodeIgniter.php(355): CodeIgniter\CodeIgniter->handleRequest(null, Object(Config\Cache), false)
 4 SYSTEMPATH\Boot.php(325): CodeIgniter\CodeIgniter->run()
 5 SYSTEMPATH\Boot.php(67): CodeIgniter\Boot::runCodeIgniter(Object(CodeIgniter\CodeIgniter))
 6 FCPATH\index.php(56): CodeIgniter\Boot::bootWeb(Object(Config\Paths))
WARNING - 2025-08-05 11:34:16 --> [DEPRECATED] Creation of dynamic property App\Controllers\MaterialController::$session is deprecated in APPPATH\Controllers\MaterialController.php on line 16.
 1 SYSTEMPATH\CodeIgniter.php(903): App\Controllers\MaterialController->__construct()
 2 SYSTEMPATH\CodeIgniter.php(500): CodeIgniter\CodeIgniter->createController()
 3 SYSTEMPATH\CodeIgniter.php(355): CodeIgniter\CodeIgniter->handleRequest(null, Object(Config\Cache), false)
 4 SYSTEMPATH\Boot.php(325): CodeIgniter\CodeIgniter->run()
 5 SYSTEMPATH\Boot.php(67): CodeIgniter\Boot::runCodeIgniter(Object(CodeIgniter\CodeIgniter))
 6 FCPATH\index.php(56): CodeIgniter\Boot::bootWeb(Object(Config\Paths))
WARNING - 2025-08-05 11:34:16 --> [DEPRECATED] Creation of dynamic property App\Controllers\MaterialController::$uri is deprecated in APPPATH\Controllers\MaterialController.php on line 17.
 1 SYSTEMPATH\CodeIgniter.php(903): App\Controllers\MaterialController->__construct()
 2 SYSTEMPATH\CodeIgniter.php(500): CodeIgniter\CodeIgniter->createController()
 3 SYSTEMPATH\CodeIgniter.php(355): CodeIgniter\CodeIgniter->handleRequest(null, Object(Config\Cache), false)
 4 SYSTEMPATH\Boot.php(325): CodeIgniter\CodeIgniter->run()
 5 SYSTEMPATH\Boot.php(67): CodeIgniter\Boot::runCodeIgniter(Object(CodeIgniter\CodeIgniter))
 6 FCPATH\index.php(56): CodeIgniter\Boot::bootWeb(Object(Config\Paths))
WARNING - 2025-08-05 11:34:16 --> [DEPRECATED] Creation of dynamic property App\Controllers\MaterialController::$form_validation is deprecated in APPPATH\Controllers\MaterialController.php on line 19.
 1 SYSTEMPATH\CodeIgniter.php(903): App\Controllers\MaterialController->__construct()
 2 SYSTEMPATH\CodeIgniter.php(500): CodeIgniter\CodeIgniter->createController()
 3 SYSTEMPATH\CodeIgniter.php(355): CodeIgniter\CodeIgniter->handleRequest(null, Object(Config\Cache), false)
 4 SYSTEMPATH\Boot.php(325): CodeIgniter\CodeIgniter->run()
 5 SYSTEMPATH\Boot.php(67): CodeIgniter\Boot::runCodeIgniter(Object(CodeIgniter\CodeIgniter))
 6 FCPATH\index.php(56): CodeIgniter\Boot::bootWeb(Object(Config\Paths))
WARNING - 2025-08-05 11:34:16 --> [DEPRECATED] Creation of dynamic property App\Controllers\MaterialController::$userValidation is deprecated in APPPATH\Controllers\MaterialController.php on line 20.
 1 SYSTEMPATH\CodeIgniter.php(903): App\Controllers\MaterialController->__construct()
 2 SYSTEMPATH\CodeIgniter.php(500): CodeIgniter\CodeIgniter->createController()
 3 SYSTEMPATH\CodeIgniter.php(355): CodeIgniter\CodeIgniter->handleRequest(null, Object(Config\Cache), false)
 4 SYSTEMPATH\Boot.php(325): CodeIgniter\CodeIgniter->run()
 5 SYSTEMPATH\Boot.php(67): CodeIgniter\Boot::runCodeIgniter(Object(CodeIgniter\CodeIgniter))
 6 FCPATH\index.php(56): CodeIgniter\Boot::bootWeb(Object(Config\Paths))
INFO - 2025-08-05 11:34:17 --> Session: Class initialized using 'CodeIgniter\Session\Handlers\FileHandler' driver.
WARNING - 2025-08-05 11:34:17 --> [DEPRECATED] Creation of dynamic property App\Controllers\MaterialController::$db is deprecated in APPPATH\Controllers\MaterialController.php on line 15.
 1 SYSTEMPATH\CodeIgniter.php(903): App\Controllers\MaterialController->__construct()
 2 SYSTEMPATH\CodeIgniter.php(500): CodeIgniter\CodeIgniter->createController()
 3 SYSTEMPATH\CodeIgniter.php(355): CodeIgniter\CodeIgniter->handleRequest(null, Object(Config\Cache), false)
 4 SYSTEMPATH\Boot.php(325): CodeIgniter\CodeIgniter->run()
 5 SYSTEMPATH\Boot.php(67): CodeIgniter\Boot::runCodeIgniter(Object(CodeIgniter\CodeIgniter))
 6 FCPATH\index.php(56): CodeIgniter\Boot::bootWeb(Object(Config\Paths))
WARNING - 2025-08-05 11:34:17 --> [DEPRECATED] Creation of dynamic property App\Controllers\MaterialController::$session is deprecated in APPPATH\Controllers\MaterialController.php on line 16.
 1 SYSTEMPATH\CodeIgniter.php(903): App\Controllers\MaterialController->__construct()
 2 SYSTEMPATH\CodeIgniter.php(500): CodeIgniter\CodeIgniter->createController()
 3 SYSTEMPATH\CodeIgniter.php(355): CodeIgniter\CodeIgniter->handleRequest(null, Object(Config\Cache), false)
 4 SYSTEMPATH\Boot.php(325): CodeIgniter\CodeIgniter->run()
 5 SYSTEMPATH\Boot.php(67): CodeIgniter\Boot::runCodeIgniter(Object(CodeIgniter\CodeIgniter))
 6 FCPATH\index.php(56): CodeIgniter\Boot::bootWeb(Object(Config\Paths))
WARNING - 2025-08-05 11:34:17 --> [DEPRECATED] Creation of dynamic property App\Controllers\MaterialController::$uri is deprecated in APPPATH\Controllers\MaterialController.php on line 17.
 1 SYSTEMPATH\CodeIgniter.php(903): App\Controllers\MaterialController->__construct()
 2 SYSTEMPATH\CodeIgniter.php(500): CodeIgniter\CodeIgniter->createController()
 3 SYSTEMPATH\CodeIgniter.php(355): CodeIgniter\CodeIgniter->handleRequest(null, Object(Config\Cache), false)
 4 SYSTEMPATH\Boot.php(325): CodeIgniter\CodeIgniter->run()
 5 SYSTEMPATH\Boot.php(67): CodeIgniter\Boot::runCodeIgniter(Object(CodeIgniter\CodeIgniter))
 6 FCPATH\index.php(56): CodeIgniter\Boot::bootWeb(Object(Config\Paths))
WARNING - 2025-08-05 11:34:17 --> [DEPRECATED] Creation of dynamic property App\Controllers\MaterialController::$form_validation is deprecated in APPPATH\Controllers\MaterialController.php on line 19.
 1 SYSTEMPATH\CodeIgniter.php(903): App\Controllers\MaterialController->__construct()
 2 SYSTEMPATH\CodeIgniter.php(500): CodeIgniter\CodeIgniter->createController()
 3 SYSTEMPATH\CodeIgniter.php(355): CodeIgniter\CodeIgniter->handleRequest(null, Object(Config\Cache), false)
 4 SYSTEMPATH\Boot.php(325): CodeIgniter\CodeIgniter->run()
 5 SYSTEMPATH\Boot.php(67): CodeIgniter\Boot::runCodeIgniter(Object(CodeIgniter\CodeIgniter))
 6 FCPATH\index.php(56): CodeIgniter\Boot::bootWeb(Object(Config\Paths))
WARNING - 2025-08-05 11:34:17 --> [DEPRECATED] Creation of dynamic property App\Controllers\MaterialController::$userValidation is deprecated in APPPATH\Controllers\MaterialController.php on line 20.
 1 SYSTEMPATH\CodeIgniter.php(903): App\Controllers\MaterialController->__construct()
 2 SYSTEMPATH\CodeIgniter.php(500): CodeIgniter\CodeIgniter->createController()
 3 SYSTEMPATH\CodeIgniter.php(355): CodeIgniter\CodeIgniter->handleRequest(null, Object(Config\Cache), false)
 4 SYSTEMPATH\Boot.php(325): CodeIgniter\CodeIgniter->run()
 5 SYSTEMPATH\Boot.php(67): CodeIgniter\Boot::runCodeIgniter(Object(CodeIgniter\CodeIgniter))
 6 FCPATH\index.php(56): CodeIgniter\Boot::bootWeb(Object(Config\Paths))
INFO - 2025-08-05 11:34:17 --> Session: Class initialized using 'CodeIgniter\Session\Handlers\FileHandler' driver.
WARNING - 2025-08-05 11:34:17 --> [DEPRECATED] Creation of dynamic property App\Controllers\MaterialController::$db is deprecated in APPPATH\Controllers\MaterialController.php on line 15.
 1 SYSTEMPATH\CodeIgniter.php(903): App\Controllers\MaterialController->__construct()
 2 SYSTEMPATH\CodeIgniter.php(500): CodeIgniter\CodeIgniter->createController()
 3 SYSTEMPATH\CodeIgniter.php(355): CodeIgniter\CodeIgniter->handleRequest(null, Object(Config\Cache), false)
 4 SYSTEMPATH\Boot.php(325): CodeIgniter\CodeIgniter->run()
 5 SYSTEMPATH\Boot.php(67): CodeIgniter\Boot::runCodeIgniter(Object(CodeIgniter\CodeIgniter))
 6 FCPATH\index.php(56): CodeIgniter\Boot::bootWeb(Object(Config\Paths))
WARNING - 2025-08-05 11:34:17 --> [DEPRECATED] Creation of dynamic property App\Controllers\MaterialController::$session is deprecated in APPPATH\Controllers\MaterialController.php on line 16.
 1 SYSTEMPATH\CodeIgniter.php(903): App\Controllers\MaterialController->__construct()
 2 SYSTEMPATH\CodeIgniter.php(500): CodeIgniter\CodeIgniter->createController()
 3 SYSTEMPATH\CodeIgniter.php(355): CodeIgniter\CodeIgniter->handleRequest(null, Object(Config\Cache), false)
 4 SYSTEMPATH\Boot.php(325): CodeIgniter\CodeIgniter->run()
 5 SYSTEMPATH\Boot.php(67): CodeIgniter\Boot::runCodeIgniter(Object(CodeIgniter\CodeIgniter))
 6 FCPATH\index.php(56): CodeIgniter\Boot::bootWeb(Object(Config\Paths))
WARNING - 2025-08-05 11:34:17 --> [DEPRECATED] Creation of dynamic property App\Controllers\MaterialController::$uri is deprecated in APPPATH\Controllers\MaterialController.php on line 17.
 1 SYSTEMPATH\CodeIgniter.php(903): App\Controllers\MaterialController->__construct()
 2 SYSTEMPATH\CodeIgniter.php(500): CodeIgniter\CodeIgniter->createController()
 3 SYSTEMPATH\CodeIgniter.php(355): CodeIgniter\CodeIgniter->handleRequest(null, Object(Config\Cache), false)
 4 SYSTEMPATH\Boot.php(325): CodeIgniter\CodeIgniter->run()
 5 SYSTEMPATH\Boot.php(67): CodeIgniter\Boot::runCodeIgniter(Object(CodeIgniter\CodeIgniter))
 6 FCPATH\index.php(56): CodeIgniter\Boot::bootWeb(Object(Config\Paths))
WARNING - 2025-08-05 11:34:18 --> [DEPRECATED] Creation of dynamic property App\Controllers\MaterialController::$form_validation is deprecated in APPPATH\Controllers\MaterialController.php on line 19.
 1 SYSTEMPATH\CodeIgniter.php(903): App\Controllers\MaterialController->__construct()
 2 SYSTEMPATH\CodeIgniter.php(500): CodeIgniter\CodeIgniter->createController()
 3 SYSTEMPATH\CodeIgniter.php(355): CodeIgniter\CodeIgniter->handleRequest(null, Object(Config\Cache), false)
 4 SYSTEMPATH\Boot.php(325): CodeIgniter\CodeIgniter->run()
 5 SYSTEMPATH\Boot.php(67): CodeIgniter\Boot::runCodeIgniter(Object(CodeIgniter\CodeIgniter))
 6 FCPATH\index.php(56): CodeIgniter\Boot::bootWeb(Object(Config\Paths))
WARNING - 2025-08-05 11:34:18 --> [DEPRECATED] Creation of dynamic property App\Controllers\MaterialController::$userValidation is deprecated in APPPATH\Controllers\MaterialController.php on line 20.
 1 SYSTEMPATH\CodeIgniter.php(903): App\Controllers\MaterialController->__construct()
 2 SYSTEMPATH\CodeIgniter.php(500): CodeIgniter\CodeIgniter->createController()
 3 SYSTEMPATH\CodeIgniter.php(355): CodeIgniter\CodeIgniter->handleRequest(null, Object(Config\Cache), false)
 4 SYSTEMPATH\Boot.php(325): CodeIgniter\CodeIgniter->run()
 5 SYSTEMPATH\Boot.php(67): CodeIgniter\Boot::runCodeIgniter(Object(CodeIgniter\CodeIgniter))
 6 FCPATH\index.php(56): CodeIgniter\Boot::bootWeb(Object(Config\Paths))
INFO - 2025-08-05 11:34:18 --> Session: Class initialized using 'CodeIgniter\Session\Handlers\FileHandler' driver.
WARNING - 2025-08-05 11:34:18 --> [DEPRECATED] Creation of dynamic property App\Controllers\MaterialController::$db is deprecated in APPPATH\Controllers\MaterialController.php on line 15.
 1 SYSTEMPATH\CodeIgniter.php(903): App\Controllers\MaterialController->__construct()
 2 SYSTEMPATH\CodeIgniter.php(500): CodeIgniter\CodeIgniter->createController()
 3 SYSTEMPATH\CodeIgniter.php(355): CodeIgniter\CodeIgniter->handleRequest(null, Object(Config\Cache), false)
 4 SYSTEMPATH\Boot.php(325): CodeIgniter\CodeIgniter->run()
 5 SYSTEMPATH\Boot.php(67): CodeIgniter\Boot::runCodeIgniter(Object(CodeIgniter\CodeIgniter))
 6 FCPATH\index.php(56): CodeIgniter\Boot::bootWeb(Object(Config\Paths))
WARNING - 2025-08-05 11:34:18 --> [DEPRECATED] Creation of dynamic property App\Controllers\MaterialController::$session is deprecated in APPPATH\Controllers\MaterialController.php on line 16.
 1 SYSTEMPATH\CodeIgniter.php(903): App\Controllers\MaterialController->__construct()
 2 SYSTEMPATH\CodeIgniter.php(500): CodeIgniter\CodeIgniter->createController()
 3 SYSTEMPATH\CodeIgniter.php(355): CodeIgniter\CodeIgniter->handleRequest(null, Object(Config\Cache), false)
 4 SYSTEMPATH\Boot.php(325): CodeIgniter\CodeIgniter->run()
 5 SYSTEMPATH\Boot.php(67): CodeIgniter\Boot::runCodeIgniter(Object(CodeIgniter\CodeIgniter))
 6 FCPATH\index.php(56): CodeIgniter\Boot::bootWeb(Object(Config\Paths))
WARNING - 2025-08-05 11:34:18 --> [DEPRECATED] Creation of dynamic property App\Controllers\MaterialController::$uri is deprecated in APPPATH\Controllers\MaterialController.php on line 17.
 1 SYSTEMPATH\CodeIgniter.php(903): App\Controllers\MaterialController->__construct()
 2 SYSTEMPATH\CodeIgniter.php(500): CodeIgniter\CodeIgniter->createController()
 3 SYSTEMPATH\CodeIgniter.php(355): CodeIgniter\CodeIgniter->handleRequest(null, Object(Config\Cache), false)
 4 SYSTEMPATH\Boot.php(325): CodeIgniter\CodeIgniter->run()
 5 SYSTEMPATH\Boot.php(67): CodeIgniter\Boot::runCodeIgniter(Object(CodeIgniter\CodeIgniter))
 6 FCPATH\index.php(56): CodeIgniter\Boot::bootWeb(Object(Config\Paths))
WARNING - 2025-08-05 11:34:18 --> [DEPRECATED] Creation of dynamic property App\Controllers\MaterialController::$form_validation is deprecated in APPPATH\Controllers\MaterialController.php on line 19.
 1 SYSTEMPATH\CodeIgniter.php(903): App\Controllers\MaterialController->__construct()
 2 SYSTEMPATH\CodeIgniter.php(500): CodeIgniter\CodeIgniter->createController()
 3 SYSTEMPATH\CodeIgniter.php(355): CodeIgniter\CodeIgniter->handleRequest(null, Object(Config\Cache), false)
 4 SYSTEMPATH\Boot.php(325): CodeIgniter\CodeIgniter->run()
 5 SYSTEMPATH\Boot.php(67): CodeIgniter\Boot::runCodeIgniter(Object(CodeIgniter\CodeIgniter))
 6 FCPATH\index.php(56): CodeIgniter\Boot::bootWeb(Object(Config\Paths))
WARNING - 2025-08-05 11:34:18 --> [DEPRECATED] Creation of dynamic property App\Controllers\MaterialController::$userValidation is deprecated in APPPATH\Controllers\MaterialController.php on line 20.
 1 SYSTEMPATH\CodeIgniter.php(903): App\Controllers\MaterialController->__construct()
 2 SYSTEMPATH\CodeIgniter.php(500): CodeIgniter\CodeIgniter->createController()
 3 SYSTEMPATH\CodeIgniter.php(355): CodeIgniter\CodeIgniter->handleRequest(null, Object(Config\Cache), false)
 4 SYSTEMPATH\Boot.php(325): CodeIgniter\CodeIgniter->run()
 5 SYSTEMPATH\Boot.php(67): CodeIgniter\Boot::runCodeIgniter(Object(CodeIgniter\CodeIgniter))
 6 FCPATH\index.php(56): CodeIgniter\Boot::bootWeb(Object(Config\Paths))
INFO - 2025-08-05 11:34:19 --> Session: Class initialized using 'CodeIgniter\Session\Handlers\FileHandler' driver.
WARNING - 2025-08-05 11:34:19 --> [DEPRECATED] Creation of dynamic property App\Controllers\MaterialController::$db is deprecated in APPPATH\Controllers\MaterialController.php on line 15.
 1 SYSTEMPATH\CodeIgniter.php(903): App\Controllers\MaterialController->__construct()
 2 SYSTEMPATH\CodeIgniter.php(500): CodeIgniter\CodeIgniter->createController()
 3 SYSTEMPATH\CodeIgniter.php(355): CodeIgniter\CodeIgniter->handleRequest(null, Object(Config\Cache), false)
 4 SYSTEMPATH\Boot.php(325): CodeIgniter\CodeIgniter->run()
 5 SYSTEMPATH\Boot.php(67): CodeIgniter\Boot::runCodeIgniter(Object(CodeIgniter\CodeIgniter))
 6 FCPATH\index.php(56): CodeIgniter\Boot::bootWeb(Object(Config\Paths))
WARNING - 2025-08-05 11:34:19 --> [DEPRECATED] Creation of dynamic property App\Controllers\MaterialController::$session is deprecated in APPPATH\Controllers\MaterialController.php on line 16.
 1 SYSTEMPATH\CodeIgniter.php(903): App\Controllers\MaterialController->__construct()
 2 SYSTEMPATH\CodeIgniter.php(500): CodeIgniter\CodeIgniter->createController()
 3 SYSTEMPATH\CodeIgniter.php(355): CodeIgniter\CodeIgniter->handleRequest(null, Object(Config\Cache), false)
 4 SYSTEMPATH\Boot.php(325): CodeIgniter\CodeIgniter->run()
 5 SYSTEMPATH\Boot.php(67): CodeIgniter\Boot::runCodeIgniter(Object(CodeIgniter\CodeIgniter))
 6 FCPATH\index.php(56): CodeIgniter\Boot::bootWeb(Object(Config\Paths))
WARNING - 2025-08-05 11:34:19 --> [DEPRECATED] Creation of dynamic property App\Controllers\MaterialController::$uri is deprecated in APPPATH\Controllers\MaterialController.php on line 17.
 1 SYSTEMPATH\CodeIgniter.php(903): App\Controllers\MaterialController->__construct()
 2 SYSTEMPATH\CodeIgniter.php(500): CodeIgniter\CodeIgniter->createController()
 3 SYSTEMPATH\CodeIgniter.php(355): CodeIgniter\CodeIgniter->handleRequest(null, Object(Config\Cache), false)
 4 SYSTEMPATH\Boot.php(325): CodeIgniter\CodeIgniter->run()
 5 SYSTEMPATH\Boot.php(67): CodeIgniter\Boot::runCodeIgniter(Object(CodeIgniter\CodeIgniter))
 6 FCPATH\index.php(56): CodeIgniter\Boot::bootWeb(Object(Config\Paths))
WARNING - 2025-08-05 11:34:19 --> [DEPRECATED] Creation of dynamic property App\Controllers\MaterialController::$form_validation is deprecated in APPPATH\Controllers\MaterialController.php on line 19.
 1 SYSTEMPATH\CodeIgniter.php(903): App\Controllers\MaterialController->__construct()
 2 SYSTEMPATH\CodeIgniter.php(500): CodeIgniter\CodeIgniter->createController()
 3 SYSTEMPATH\CodeIgniter.php(355): CodeIgniter\CodeIgniter->handleRequest(null, Object(Config\Cache), false)
 4 SYSTEMPATH\Boot.php(325): CodeIgniter\CodeIgniter->run()
 5 SYSTEMPATH\Boot.php(67): CodeIgniter\Boot::runCodeIgniter(Object(CodeIgniter\CodeIgniter))
 6 FCPATH\index.php(56): CodeIgniter\Boot::bootWeb(Object(Config\Paths))
WARNING - 2025-08-05 11:34:19 --> [DEPRECATED] Creation of dynamic property App\Controllers\MaterialController::$userValidation is deprecated in APPPATH\Controllers\MaterialController.php on line 20.
 1 SYSTEMPATH\CodeIgniter.php(903): App\Controllers\MaterialController->__construct()
 2 SYSTEMPATH\CodeIgniter.php(500): CodeIgniter\CodeIgniter->createController()
 3 SYSTEMPATH\CodeIgniter.php(355): CodeIgniter\CodeIgniter->handleRequest(null, Object(Config\Cache), false)
 4 SYSTEMPATH\Boot.php(325): CodeIgniter\CodeIgniter->run()
 5 SYSTEMPATH\Boot.php(67): CodeIgniter\Boot::runCodeIgniter(Object(CodeIgniter\CodeIgniter))
 6 FCPATH\index.php(56): CodeIgniter\Boot::bootWeb(Object(Config\Paths))
INFO - 2025-08-05 11:34:19 --> Session: Class initialized using 'CodeIgniter\Session\Handlers\FileHandler' driver.
WARNING - 2025-08-05 11:34:19 --> [DEPRECATED] Creation of dynamic property App\Controllers\MaterialController::$db is deprecated in APPPATH\Controllers\MaterialController.php on line 15.
 1 SYSTEMPATH\CodeIgniter.php(903): App\Controllers\MaterialController->__construct()
 2 SYSTEMPATH\CodeIgniter.php(500): CodeIgniter\CodeIgniter->createController()
 3 SYSTEMPATH\CodeIgniter.php(355): CodeIgniter\CodeIgniter->handleRequest(null, Object(Config\Cache), false)
 4 SYSTEMPATH\Boot.php(325): CodeIgniter\CodeIgniter->run()
 5 SYSTEMPATH\Boot.php(67): CodeIgniter\Boot::runCodeIgniter(Object(CodeIgniter\CodeIgniter))
 6 FCPATH\index.php(56): CodeIgniter\Boot::bootWeb(Object(Config\Paths))
WARNING - 2025-08-05 11:34:19 --> [DEPRECATED] Creation of dynamic property App\Controllers\MaterialController::$session is deprecated in APPPATH\Controllers\MaterialController.php on line 16.
 1 SYSTEMPATH\CodeIgniter.php(903): App\Controllers\MaterialController->__construct()
 2 SYSTEMPATH\CodeIgniter.php(500): CodeIgniter\CodeIgniter->createController()
 3 SYSTEMPATH\CodeIgniter.php(355): CodeIgniter\CodeIgniter->handleRequest(null, Object(Config\Cache), false)
 4 SYSTEMPATH\Boot.php(325): CodeIgniter\CodeIgniter->run()
 5 SYSTEMPATH\Boot.php(67): CodeIgniter\Boot::runCodeIgniter(Object(CodeIgniter\CodeIgniter))
 6 FCPATH\index.php(56): CodeIgniter\Boot::bootWeb(Object(Config\Paths))
WARNING - 2025-08-05 11:34:19 --> [DEPRECATED] Creation of dynamic property App\Controllers\MaterialController::$uri is deprecated in APPPATH\Controllers\MaterialController.php on line 17.
 1 SYSTEMPATH\CodeIgniter.php(903): App\Controllers\MaterialController->__construct()
 2 SYSTEMPATH\CodeIgniter.php(500): CodeIgniter\CodeIgniter->createController()
 3 SYSTEMPATH\CodeIgniter.php(355): CodeIgniter\CodeIgniter->handleRequest(null, Object(Config\Cache), false)
 4 SYSTEMPATH\Boot.php(325): CodeIgniter\CodeIgniter->run()
 5 SYSTEMPATH\Boot.php(67): CodeIgniter\Boot::runCodeIgniter(Object(CodeIgniter\CodeIgniter))
 6 FCPATH\index.php(56): CodeIgniter\Boot::bootWeb(Object(Config\Paths))
WARNING - 2025-08-05 11:34:19 --> [DEPRECATED] Creation of dynamic property App\Controllers\MaterialController::$form_validation is deprecated in APPPATH\Controllers\MaterialController.php on line 19.
 1 SYSTEMPATH\CodeIgniter.php(903): App\Controllers\MaterialController->__construct()
 2 SYSTEMPATH\CodeIgniter.php(500): CodeIgniter\CodeIgniter->createController()
 3 SYSTEMPATH\CodeIgniter.php(355): CodeIgniter\CodeIgniter->handleRequest(null, Object(Config\Cache), false)
 4 SYSTEMPATH\Boot.php(325): CodeIgniter\CodeIgniter->run()
 5 SYSTEMPATH\Boot.php(67): CodeIgniter\Boot::runCodeIgniter(Object(CodeIgniter\CodeIgniter))
 6 FCPATH\index.php(56): CodeIgniter\Boot::bootWeb(Object(Config\Paths))
WARNING - 2025-08-05 11:34:19 --> [DEPRECATED] Creation of dynamic property App\Controllers\MaterialController::$userValidation is deprecated in APPPATH\Controllers\MaterialController.php on line 20.
 1 SYSTEMPATH\CodeIgniter.php(903): App\Controllers\MaterialController->__construct()
 2 SYSTEMPATH\CodeIgniter.php(500): CodeIgniter\CodeIgniter->createController()
 3 SYSTEMPATH\CodeIgniter.php(355): CodeIgniter\CodeIgniter->handleRequest(null, Object(Config\Cache), false)
 4 SYSTEMPATH\Boot.php(325): CodeIgniter\CodeIgniter->run()
 5 SYSTEMPATH\Boot.php(67): CodeIgniter\Boot::runCodeIgniter(Object(CodeIgniter\CodeIgniter))
 6 FCPATH\index.php(56): CodeIgniter\Boot::bootWeb(Object(Config\Paths))
INFO - 2025-08-05 11:34:19 --> Session: Class initialized using 'CodeIgniter\Session\Handlers\FileHandler' driver.
WARNING - 2025-08-05 11:34:19 --> [DEPRECATED] Creation of dynamic property App\Controllers\MaterialController::$db is deprecated in APPPATH\Controllers\MaterialController.php on line 15.
 1 SYSTEMPATH\CodeIgniter.php(903): App\Controllers\MaterialController->__construct()
 2 SYSTEMPATH\CodeIgniter.php(500): CodeIgniter\CodeIgniter->createController()
 3 SYSTEMPATH\CodeIgniter.php(355): CodeIgniter\CodeIgniter->handleRequest(null, Object(Config\Cache), false)
 4 SYSTEMPATH\Boot.php(325): CodeIgniter\CodeIgniter->run()
 5 SYSTEMPATH\Boot.php(67): CodeIgniter\Boot::runCodeIgniter(Object(CodeIgniter\CodeIgniter))
 6 FCPATH\index.php(56): CodeIgniter\Boot::bootWeb(Object(Config\Paths))
WARNING - 2025-08-05 11:34:19 --> [DEPRECATED] Creation of dynamic property App\Controllers\MaterialController::$session is deprecated in APPPATH\Controllers\MaterialController.php on line 16.
 1 SYSTEMPATH\CodeIgniter.php(903): App\Controllers\MaterialController->__construct()
 2 SYSTEMPATH\CodeIgniter.php(500): CodeIgniter\CodeIgniter->createController()
 3 SYSTEMPATH\CodeIgniter.php(355): CodeIgniter\CodeIgniter->handleRequest(null, Object(Config\Cache), false)
 4 SYSTEMPATH\Boot.php(325): CodeIgniter\CodeIgniter->run()
 5 SYSTEMPATH\Boot.php(67): CodeIgniter\Boot::runCodeIgniter(Object(CodeIgniter\CodeIgniter))
 6 FCPATH\index.php(56): CodeIgniter\Boot::bootWeb(Object(Config\Paths))
WARNING - 2025-08-05 11:34:19 --> [DEPRECATED] Creation of dynamic property App\Controllers\MaterialController::$uri is deprecated in APPPATH\Controllers\MaterialController.php on line 17.
 1 SYSTEMPATH\CodeIgniter.php(903): App\Controllers\MaterialController->__construct()
 2 SYSTEMPATH\CodeIgniter.php(500): CodeIgniter\CodeIgniter->createController()
 3 SYSTEMPATH\CodeIgniter.php(355): CodeIgniter\CodeIgniter->handleRequest(null, Object(Config\Cache), false)
 4 SYSTEMPATH\Boot.php(325): CodeIgniter\CodeIgniter->run()
 5 SYSTEMPATH\Boot.php(67): CodeIgniter\Boot::runCodeIgniter(Object(CodeIgniter\CodeIgniter))
 6 FCPATH\index.php(56): CodeIgniter\Boot::bootWeb(Object(Config\Paths))
WARNING - 2025-08-05 11:34:19 --> [DEPRECATED] Creation of dynamic property App\Controllers\MaterialController::$form_validation is deprecated in APPPATH\Controllers\MaterialController.php on line 19.
 1 SYSTEMPATH\CodeIgniter.php(903): App\Controllers\MaterialController->__construct()
 2 SYSTEMPATH\CodeIgniter.php(500): CodeIgniter\CodeIgniter->createController()
 3 SYSTEMPATH\CodeIgniter.php(355): CodeIgniter\CodeIgniter->handleRequest(null, Object(Config\Cache), false)
 4 SYSTEMPATH\Boot.php(325): CodeIgniter\CodeIgniter->run()
 5 SYSTEMPATH\Boot.php(67): CodeIgniter\Boot::runCodeIgniter(Object(CodeIgniter\CodeIgniter))
 6 FCPATH\index.php(56): CodeIgniter\Boot::bootWeb(Object(Config\Paths))
WARNING - 2025-08-05 11:34:19 --> [DEPRECATED] Creation of dynamic property App\Controllers\MaterialController::$userValidation is deprecated in APPPATH\Controllers\MaterialController.php on line 20.
 1 SYSTEMPATH\CodeIgniter.php(903): App\Controllers\MaterialController->__construct()
 2 SYSTEMPATH\CodeIgniter.php(500): CodeIgniter\CodeIgniter->createController()
 3 SYSTEMPATH\CodeIgniter.php(355): CodeIgniter\CodeIgniter->handleRequest(null, Object(Config\Cache), false)
 4 SYSTEMPATH\Boot.php(325): CodeIgniter\CodeIgniter->run()
 5 SYSTEMPATH\Boot.php(67): CodeIgniter\Boot::runCodeIgniter(Object(CodeIgniter\CodeIgniter))
 6 FCPATH\index.php(56): CodeIgniter\Boot::bootWeb(Object(Config\Paths))
INFO - 2025-08-05 11:34:20 --> Session: Class initialized using 'CodeIgniter\Session\Handlers\FileHandler' driver.
WARNING - 2025-08-05 11:34:20 --> [DEPRECATED] Creation of dynamic property App\Controllers\MaterialController::$db is deprecated in APPPATH\Controllers\MaterialController.php on line 15.
 1 SYSTEMPATH\CodeIgniter.php(903): App\Controllers\MaterialController->__construct()
 2 SYSTEMPATH\CodeIgniter.php(500): CodeIgniter\CodeIgniter->createController()
 3 SYSTEMPATH\CodeIgniter.php(355): CodeIgniter\CodeIgniter->handleRequest(null, Object(Config\Cache), false)
 4 SYSTEMPATH\Boot.php(325): CodeIgniter\CodeIgniter->run()
 5 SYSTEMPATH\Boot.php(67): CodeIgniter\Boot::runCodeIgniter(Object(CodeIgniter\CodeIgniter))
 6 FCPATH\index.php(56): CodeIgniter\Boot::bootWeb(Object(Config\Paths))
WARNING - 2025-08-05 11:34:20 --> [DEPRECATED] Creation of dynamic property App\Controllers\MaterialController::$session is deprecated in APPPATH\Controllers\MaterialController.php on line 16.
 1 SYSTEMPATH\CodeIgniter.php(903): App\Controllers\MaterialController->__construct()
 2 SYSTEMPATH\CodeIgniter.php(500): CodeIgniter\CodeIgniter->createController()
 3 SYSTEMPATH\CodeIgniter.php(355): CodeIgniter\CodeIgniter->handleRequest(null, Object(Config\Cache), false)
 4 SYSTEMPATH\Boot.php(325): CodeIgniter\CodeIgniter->run()
 5 SYSTEMPATH\Boot.php(67): CodeIgniter\Boot::runCodeIgniter(Object(CodeIgniter\CodeIgniter))
 6 FCPATH\index.php(56): CodeIgniter\Boot::bootWeb(Object(Config\Paths))
WARNING - 2025-08-05 11:34:20 --> [DEPRECATED] Creation of dynamic property App\Controllers\MaterialController::$uri is deprecated in APPPATH\Controllers\MaterialController.php on line 17.
 1 SYSTEMPATH\CodeIgniter.php(903): App\Controllers\MaterialController->__construct()
 2 SYSTEMPATH\CodeIgniter.php(500): CodeIgniter\CodeIgniter->createController()
 3 SYSTEMPATH\CodeIgniter.php(355): CodeIgniter\CodeIgniter->handleRequest(null, Object(Config\Cache), false)
 4 SYSTEMPATH\Boot.php(325): CodeIgniter\CodeIgniter->run()
 5 SYSTEMPATH\Boot.php(67): CodeIgniter\Boot::runCodeIgniter(Object(CodeIgniter\CodeIgniter))
 6 FCPATH\index.php(56): CodeIgniter\Boot::bootWeb(Object(Config\Paths))
WARNING - 2025-08-05 11:34:20 --> [DEPRECATED] Creation of dynamic property App\Controllers\MaterialController::$form_validation is deprecated in APPPATH\Controllers\MaterialController.php on line 19.
 1 SYSTEMPATH\CodeIgniter.php(903): App\Controllers\MaterialController->__construct()
 2 SYSTEMPATH\CodeIgniter.php(500): CodeIgniter\CodeIgniter->createController()
 3 SYSTEMPATH\CodeIgniter.php(355): CodeIgniter\CodeIgniter->handleRequest(null, Object(Config\Cache), false)
 4 SYSTEMPATH\Boot.php(325): CodeIgniter\CodeIgniter->run()
 5 SYSTEMPATH\Boot.php(67): CodeIgniter\Boot::runCodeIgniter(Object(CodeIgniter\CodeIgniter))
 6 FCPATH\index.php(56): CodeIgniter\Boot::bootWeb(Object(Config\Paths))
WARNING - 2025-08-05 11:34:20 --> [DEPRECATED] Creation of dynamic property App\Controllers\MaterialController::$userValidation is deprecated in APPPATH\Controllers\MaterialController.php on line 20.
 1 SYSTEMPATH\CodeIgniter.php(903): App\Controllers\MaterialController->__construct()
 2 SYSTEMPATH\CodeIgniter.php(500): CodeIgniter\CodeIgniter->createController()
 3 SYSTEMPATH\CodeIgniter.php(355): CodeIgniter\CodeIgniter->handleRequest(null, Object(Config\Cache), false)
 4 SYSTEMPATH\Boot.php(325): CodeIgniter\CodeIgniter->run()
 5 SYSTEMPATH\Boot.php(67): CodeIgniter\Boot::runCodeIgniter(Object(CodeIgniter\CodeIgniter))
 6 FCPATH\index.php(56): CodeIgniter\Boot::bootWeb(Object(Config\Paths))
INFO - 2025-08-05 11:35:37 --> Session: Class initialized using 'CodeIgniter\Session\Handlers\FileHandler' driver.
WARNING - 2025-08-05 11:35:37 --> [DEPRECATED] Creation of dynamic property App\Controllers\MaterialController::$db is deprecated in APPPATH\Controllers\MaterialController.php on line 15.
 1 SYSTEMPATH\CodeIgniter.php(903): App\Controllers\MaterialController->__construct()
 2 SYSTEMPATH\CodeIgniter.php(500): CodeIgniter\CodeIgniter->createController()
 3 SYSTEMPATH\CodeIgniter.php(355): CodeIgniter\CodeIgniter->handleRequest(null, Object(Config\Cache), false)
 4 SYSTEMPATH\Boot.php(325): CodeIgniter\CodeIgniter->run()
 5 SYSTEMPATH\Boot.php(67): CodeIgniter\Boot::runCodeIgniter(Object(CodeIgniter\CodeIgniter))
 6 FCPATH\index.php(56): CodeIgniter\Boot::bootWeb(Object(Config\Paths))
WARNING - 2025-08-05 11:35:37 --> [DEPRECATED] Creation of dynamic property App\Controllers\MaterialController::$session is deprecated in APPPATH\Controllers\MaterialController.php on line 16.
 1 SYSTEMPATH\CodeIgniter.php(903): App\Controllers\MaterialController->__construct()
 2 SYSTEMPATH\CodeIgniter.php(500): CodeIgniter\CodeIgniter->createController()
 3 SYSTEMPATH\CodeIgniter.php(355): CodeIgniter\CodeIgniter->handleRequest(null, Object(Config\Cache), false)
 4 SYSTEMPATH\Boot.php(325): CodeIgniter\CodeIgniter->run()
 5 SYSTEMPATH\Boot.php(67): CodeIgniter\Boot::runCodeIgniter(Object(CodeIgniter\CodeIgniter))
 6 FCPATH\index.php(56): CodeIgniter\Boot::bootWeb(Object(Config\Paths))
WARNING - 2025-08-05 11:35:37 --> [DEPRECATED] Creation of dynamic property App\Controllers\MaterialController::$uri is deprecated in APPPATH\Controllers\MaterialController.php on line 17.
 1 SYSTEMPATH\CodeIgniter.php(903): App\Controllers\MaterialController->__construct()
 2 SYSTEMPATH\CodeIgniter.php(500): CodeIgniter\CodeIgniter->createController()
 3 SYSTEMPATH\CodeIgniter.php(355): CodeIgniter\CodeIgniter->handleRequest(null, Object(Config\Cache), false)
 4 SYSTEMPATH\Boot.php(325): CodeIgniter\CodeIgniter->run()
 5 SYSTEMPATH\Boot.php(67): CodeIgniter\Boot::runCodeIgniter(Object(CodeIgniter\CodeIgniter))
 6 FCPATH\index.php(56): CodeIgniter\Boot::bootWeb(Object(Config\Paths))
WARNING - 2025-08-05 11:35:37 --> [DEPRECATED] Creation of dynamic property App\Controllers\MaterialController::$form_validation is deprecated in APPPATH\Controllers\MaterialController.php on line 19.
 1 SYSTEMPATH\CodeIgniter.php(903): App\Controllers\MaterialController->__construct()
 2 SYSTEMPATH\CodeIgniter.php(500): CodeIgniter\CodeIgniter->createController()
 3 SYSTEMPATH\CodeIgniter.php(355): CodeIgniter\CodeIgniter->handleRequest(null, Object(Config\Cache), false)
 4 SYSTEMPATH\Boot.php(325): CodeIgniter\CodeIgniter->run()
 5 SYSTEMPATH\Boot.php(67): CodeIgniter\Boot::runCodeIgniter(Object(CodeIgniter\CodeIgniter))
 6 FCPATH\index.php(56): CodeIgniter\Boot::bootWeb(Object(Config\Paths))
WARNING - 2025-08-05 11:35:37 --> [DEPRECATED] Creation of dynamic property App\Controllers\MaterialController::$userValidation is deprecated in APPPATH\Controllers\MaterialController.php on line 20.
 1 SYSTEMPATH\CodeIgniter.php(903): App\Controllers\MaterialController->__construct()
 2 SYSTEMPATH\CodeIgniter.php(500): CodeIgniter\CodeIgniter->createController()
 3 SYSTEMPATH\CodeIgniter.php(355): CodeIgniter\CodeIgniter->handleRequest(null, Object(Config\Cache), false)
 4 SYSTEMPATH\Boot.php(325): CodeIgniter\CodeIgniter->run()
 5 SYSTEMPATH\Boot.php(67): CodeIgniter\Boot::runCodeIgniter(Object(CodeIgniter\CodeIgniter))
 6 FCPATH\index.php(56): CodeIgniter\Boot::bootWeb(Object(Config\Paths))
INFO - 2025-08-05 11:35:37 --> Session: Class initialized using 'CodeIgniter\Session\Handlers\FileHandler' driver.
WARNING - 2025-08-05 11:35:37 --> [DEPRECATED] Creation of dynamic property App\Controllers\MaterialController::$db is deprecated in APPPATH\Controllers\MaterialController.php on line 15.
 1 SYSTEMPATH\CodeIgniter.php(903): App\Controllers\MaterialController->__construct()
 2 SYSTEMPATH\CodeIgniter.php(500): CodeIgniter\CodeIgniter->createController()
 3 SYSTEMPATH\CodeIgniter.php(355): CodeIgniter\CodeIgniter->handleRequest(null, Object(Config\Cache), false)
 4 SYSTEMPATH\Boot.php(325): CodeIgniter\CodeIgniter->run()
 5 SYSTEMPATH\Boot.php(67): CodeIgniter\Boot::runCodeIgniter(Object(CodeIgniter\CodeIgniter))
 6 FCPATH\index.php(56): CodeIgniter\Boot::bootWeb(Object(Config\Paths))
WARNING - 2025-08-05 11:35:37 --> [DEPRECATED] Creation of dynamic property App\Controllers\MaterialController::$session is deprecated in APPPATH\Controllers\MaterialController.php on line 16.
 1 SYSTEMPATH\CodeIgniter.php(903): App\Controllers\MaterialController->__construct()
 2 SYSTEMPATH\CodeIgniter.php(500): CodeIgniter\CodeIgniter->createController()
 3 SYSTEMPATH\CodeIgniter.php(355): CodeIgniter\CodeIgniter->handleRequest(null, Object(Config\Cache), false)
 4 SYSTEMPATH\Boot.php(325): CodeIgniter\CodeIgniter->run()
 5 SYSTEMPATH\Boot.php(67): CodeIgniter\Boot::runCodeIgniter(Object(CodeIgniter\CodeIgniter))
 6 FCPATH\index.php(56): CodeIgniter\Boot::bootWeb(Object(Config\Paths))
WARNING - 2025-08-05 11:35:37 --> [DEPRECATED] Creation of dynamic property App\Controllers\MaterialController::$uri is deprecated in APPPATH\Controllers\MaterialController.php on line 17.
 1 SYSTEMPATH\CodeIgniter.php(903): App\Controllers\MaterialController->__construct()
 2 SYSTEMPATH\CodeIgniter.php(500): CodeIgniter\CodeIgniter->createController()
 3 SYSTEMPATH\CodeIgniter.php(355): CodeIgniter\CodeIgniter->handleRequest(null, Object(Config\Cache), false)
 4 SYSTEMPATH\Boot.php(325): CodeIgniter\CodeIgniter->run()
 5 SYSTEMPATH\Boot.php(67): CodeIgniter\Boot::runCodeIgniter(Object(CodeIgniter\CodeIgniter))
 6 FCPATH\index.php(56): CodeIgniter\Boot::bootWeb(Object(Config\Paths))
WARNING - 2025-08-05 11:35:37 --> [DEPRECATED] Creation of dynamic property App\Controllers\MaterialController::$form_validation is deprecated in APPPATH\Controllers\MaterialController.php on line 19.
 1 SYSTEMPATH\CodeIgniter.php(903): App\Controllers\MaterialController->__construct()
 2 SYSTEMPATH\CodeIgniter.php(500): CodeIgniter\CodeIgniter->createController()
 3 SYSTEMPATH\CodeIgniter.php(355): CodeIgniter\CodeIgniter->handleRequest(null, Object(Config\Cache), false)
 4 SYSTEMPATH\Boot.php(325): CodeIgniter\CodeIgniter->run()
 5 SYSTEMPATH\Boot.php(67): CodeIgniter\Boot::runCodeIgniter(Object(CodeIgniter\CodeIgniter))
 6 FCPATH\index.php(56): CodeIgniter\Boot::bootWeb(Object(Config\Paths))
WARNING - 2025-08-05 11:35:37 --> [DEPRECATED] Creation of dynamic property App\Controllers\MaterialController::$userValidation is deprecated in APPPATH\Controllers\MaterialController.php on line 20.
 1 SYSTEMPATH\CodeIgniter.php(903): App\Controllers\MaterialController->__construct()
 2 SYSTEMPATH\CodeIgniter.php(500): CodeIgniter\CodeIgniter->createController()
 3 SYSTEMPATH\CodeIgniter.php(355): CodeIgniter\CodeIgniter->handleRequest(null, Object(Config\Cache), false)
 4 SYSTEMPATH\Boot.php(325): CodeIgniter\CodeIgniter->run()
 5 SYSTEMPATH\Boot.php(67): CodeIgniter\Boot::runCodeIgniter(Object(CodeIgniter\CodeIgniter))
 6 FCPATH\index.php(56): CodeIgniter\Boot::bootWeb(Object(Config\Paths))
INFO - 2025-08-05 11:35:38 --> Session: Class initialized using 'CodeIgniter\Session\Handlers\FileHandler' driver.
WARNING - 2025-08-05 11:35:38 --> [DEPRECATED] Creation of dynamic property App\Controllers\MaterialController::$db is deprecated in APPPATH\Controllers\MaterialController.php on line 15.
 1 SYSTEMPATH\CodeIgniter.php(903): App\Controllers\MaterialController->__construct()
 2 SYSTEMPATH\CodeIgniter.php(500): CodeIgniter\CodeIgniter->createController()
 3 SYSTEMPATH\CodeIgniter.php(355): CodeIgniter\CodeIgniter->handleRequest(null, Object(Config\Cache), false)
 4 SYSTEMPATH\Boot.php(325): CodeIgniter\CodeIgniter->run()
 5 SYSTEMPATH\Boot.php(67): CodeIgniter\Boot::runCodeIgniter(Object(CodeIgniter\CodeIgniter))
 6 FCPATH\index.php(56): CodeIgniter\Boot::bootWeb(Object(Config\Paths))
WARNING - 2025-08-05 11:35:38 --> [DEPRECATED] Creation of dynamic property App\Controllers\MaterialController::$session is deprecated in APPPATH\Controllers\MaterialController.php on line 16.
 1 SYSTEMPATH\CodeIgniter.php(903): App\Controllers\MaterialController->__construct()
 2 SYSTEMPATH\CodeIgniter.php(500): CodeIgniter\CodeIgniter->createController()
 3 SYSTEMPATH\CodeIgniter.php(355): CodeIgniter\CodeIgniter->handleRequest(null, Object(Config\Cache), false)
 4 SYSTEMPATH\Boot.php(325): CodeIgniter\CodeIgniter->run()
 5 SYSTEMPATH\Boot.php(67): CodeIgniter\Boot::runCodeIgniter(Object(CodeIgniter\CodeIgniter))
 6 FCPATH\index.php(56): CodeIgniter\Boot::bootWeb(Object(Config\Paths))
WARNING - 2025-08-05 11:35:38 --> [DEPRECATED] Creation of dynamic property App\Controllers\MaterialController::$uri is deprecated in APPPATH\Controllers\MaterialController.php on line 17.
 1 SYSTEMPATH\CodeIgniter.php(903): App\Controllers\MaterialController->__construct()
 2 SYSTEMPATH\CodeIgniter.php(500): CodeIgniter\CodeIgniter->createController()
 3 SYSTEMPATH\CodeIgniter.php(355): CodeIgniter\CodeIgniter->handleRequest(null, Object(Config\Cache), false)
 4 SYSTEMPATH\Boot.php(325): CodeIgniter\CodeIgniter->run()
 5 SYSTEMPATH\Boot.php(67): CodeIgniter\Boot::runCodeIgniter(Object(CodeIgniter\CodeIgniter))
 6 FCPATH\index.php(56): CodeIgniter\Boot::bootWeb(Object(Config\Paths))
WARNING - 2025-08-05 11:35:38 --> [DEPRECATED] Creation of dynamic property App\Controllers\MaterialController::$form_validation is deprecated in APPPATH\Controllers\MaterialController.php on line 19.
 1 SYSTEMPATH\CodeIgniter.php(903): App\Controllers\MaterialController->__construct()
 2 SYSTEMPATH\CodeIgniter.php(500): CodeIgniter\CodeIgniter->createController()
 3 SYSTEMPATH\CodeIgniter.php(355): CodeIgniter\CodeIgniter->handleRequest(null, Object(Config\Cache), false)
 4 SYSTEMPATH\Boot.php(325): CodeIgniter\CodeIgniter->run()
 5 SYSTEMPATH\Boot.php(67): CodeIgniter\Boot::runCodeIgniter(Object(CodeIgniter\CodeIgniter))
 6 FCPATH\index.php(56): CodeIgniter\Boot::bootWeb(Object(Config\Paths))
WARNING - 2025-08-05 11:35:38 --> [DEPRECATED] Creation of dynamic property App\Controllers\MaterialController::$userValidation is deprecated in APPPATH\Controllers\MaterialController.php on line 20.
 1 SYSTEMPATH\CodeIgniter.php(903): App\Controllers\MaterialController->__construct()
 2 SYSTEMPATH\CodeIgniter.php(500): CodeIgniter\CodeIgniter->createController()
 3 SYSTEMPATH\CodeIgniter.php(355): CodeIgniter\CodeIgniter->handleRequest(null, Object(Config\Cache), false)
 4 SYSTEMPATH\Boot.php(325): CodeIgniter\CodeIgniter->run()
 5 SYSTEMPATH\Boot.php(67): CodeIgniter\Boot::runCodeIgniter(Object(CodeIgniter\CodeIgniter))
 6 FCPATH\index.php(56): CodeIgniter\Boot::bootWeb(Object(Config\Paths))
INFO - 2025-08-05 11:35:39 --> Session: Class initialized using 'CodeIgniter\Session\Handlers\FileHandler' driver.
WARNING - 2025-08-05 11:35:39 --> [DEPRECATED] Creation of dynamic property App\Controllers\MaterialController::$db is deprecated in APPPATH\Controllers\MaterialController.php on line 15.
 1 SYSTEMPATH\CodeIgniter.php(903): App\Controllers\MaterialController->__construct()
 2 SYSTEMPATH\CodeIgniter.php(500): CodeIgniter\CodeIgniter->createController()
 3 SYSTEMPATH\CodeIgniter.php(355): CodeIgniter\CodeIgniter->handleRequest(null, Object(Config\Cache), false)
 4 SYSTEMPATH\Boot.php(325): CodeIgniter\CodeIgniter->run()
 5 SYSTEMPATH\Boot.php(67): CodeIgniter\Boot::runCodeIgniter(Object(CodeIgniter\CodeIgniter))
 6 FCPATH\index.php(56): CodeIgniter\Boot::bootWeb(Object(Config\Paths))
WARNING - 2025-08-05 11:35:39 --> [DEPRECATED] Creation of dynamic property App\Controllers\MaterialController::$session is deprecated in APPPATH\Controllers\MaterialController.php on line 16.
 1 SYSTEMPATH\CodeIgniter.php(903): App\Controllers\MaterialController->__construct()
 2 SYSTEMPATH\CodeIgniter.php(500): CodeIgniter\CodeIgniter->createController()
 3 SYSTEMPATH\CodeIgniter.php(355): CodeIgniter\CodeIgniter->handleRequest(null, Object(Config\Cache), false)
 4 SYSTEMPATH\Boot.php(325): CodeIgniter\CodeIgniter->run()
 5 SYSTEMPATH\Boot.php(67): CodeIgniter\Boot::runCodeIgniter(Object(CodeIgniter\CodeIgniter))
 6 FCPATH\index.php(56): CodeIgniter\Boot::bootWeb(Object(Config\Paths))
WARNING - 2025-08-05 11:35:39 --> [DEPRECATED] Creation of dynamic property App\Controllers\MaterialController::$uri is deprecated in APPPATH\Controllers\MaterialController.php on line 17.
 1 SYSTEMPATH\CodeIgniter.php(903): App\Controllers\MaterialController->__construct()
 2 SYSTEMPATH\CodeIgniter.php(500): CodeIgniter\CodeIgniter->createController()
 3 SYSTEMPATH\CodeIgniter.php(355): CodeIgniter\CodeIgniter->handleRequest(null, Object(Config\Cache), false)
 4 SYSTEMPATH\Boot.php(325): CodeIgniter\CodeIgniter->run()
 5 SYSTEMPATH\Boot.php(67): CodeIgniter\Boot::runCodeIgniter(Object(CodeIgniter\CodeIgniter))
 6 FCPATH\index.php(56): CodeIgniter\Boot::bootWeb(Object(Config\Paths))
WARNING - 2025-08-05 11:35:39 --> [DEPRECATED] Creation of dynamic property App\Controllers\MaterialController::$form_validation is deprecated in APPPATH\Controllers\MaterialController.php on line 19.
 1 SYSTEMPATH\CodeIgniter.php(903): App\Controllers\MaterialController->__construct()
 2 SYSTEMPATH\CodeIgniter.php(500): CodeIgniter\CodeIgniter->createController()
 3 SYSTEMPATH\CodeIgniter.php(355): CodeIgniter\CodeIgniter->handleRequest(null, Object(Config\Cache), false)
 4 SYSTEMPATH\Boot.php(325): CodeIgniter\CodeIgniter->run()
 5 SYSTEMPATH\Boot.php(67): CodeIgniter\Boot::runCodeIgniter(Object(CodeIgniter\CodeIgniter))
 6 FCPATH\index.php(56): CodeIgniter\Boot::bootWeb(Object(Config\Paths))
WARNING - 2025-08-05 11:35:39 --> [DEPRECATED] Creation of dynamic property App\Controllers\MaterialController::$userValidation is deprecated in APPPATH\Controllers\MaterialController.php on line 20.
 1 SYSTEMPATH\CodeIgniter.php(903): App\Controllers\MaterialController->__construct()
 2 SYSTEMPATH\CodeIgniter.php(500): CodeIgniter\CodeIgniter->createController()
 3 SYSTEMPATH\CodeIgniter.php(355): CodeIgniter\CodeIgniter->handleRequest(null, Object(Config\Cache), false)
 4 SYSTEMPATH\Boot.php(325): CodeIgniter\CodeIgniter->run()
 5 SYSTEMPATH\Boot.php(67): CodeIgniter\Boot::runCodeIgniter(Object(CodeIgniter\CodeIgniter))
 6 FCPATH\index.php(56): CodeIgniter\Boot::bootWeb(Object(Config\Paths))
INFO - 2025-08-05 11:35:40 --> Session: Class initialized using 'CodeIgniter\Session\Handlers\FileHandler' driver.
WARNING - 2025-08-05 11:35:40 --> [DEPRECATED] Creation of dynamic property App\Controllers\MaterialController::$db is deprecated in APPPATH\Controllers\MaterialController.php on line 15.
 1 SYSTEMPATH\CodeIgniter.php(903): App\Controllers\MaterialController->__construct()
 2 SYSTEMPATH\CodeIgniter.php(500): CodeIgniter\CodeIgniter->createController()
 3 SYSTEMPATH\CodeIgniter.php(355): CodeIgniter\CodeIgniter->handleRequest(null, Object(Config\Cache), false)
 4 SYSTEMPATH\Boot.php(325): CodeIgniter\CodeIgniter->run()
 5 SYSTEMPATH\Boot.php(67): CodeIgniter\Boot::runCodeIgniter(Object(CodeIgniter\CodeIgniter))
 6 FCPATH\index.php(56): CodeIgniter\Boot::bootWeb(Object(Config\Paths))
WARNING - 2025-08-05 11:35:40 --> [DEPRECATED] Creation of dynamic property App\Controllers\MaterialController::$session is deprecated in APPPATH\Controllers\MaterialController.php on line 16.
 1 SYSTEMPATH\CodeIgniter.php(903): App\Controllers\MaterialController->__construct()
 2 SYSTEMPATH\CodeIgniter.php(500): CodeIgniter\CodeIgniter->createController()
 3 SYSTEMPATH\CodeIgniter.php(355): CodeIgniter\CodeIgniter->handleRequest(null, Object(Config\Cache), false)
 4 SYSTEMPATH\Boot.php(325): CodeIgniter\CodeIgniter->run()
 5 SYSTEMPATH\Boot.php(67): CodeIgniter\Boot::runCodeIgniter(Object(CodeIgniter\CodeIgniter))
 6 FCPATH\index.php(56): CodeIgniter\Boot::bootWeb(Object(Config\Paths))
WARNING - 2025-08-05 11:35:40 --> [DEPRECATED] Creation of dynamic property App\Controllers\MaterialController::$uri is deprecated in APPPATH\Controllers\MaterialController.php on line 17.
 1 SYSTEMPATH\CodeIgniter.php(903): App\Controllers\MaterialController->__construct()
 2 SYSTEMPATH\CodeIgniter.php(500): CodeIgniter\CodeIgniter->createController()
 3 SYSTEMPATH\CodeIgniter.php(355): CodeIgniter\CodeIgniter->handleRequest(null, Object(Config\Cache), false)
 4 SYSTEMPATH\Boot.php(325): CodeIgniter\CodeIgniter->run()
 5 SYSTEMPATH\Boot.php(67): CodeIgniter\Boot::runCodeIgniter(Object(CodeIgniter\CodeIgniter))
 6 FCPATH\index.php(56): CodeIgniter\Boot::bootWeb(Object(Config\Paths))
WARNING - 2025-08-05 11:35:40 --> [DEPRECATED] Creation of dynamic property App\Controllers\MaterialController::$form_validation is deprecated in APPPATH\Controllers\MaterialController.php on line 19.
 1 SYSTEMPATH\CodeIgniter.php(903): App\Controllers\MaterialController->__construct()
 2 SYSTEMPATH\CodeIgniter.php(500): CodeIgniter\CodeIgniter->createController()
 3 SYSTEMPATH\CodeIgniter.php(355): CodeIgniter\CodeIgniter->handleRequest(null, Object(Config\Cache), false)
 4 SYSTEMPATH\Boot.php(325): CodeIgniter\CodeIgniter->run()
 5 SYSTEMPATH\Boot.php(67): CodeIgniter\Boot::runCodeIgniter(Object(CodeIgniter\CodeIgniter))
 6 FCPATH\index.php(56): CodeIgniter\Boot::bootWeb(Object(Config\Paths))
WARNING - 2025-08-05 11:35:40 --> [DEPRECATED] Creation of dynamic property App\Controllers\MaterialController::$userValidation is deprecated in APPPATH\Controllers\MaterialController.php on line 20.
 1 SYSTEMPATH\CodeIgniter.php(903): App\Controllers\MaterialController->__construct()
 2 SYSTEMPATH\CodeIgniter.php(500): CodeIgniter\CodeIgniter->createController()
 3 SYSTEMPATH\CodeIgniter.php(355): CodeIgniter\CodeIgniter->handleRequest(null, Object(Config\Cache), false)
 4 SYSTEMPATH\Boot.php(325): CodeIgniter\CodeIgniter->run()
 5 SYSTEMPATH\Boot.php(67): CodeIgniter\Boot::runCodeIgniter(Object(CodeIgniter\CodeIgniter))
 6 FCPATH\index.php(56): CodeIgniter\Boot::bootWeb(Object(Config\Paths))
INFO - 2025-08-05 11:35:40 --> Session: Class initialized using 'CodeIgniter\Session\Handlers\FileHandler' driver.
WARNING - 2025-08-05 11:35:40 --> [DEPRECATED] Creation of dynamic property App\Controllers\MaterialController::$db is deprecated in APPPATH\Controllers\MaterialController.php on line 15.
 1 SYSTEMPATH\CodeIgniter.php(903): App\Controllers\MaterialController->__construct()
 2 SYSTEMPATH\CodeIgniter.php(500): CodeIgniter\CodeIgniter->createController()
 3 SYSTEMPATH\CodeIgniter.php(355): CodeIgniter\CodeIgniter->handleRequest(null, Object(Config\Cache), false)
 4 SYSTEMPATH\Boot.php(325): CodeIgniter\CodeIgniter->run()
 5 SYSTEMPATH\Boot.php(67): CodeIgniter\Boot::runCodeIgniter(Object(CodeIgniter\CodeIgniter))
 6 FCPATH\index.php(56): CodeIgniter\Boot::bootWeb(Object(Config\Paths))
WARNING - 2025-08-05 11:35:40 --> [DEPRECATED] Creation of dynamic property App\Controllers\MaterialController::$session is deprecated in APPPATH\Controllers\MaterialController.php on line 16.
 1 SYSTEMPATH\CodeIgniter.php(903): App\Controllers\MaterialController->__construct()
 2 SYSTEMPATH\CodeIgniter.php(500): CodeIgniter\CodeIgniter->createController()
 3 SYSTEMPATH\CodeIgniter.php(355): CodeIgniter\CodeIgniter->handleRequest(null, Object(Config\Cache), false)
 4 SYSTEMPATH\Boot.php(325): CodeIgniter\CodeIgniter->run()
 5 SYSTEMPATH\Boot.php(67): CodeIgniter\Boot::runCodeIgniter(Object(CodeIgniter\CodeIgniter))
 6 FCPATH\index.php(56): CodeIgniter\Boot::bootWeb(Object(Config\Paths))
WARNING - 2025-08-05 11:35:40 --> [DEPRECATED] Creation of dynamic property App\Controllers\MaterialController::$uri is deprecated in APPPATH\Controllers\MaterialController.php on line 17.
 1 SYSTEMPATH\CodeIgniter.php(903): App\Controllers\MaterialController->__construct()
 2 SYSTEMPATH\CodeIgniter.php(500): CodeIgniter\CodeIgniter->createController()
 3 SYSTEMPATH\CodeIgniter.php(355): CodeIgniter\CodeIgniter->handleRequest(null, Object(Config\Cache), false)
 4 SYSTEMPATH\Boot.php(325): CodeIgniter\CodeIgniter->run()
 5 SYSTEMPATH\Boot.php(67): CodeIgniter\Boot::runCodeIgniter(Object(CodeIgniter\CodeIgniter))
 6 FCPATH\index.php(56): CodeIgniter\Boot::bootWeb(Object(Config\Paths))
WARNING - 2025-08-05 11:35:40 --> [DEPRECATED] Creation of dynamic property App\Controllers\MaterialController::$form_validation is deprecated in APPPATH\Controllers\MaterialController.php on line 19.
 1 SYSTEMPATH\CodeIgniter.php(903): App\Controllers\MaterialController->__construct()
 2 SYSTEMPATH\CodeIgniter.php(500): CodeIgniter\CodeIgniter->createController()
 3 SYSTEMPATH\CodeIgniter.php(355): CodeIgniter\CodeIgniter->handleRequest(null, Object(Config\Cache), false)
 4 SYSTEMPATH\Boot.php(325): CodeIgniter\CodeIgniter->run()
 5 SYSTEMPATH\Boot.php(67): CodeIgniter\Boot::runCodeIgniter(Object(CodeIgniter\CodeIgniter))
 6 FCPATH\index.php(56): CodeIgniter\Boot::bootWeb(Object(Config\Paths))
WARNING - 2025-08-05 11:35:40 --> [DEPRECATED] Creation of dynamic property App\Controllers\MaterialController::$userValidation is deprecated in APPPATH\Controllers\MaterialController.php on line 20.
 1 SYSTEMPATH\CodeIgniter.php(903): App\Controllers\MaterialController->__construct()
 2 SYSTEMPATH\CodeIgniter.php(500): CodeIgniter\CodeIgniter->createController()
 3 SYSTEMPATH\CodeIgniter.php(355): CodeIgniter\CodeIgniter->handleRequest(null, Object(Config\Cache), false)
 4 SYSTEMPATH\Boot.php(325): CodeIgniter\CodeIgniter->run()
 5 SYSTEMPATH\Boot.php(67): CodeIgniter\Boot::runCodeIgniter(Object(CodeIgniter\CodeIgniter))
 6 FCPATH\index.php(56): CodeIgniter\Boot::bootWeb(Object(Config\Paths))
INFO - 2025-08-05 11:35:44 --> Session: Class initialized using 'CodeIgniter\Session\Handlers\FileHandler' driver.
WARNING - 2025-08-05 11:35:44 --> [DEPRECATED] Creation of dynamic property App\Controllers\MaterialController::$db is deprecated in APPPATH\Controllers\MaterialController.php on line 15.
 1 SYSTEMPATH\CodeIgniter.php(903): App\Controllers\MaterialController->__construct()
 2 SYSTEMPATH\CodeIgniter.php(500): CodeIgniter\CodeIgniter->createController()
 3 SYSTEMPATH\CodeIgniter.php(355): CodeIgniter\CodeIgniter->handleRequest(null, Object(Config\Cache), false)
 4 SYSTEMPATH\Boot.php(325): CodeIgniter\CodeIgniter->run()
 5 SYSTEMPATH\Boot.php(67): CodeIgniter\Boot::runCodeIgniter(Object(CodeIgniter\CodeIgniter))
 6 FCPATH\index.php(56): CodeIgniter\Boot::bootWeb(Object(Config\Paths))
WARNING - 2025-08-05 11:35:44 --> [DEPRECATED] Creation of dynamic property App\Controllers\MaterialController::$session is deprecated in APPPATH\Controllers\MaterialController.php on line 16.
 1 SYSTEMPATH\CodeIgniter.php(903): App\Controllers\MaterialController->__construct()
 2 SYSTEMPATH\CodeIgniter.php(500): CodeIgniter\CodeIgniter->createController()
 3 SYSTEMPATH\CodeIgniter.php(355): CodeIgniter\CodeIgniter->handleRequest(null, Object(Config\Cache), false)
 4 SYSTEMPATH\Boot.php(325): CodeIgniter\CodeIgniter->run()
 5 SYSTEMPATH\Boot.php(67): CodeIgniter\Boot::runCodeIgniter(Object(CodeIgniter\CodeIgniter))
 6 FCPATH\index.php(56): CodeIgniter\Boot::bootWeb(Object(Config\Paths))
WARNING - 2025-08-05 11:35:44 --> [DEPRECATED] Creation of dynamic property App\Controllers\MaterialController::$uri is deprecated in APPPATH\Controllers\MaterialController.php on line 17.
 1 SYSTEMPATH\CodeIgniter.php(903): App\Controllers\MaterialController->__construct()
 2 SYSTEMPATH\CodeIgniter.php(500): CodeIgniter\CodeIgniter->createController()
 3 SYSTEMPATH\CodeIgniter.php(355): CodeIgniter\CodeIgniter->handleRequest(null, Object(Config\Cache), false)
 4 SYSTEMPATH\Boot.php(325): CodeIgniter\CodeIgniter->run()
 5 SYSTEMPATH\Boot.php(67): CodeIgniter\Boot::runCodeIgniter(Object(CodeIgniter\CodeIgniter))
 6 FCPATH\index.php(56): CodeIgniter\Boot::bootWeb(Object(Config\Paths))
WARNING - 2025-08-05 11:35:44 --> [DEPRECATED] Creation of dynamic property App\Controllers\MaterialController::$form_validation is deprecated in APPPATH\Controllers\MaterialController.php on line 19.
 1 SYSTEMPATH\CodeIgniter.php(903): App\Controllers\MaterialController->__construct()
 2 SYSTEMPATH\CodeIgniter.php(500): CodeIgniter\CodeIgniter->createController()
 3 SYSTEMPATH\CodeIgniter.php(355): CodeIgniter\CodeIgniter->handleRequest(null, Object(Config\Cache), false)
 4 SYSTEMPATH\Boot.php(325): CodeIgniter\CodeIgniter->run()
 5 SYSTEMPATH\Boot.php(67): CodeIgniter\Boot::runCodeIgniter(Object(CodeIgniter\CodeIgniter))
 6 FCPATH\index.php(56): CodeIgniter\Boot::bootWeb(Object(Config\Paths))
WARNING - 2025-08-05 11:35:44 --> [DEPRECATED] Creation of dynamic property App\Controllers\MaterialController::$userValidation is deprecated in APPPATH\Controllers\MaterialController.php on line 20.
 1 SYSTEMPATH\CodeIgniter.php(903): App\Controllers\MaterialController->__construct()
 2 SYSTEMPATH\CodeIgniter.php(500): CodeIgniter\CodeIgniter->createController()
 3 SYSTEMPATH\CodeIgniter.php(355): CodeIgniter\CodeIgniter->handleRequest(null, Object(Config\Cache), false)
 4 SYSTEMPATH\Boot.php(325): CodeIgniter\CodeIgniter->run()
 5 SYSTEMPATH\Boot.php(67): CodeIgniter\Boot::runCodeIgniter(Object(CodeIgniter\CodeIgniter))
 6 FCPATH\index.php(56): CodeIgniter\Boot::bootWeb(Object(Config\Paths))
INFO - 2025-08-05 11:35:44 --> Session: Class initialized using 'CodeIgniter\Session\Handlers\FileHandler' driver.
WARNING - 2025-08-05 11:35:44 --> [DEPRECATED] Creation of dynamic property App\Controllers\MaterialController::$db is deprecated in APPPATH\Controllers\MaterialController.php on line 15.
 1 SYSTEMPATH\CodeIgniter.php(903): App\Controllers\MaterialController->__construct()
 2 SYSTEMPATH\CodeIgniter.php(500): CodeIgniter\CodeIgniter->createController()
 3 SYSTEMPATH\CodeIgniter.php(355): CodeIgniter\CodeIgniter->handleRequest(null, Object(Config\Cache), false)
 4 SYSTEMPATH\Boot.php(325): CodeIgniter\CodeIgniter->run()
 5 SYSTEMPATH\Boot.php(67): CodeIgniter\Boot::runCodeIgniter(Object(CodeIgniter\CodeIgniter))
 6 FCPATH\index.php(56): CodeIgniter\Boot::bootWeb(Object(Config\Paths))
WARNING - 2025-08-05 11:35:44 --> [DEPRECATED] Creation of dynamic property App\Controllers\MaterialController::$session is deprecated in APPPATH\Controllers\MaterialController.php on line 16.
 1 SYSTEMPATH\CodeIgniter.php(903): App\Controllers\MaterialController->__construct()
 2 SYSTEMPATH\CodeIgniter.php(500): CodeIgniter\CodeIgniter->createController()
 3 SYSTEMPATH\CodeIgniter.php(355): CodeIgniter\CodeIgniter->handleRequest(null, Object(Config\Cache), false)
 4 SYSTEMPATH\Boot.php(325): CodeIgniter\CodeIgniter->run()
 5 SYSTEMPATH\Boot.php(67): CodeIgniter\Boot::runCodeIgniter(Object(CodeIgniter\CodeIgniter))
 6 FCPATH\index.php(56): CodeIgniter\Boot::bootWeb(Object(Config\Paths))
WARNING - 2025-08-05 11:35:44 --> [DEPRECATED] Creation of dynamic property App\Controllers\MaterialController::$uri is deprecated in APPPATH\Controllers\MaterialController.php on line 17.
 1 SYSTEMPATH\CodeIgniter.php(903): App\Controllers\MaterialController->__construct()
 2 SYSTEMPATH\CodeIgniter.php(500): CodeIgniter\CodeIgniter->createController()
 3 SYSTEMPATH\CodeIgniter.php(355): CodeIgniter\CodeIgniter->handleRequest(null, Object(Config\Cache), false)
 4 SYSTEMPATH\Boot.php(325): CodeIgniter\CodeIgniter->run()
 5 SYSTEMPATH\Boot.php(67): CodeIgniter\Boot::runCodeIgniter(Object(CodeIgniter\CodeIgniter))
 6 FCPATH\index.php(56): CodeIgniter\Boot::bootWeb(Object(Config\Paths))
WARNING - 2025-08-05 11:35:44 --> [DEPRECATED] Creation of dynamic property App\Controllers\MaterialController::$form_validation is deprecated in APPPATH\Controllers\MaterialController.php on line 19.
 1 SYSTEMPATH\CodeIgniter.php(903): App\Controllers\MaterialController->__construct()
 2 SYSTEMPATH\CodeIgniter.php(500): CodeIgniter\CodeIgniter->createController()
 3 SYSTEMPATH\CodeIgniter.php(355): CodeIgniter\CodeIgniter->handleRequest(null, Object(Config\Cache), false)
 4 SYSTEMPATH\Boot.php(325): CodeIgniter\CodeIgniter->run()
 5 SYSTEMPATH\Boot.php(67): CodeIgniter\Boot::runCodeIgniter(Object(CodeIgniter\CodeIgniter))
 6 FCPATH\index.php(56): CodeIgniter\Boot::bootWeb(Object(Config\Paths))
WARNING - 2025-08-05 11:35:44 --> [DEPRECATED] Creation of dynamic property App\Controllers\MaterialController::$userValidation is deprecated in APPPATH\Controllers\MaterialController.php on line 20.
 1 SYSTEMPATH\CodeIgniter.php(903): App\Controllers\MaterialController->__construct()
 2 SYSTEMPATH\CodeIgniter.php(500): CodeIgniter\CodeIgniter->createController()
 3 SYSTEMPATH\CodeIgniter.php(355): CodeIgniter\CodeIgniter->handleRequest(null, Object(Config\Cache), false)
 4 SYSTEMPATH\Boot.php(325): CodeIgniter\CodeIgniter->run()
 5 SYSTEMPATH\Boot.php(67): CodeIgniter\Boot::runCodeIgniter(Object(CodeIgniter\CodeIgniter))
 6 FCPATH\index.php(56): CodeIgniter\Boot::bootWeb(Object(Config\Paths))
INFO - 2025-08-05 11:35:45 --> Session: Class initialized using 'CodeIgniter\Session\Handlers\FileHandler' driver.
WARNING - 2025-08-05 11:35:45 --> [DEPRECATED] Creation of dynamic property App\Controllers\MaterialController::$db is deprecated in APPPATH\Controllers\MaterialController.php on line 15.
 1 SYSTEMPATH\CodeIgniter.php(903): App\Controllers\MaterialController->__construct()
 2 SYSTEMPATH\CodeIgniter.php(500): CodeIgniter\CodeIgniter->createController()
 3 SYSTEMPATH\CodeIgniter.php(355): CodeIgniter\CodeIgniter->handleRequest(null, Object(Config\Cache), false)
 4 SYSTEMPATH\Boot.php(325): CodeIgniter\CodeIgniter->run()
 5 SYSTEMPATH\Boot.php(67): CodeIgniter\Boot::runCodeIgniter(Object(CodeIgniter\CodeIgniter))
 6 FCPATH\index.php(56): CodeIgniter\Boot::bootWeb(Object(Config\Paths))
WARNING - 2025-08-05 11:35:45 --> [DEPRECATED] Creation of dynamic property App\Controllers\MaterialController::$session is deprecated in APPPATH\Controllers\MaterialController.php on line 16.
 1 SYSTEMPATH\CodeIgniter.php(903): App\Controllers\MaterialController->__construct()
 2 SYSTEMPATH\CodeIgniter.php(500): CodeIgniter\CodeIgniter->createController()
 3 SYSTEMPATH\CodeIgniter.php(355): CodeIgniter\CodeIgniter->handleRequest(null, Object(Config\Cache), false)
 4 SYSTEMPATH\Boot.php(325): CodeIgniter\CodeIgniter->run()
 5 SYSTEMPATH\Boot.php(67): CodeIgniter\Boot::runCodeIgniter(Object(CodeIgniter\CodeIgniter))
 6 FCPATH\index.php(56): CodeIgniter\Boot::bootWeb(Object(Config\Paths))
WARNING - 2025-08-05 11:35:45 --> [DEPRECATED] Creation of dynamic property App\Controllers\MaterialController::$uri is deprecated in APPPATH\Controllers\MaterialController.php on line 17.
 1 SYSTEMPATH\CodeIgniter.php(903): App\Controllers\MaterialController->__construct()
 2 SYSTEMPATH\CodeIgniter.php(500): CodeIgniter\CodeIgniter->createController()
 3 SYSTEMPATH\CodeIgniter.php(355): CodeIgniter\CodeIgniter->handleRequest(null, Object(Config\Cache), false)
 4 SYSTEMPATH\Boot.php(325): CodeIgniter\CodeIgniter->run()
 5 SYSTEMPATH\Boot.php(67): CodeIgniter\Boot::runCodeIgniter(Object(CodeIgniter\CodeIgniter))
 6 FCPATH\index.php(56): CodeIgniter\Boot::bootWeb(Object(Config\Paths))
WARNING - 2025-08-05 11:35:45 --> [DEPRECATED] Creation of dynamic property App\Controllers\MaterialController::$form_validation is deprecated in APPPATH\Controllers\MaterialController.php on line 19.
 1 SYSTEMPATH\CodeIgniter.php(903): App\Controllers\MaterialController->__construct()
 2 SYSTEMPATH\CodeIgniter.php(500): CodeIgniter\CodeIgniter->createController()
 3 SYSTEMPATH\CodeIgniter.php(355): CodeIgniter\CodeIgniter->handleRequest(null, Object(Config\Cache), false)
 4 SYSTEMPATH\Boot.php(325): CodeIgniter\CodeIgniter->run()
 5 SYSTEMPATH\Boot.php(67): CodeIgniter\Boot::runCodeIgniter(Object(CodeIgniter\CodeIgniter))
 6 FCPATH\index.php(56): CodeIgniter\Boot::bootWeb(Object(Config\Paths))
WARNING - 2025-08-05 11:35:45 --> [DEPRECATED] Creation of dynamic property App\Controllers\MaterialController::$userValidation is deprecated in APPPATH\Controllers\MaterialController.php on line 20.
 1 SYSTEMPATH\CodeIgniter.php(903): App\Controllers\MaterialController->__construct()
 2 SYSTEMPATH\CodeIgniter.php(500): CodeIgniter\CodeIgniter->createController()
 3 SYSTEMPATH\CodeIgniter.php(355): CodeIgniter\CodeIgniter->handleRequest(null, Object(Config\Cache), false)
 4 SYSTEMPATH\Boot.php(325): CodeIgniter\CodeIgniter->run()
 5 SYSTEMPATH\Boot.php(67): CodeIgniter\Boot::runCodeIgniter(Object(CodeIgniter\CodeIgniter))
 6 FCPATH\index.php(56): CodeIgniter\Boot::bootWeb(Object(Config\Paths))
INFO - 2025-08-05 11:36:14 --> Session: Class initialized using 'CodeIgniter\Session\Handlers\FileHandler' driver.
WARNING - 2025-08-05 11:36:14 --> [DEPRECATED] Creation of dynamic property App\Controllers\MaterialController::$db is deprecated in APPPATH\Controllers\MaterialController.php on line 15.
 1 SYSTEMPATH\CodeIgniter.php(903): App\Controllers\MaterialController->__construct()
 2 SYSTEMPATH\CodeIgniter.php(500): CodeIgniter\CodeIgniter->createController()
 3 SYSTEMPATH\CodeIgniter.php(355): CodeIgniter\CodeIgniter->handleRequest(null, Object(Config\Cache), false)
 4 SYSTEMPATH\Boot.php(325): CodeIgniter\CodeIgniter->run()
 5 SYSTEMPATH\Boot.php(67): CodeIgniter\Boot::runCodeIgniter(Object(CodeIgniter\CodeIgniter))
 6 FCPATH\index.php(56): CodeIgniter\Boot::bootWeb(Object(Config\Paths))
WARNING - 2025-08-05 11:36:14 --> [DEPRECATED] Creation of dynamic property App\Controllers\MaterialController::$session is deprecated in APPPATH\Controllers\MaterialController.php on line 16.
 1 SYSTEMPATH\CodeIgniter.php(903): App\Controllers\MaterialController->__construct()
 2 SYSTEMPATH\CodeIgniter.php(500): CodeIgniter\CodeIgniter->createController()
 3 SYSTEMPATH\CodeIgniter.php(355): CodeIgniter\CodeIgniter->handleRequest(null, Object(Config\Cache), false)
 4 SYSTEMPATH\Boot.php(325): CodeIgniter\CodeIgniter->run()
 5 SYSTEMPATH\Boot.php(67): CodeIgniter\Boot::runCodeIgniter(Object(CodeIgniter\CodeIgniter))
 6 FCPATH\index.php(56): CodeIgniter\Boot::bootWeb(Object(Config\Paths))
WARNING - 2025-08-05 11:36:14 --> [DEPRECATED] Creation of dynamic property App\Controllers\MaterialController::$uri is deprecated in APPPATH\Controllers\MaterialController.php on line 17.
 1 SYSTEMPATH\CodeIgniter.php(903): App\Controllers\MaterialController->__construct()
 2 SYSTEMPATH\CodeIgniter.php(500): CodeIgniter\CodeIgniter->createController()
 3 SYSTEMPATH\CodeIgniter.php(355): CodeIgniter\CodeIgniter->handleRequest(null, Object(Config\Cache), false)
 4 SYSTEMPATH\Boot.php(325): CodeIgniter\CodeIgniter->run()
 5 SYSTEMPATH\Boot.php(67): CodeIgniter\Boot::runCodeIgniter(Object(CodeIgniter\CodeIgniter))
 6 FCPATH\index.php(56): CodeIgniter\Boot::bootWeb(Object(Config\Paths))
WARNING - 2025-08-05 11:36:14 --> [DEPRECATED] Creation of dynamic property App\Controllers\MaterialController::$form_validation is deprecated in APPPATH\Controllers\MaterialController.php on line 19.
 1 SYSTEMPATH\CodeIgniter.php(903): App\Controllers\MaterialController->__construct()
 2 SYSTEMPATH\CodeIgniter.php(500): CodeIgniter\CodeIgniter->createController()
 3 SYSTEMPATH\CodeIgniter.php(355): CodeIgniter\CodeIgniter->handleRequest(null, Object(Config\Cache), false)
 4 SYSTEMPATH\Boot.php(325): CodeIgniter\CodeIgniter->run()
 5 SYSTEMPATH\Boot.php(67): CodeIgniter\Boot::runCodeIgniter(Object(CodeIgniter\CodeIgniter))
 6 FCPATH\index.php(56): CodeIgniter\Boot::bootWeb(Object(Config\Paths))
WARNING - 2025-08-05 11:36:14 --> [DEPRECATED] Creation of dynamic property App\Controllers\MaterialController::$userValidation is deprecated in APPPATH\Controllers\MaterialController.php on line 20.
 1 SYSTEMPATH\CodeIgniter.php(903): App\Controllers\MaterialController->__construct()
 2 SYSTEMPATH\CodeIgniter.php(500): CodeIgniter\CodeIgniter->createController()
 3 SYSTEMPATH\CodeIgniter.php(355): CodeIgniter\CodeIgniter->handleRequest(null, Object(Config\Cache), false)
 4 SYSTEMPATH\Boot.php(325): CodeIgniter\CodeIgniter->run()
 5 SYSTEMPATH\Boot.php(67): CodeIgniter\Boot::runCodeIgniter(Object(CodeIgniter\CodeIgniter))
 6 FCPATH\index.php(56): CodeIgniter\Boot::bootWeb(Object(Config\Paths))
INFO - 2025-08-05 11:36:15 --> Session: Class initialized using 'CodeIgniter\Session\Handlers\FileHandler' driver.
WARNING - 2025-08-05 11:36:15 --> [DEPRECATED] Creation of dynamic property App\Controllers\MaterialController::$db is deprecated in APPPATH\Controllers\MaterialController.php on line 15.
 1 SYSTEMPATH\CodeIgniter.php(903): App\Controllers\MaterialController->__construct()
 2 SYSTEMPATH\CodeIgniter.php(500): CodeIgniter\CodeIgniter->createController()
 3 SYSTEMPATH\CodeIgniter.php(355): CodeIgniter\CodeIgniter->handleRequest(null, Object(Config\Cache), false)
 4 SYSTEMPATH\Boot.php(325): CodeIgniter\CodeIgniter->run()
 5 SYSTEMPATH\Boot.php(67): CodeIgniter\Boot::runCodeIgniter(Object(CodeIgniter\CodeIgniter))
 6 FCPATH\index.php(56): CodeIgniter\Boot::bootWeb(Object(Config\Paths))
WARNING - 2025-08-05 11:36:15 --> [DEPRECATED] Creation of dynamic property App\Controllers\MaterialController::$session is deprecated in APPPATH\Controllers\MaterialController.php on line 16.
 1 SYSTEMPATH\CodeIgniter.php(903): App\Controllers\MaterialController->__construct()
 2 SYSTEMPATH\CodeIgniter.php(500): CodeIgniter\CodeIgniter->createController()
 3 SYSTEMPATH\CodeIgniter.php(355): CodeIgniter\CodeIgniter->handleRequest(null, Object(Config\Cache), false)
 4 SYSTEMPATH\Boot.php(325): CodeIgniter\CodeIgniter->run()
 5 SYSTEMPATH\Boot.php(67): CodeIgniter\Boot::runCodeIgniter(Object(CodeIgniter\CodeIgniter))
 6 FCPATH\index.php(56): CodeIgniter\Boot::bootWeb(Object(Config\Paths))
WARNING - 2025-08-05 11:36:15 --> [DEPRECATED] Creation of dynamic property App\Controllers\MaterialController::$uri is deprecated in APPPATH\Controllers\MaterialController.php on line 17.
 1 SYSTEMPATH\CodeIgniter.php(903): App\Controllers\MaterialController->__construct()
 2 SYSTEMPATH\CodeIgniter.php(500): CodeIgniter\CodeIgniter->createController()
 3 SYSTEMPATH\CodeIgniter.php(355): CodeIgniter\CodeIgniter->handleRequest(null, Object(Config\Cache), false)
 4 SYSTEMPATH\Boot.php(325): CodeIgniter\CodeIgniter->run()
 5 SYSTEMPATH\Boot.php(67): CodeIgniter\Boot::runCodeIgniter(Object(CodeIgniter\CodeIgniter))
 6 FCPATH\index.php(56): CodeIgniter\Boot::bootWeb(Object(Config\Paths))
WARNING - 2025-08-05 11:36:15 --> [DEPRECATED] Creation of dynamic property App\Controllers\MaterialController::$form_validation is deprecated in APPPATH\Controllers\MaterialController.php on line 19.
 1 SYSTEMPATH\CodeIgniter.php(903): App\Controllers\MaterialController->__construct()
 2 SYSTEMPATH\CodeIgniter.php(500): CodeIgniter\CodeIgniter->createController()
 3 SYSTEMPATH\CodeIgniter.php(355): CodeIgniter\CodeIgniter->handleRequest(null, Object(Config\Cache), false)
 4 SYSTEMPATH\Boot.php(325): CodeIgniter\CodeIgniter->run()
 5 SYSTEMPATH\Boot.php(67): CodeIgniter\Boot::runCodeIgniter(Object(CodeIgniter\CodeIgniter))
 6 FCPATH\index.php(56): CodeIgniter\Boot::bootWeb(Object(Config\Paths))
WARNING - 2025-08-05 11:36:15 --> [DEPRECATED] Creation of dynamic property App\Controllers\MaterialController::$userValidation is deprecated in APPPATH\Controllers\MaterialController.php on line 20.
 1 SYSTEMPATH\CodeIgniter.php(903): App\Controllers\MaterialController->__construct()
 2 SYSTEMPATH\CodeIgniter.php(500): CodeIgniter\CodeIgniter->createController()
 3 SYSTEMPATH\CodeIgniter.php(355): CodeIgniter\CodeIgniter->handleRequest(null, Object(Config\Cache), false)
 4 SYSTEMPATH\Boot.php(325): CodeIgniter\CodeIgniter->run()
 5 SYSTEMPATH\Boot.php(67): CodeIgniter\Boot::runCodeIgniter(Object(CodeIgniter\CodeIgniter))
 6 FCPATH\index.php(56): CodeIgniter\Boot::bootWeb(Object(Config\Paths))
INFO - 2025-08-05 11:36:15 --> Session: Class initialized using 'CodeIgniter\Session\Handlers\FileHandler' driver.
WARNING - 2025-08-05 11:36:15 --> [DEPRECATED] Creation of dynamic property App\Controllers\MaterialController::$db is deprecated in APPPATH\Controllers\MaterialController.php on line 15.
 1 SYSTEMPATH\CodeIgniter.php(903): App\Controllers\MaterialController->__construct()
 2 SYSTEMPATH\CodeIgniter.php(500): CodeIgniter\CodeIgniter->createController()
 3 SYSTEMPATH\CodeIgniter.php(355): CodeIgniter\CodeIgniter->handleRequest(null, Object(Config\Cache), false)
 4 SYSTEMPATH\Boot.php(325): CodeIgniter\CodeIgniter->run()
 5 SYSTEMPATH\Boot.php(67): CodeIgniter\Boot::runCodeIgniter(Object(CodeIgniter\CodeIgniter))
 6 FCPATH\index.php(56): CodeIgniter\Boot::bootWeb(Object(Config\Paths))
WARNING - 2025-08-05 11:36:15 --> [DEPRECATED] Creation of dynamic property App\Controllers\MaterialController::$session is deprecated in APPPATH\Controllers\MaterialController.php on line 16.
 1 SYSTEMPATH\CodeIgniter.php(903): App\Controllers\MaterialController->__construct()
 2 SYSTEMPATH\CodeIgniter.php(500): CodeIgniter\CodeIgniter->createController()
 3 SYSTEMPATH\CodeIgniter.php(355): CodeIgniter\CodeIgniter->handleRequest(null, Object(Config\Cache), false)
 4 SYSTEMPATH\Boot.php(325): CodeIgniter\CodeIgniter->run()
 5 SYSTEMPATH\Boot.php(67): CodeIgniter\Boot::runCodeIgniter(Object(CodeIgniter\CodeIgniter))
 6 FCPATH\index.php(56): CodeIgniter\Boot::bootWeb(Object(Config\Paths))
WARNING - 2025-08-05 11:36:15 --> [DEPRECATED] Creation of dynamic property App\Controllers\MaterialController::$uri is deprecated in APPPATH\Controllers\MaterialController.php on line 17.
 1 SYSTEMPATH\CodeIgniter.php(903): App\Controllers\MaterialController->__construct()
 2 SYSTEMPATH\CodeIgniter.php(500): CodeIgniter\CodeIgniter->createController()
 3 SYSTEMPATH\CodeIgniter.php(355): CodeIgniter\CodeIgniter->handleRequest(null, Object(Config\Cache), false)
 4 SYSTEMPATH\Boot.php(325): CodeIgniter\CodeIgniter->run()
 5 SYSTEMPATH\Boot.php(67): CodeIgniter\Boot::runCodeIgniter(Object(CodeIgniter\CodeIgniter))
 6 FCPATH\index.php(56): CodeIgniter\Boot::bootWeb(Object(Config\Paths))
WARNING - 2025-08-05 11:36:15 --> [DEPRECATED] Creation of dynamic property App\Controllers\MaterialController::$form_validation is deprecated in APPPATH\Controllers\MaterialController.php on line 19.
 1 SYSTEMPATH\CodeIgniter.php(903): App\Controllers\MaterialController->__construct()
 2 SYSTEMPATH\CodeIgniter.php(500): CodeIgniter\CodeIgniter->createController()
 3 SYSTEMPATH\CodeIgniter.php(355): CodeIgniter\CodeIgniter->handleRequest(null, Object(Config\Cache), false)
 4 SYSTEMPATH\Boot.php(325): CodeIgniter\CodeIgniter->run()
 5 SYSTEMPATH\Boot.php(67): CodeIgniter\Boot::runCodeIgniter(Object(CodeIgniter\CodeIgniter))
 6 FCPATH\index.php(56): CodeIgniter\Boot::bootWeb(Object(Config\Paths))
WARNING - 2025-08-05 11:36:15 --> [DEPRECATED] Creation of dynamic property App\Controllers\MaterialController::$userValidation is deprecated in APPPATH\Controllers\MaterialController.php on line 20.
 1 SYSTEMPATH\CodeIgniter.php(903): App\Controllers\MaterialController->__construct()
 2 SYSTEMPATH\CodeIgniter.php(500): CodeIgniter\CodeIgniter->createController()
 3 SYSTEMPATH\CodeIgniter.php(355): CodeIgniter\CodeIgniter->handleRequest(null, Object(Config\Cache), false)
 4 SYSTEMPATH\Boot.php(325): CodeIgniter\CodeIgniter->run()
 5 SYSTEMPATH\Boot.php(67): CodeIgniter\Boot::runCodeIgniter(Object(CodeIgniter\CodeIgniter))
 6 FCPATH\index.php(56): CodeIgniter\Boot::bootWeb(Object(Config\Paths))
INFO - 2025-08-05 11:36:16 --> Session: Class initialized using 'CodeIgniter\Session\Handlers\FileHandler' driver.
WARNING - 2025-08-05 11:36:16 --> [DEPRECATED] Creation of dynamic property App\Controllers\MaterialController::$db is deprecated in APPPATH\Controllers\MaterialController.php on line 15.
 1 SYSTEMPATH\CodeIgniter.php(903): App\Controllers\MaterialController->__construct()
 2 SYSTEMPATH\CodeIgniter.php(500): CodeIgniter\CodeIgniter->createController()
 3 SYSTEMPATH\CodeIgniter.php(355): CodeIgniter\CodeIgniter->handleRequest(null, Object(Config\Cache), false)
 4 SYSTEMPATH\Boot.php(325): CodeIgniter\CodeIgniter->run()
 5 SYSTEMPATH\Boot.php(67): CodeIgniter\Boot::runCodeIgniter(Object(CodeIgniter\CodeIgniter))
 6 FCPATH\index.php(56): CodeIgniter\Boot::bootWeb(Object(Config\Paths))
WARNING - 2025-08-05 11:36:16 --> [DEPRECATED] Creation of dynamic property App\Controllers\MaterialController::$session is deprecated in APPPATH\Controllers\MaterialController.php on line 16.
 1 SYSTEMPATH\CodeIgniter.php(903): App\Controllers\MaterialController->__construct()
 2 SYSTEMPATH\CodeIgniter.php(500): CodeIgniter\CodeIgniter->createController()
 3 SYSTEMPATH\CodeIgniter.php(355): CodeIgniter\CodeIgniter->handleRequest(null, Object(Config\Cache), false)
 4 SYSTEMPATH\Boot.php(325): CodeIgniter\CodeIgniter->run()
 5 SYSTEMPATH\Boot.php(67): CodeIgniter\Boot::runCodeIgniter(Object(CodeIgniter\CodeIgniter))
 6 FCPATH\index.php(56): CodeIgniter\Boot::bootWeb(Object(Config\Paths))
WARNING - 2025-08-05 11:36:16 --> [DEPRECATED] Creation of dynamic property App\Controllers\MaterialController::$uri is deprecated in APPPATH\Controllers\MaterialController.php on line 17.
 1 SYSTEMPATH\CodeIgniter.php(903): App\Controllers\MaterialController->__construct()
 2 SYSTEMPATH\CodeIgniter.php(500): CodeIgniter\CodeIgniter->createController()
 3 SYSTEMPATH\CodeIgniter.php(355): CodeIgniter\CodeIgniter->handleRequest(null, Object(Config\Cache), false)
 4 SYSTEMPATH\Boot.php(325): CodeIgniter\CodeIgniter->run()
 5 SYSTEMPATH\Boot.php(67): CodeIgniter\Boot::runCodeIgniter(Object(CodeIgniter\CodeIgniter))
 6 FCPATH\index.php(56): CodeIgniter\Boot::bootWeb(Object(Config\Paths))
WARNING - 2025-08-05 11:36:16 --> [DEPRECATED] Creation of dynamic property App\Controllers\MaterialController::$form_validation is deprecated in APPPATH\Controllers\MaterialController.php on line 19.
 1 SYSTEMPATH\CodeIgniter.php(903): App\Controllers\MaterialController->__construct()
 2 SYSTEMPATH\CodeIgniter.php(500): CodeIgniter\CodeIgniter->createController()
 3 SYSTEMPATH\CodeIgniter.php(355): CodeIgniter\CodeIgniter->handleRequest(null, Object(Config\Cache), false)
 4 SYSTEMPATH\Boot.php(325): CodeIgniter\CodeIgniter->run()
 5 SYSTEMPATH\Boot.php(67): CodeIgniter\Boot::runCodeIgniter(Object(CodeIgniter\CodeIgniter))
 6 FCPATH\index.php(56): CodeIgniter\Boot::bootWeb(Object(Config\Paths))
WARNING - 2025-08-05 11:36:16 --> [DEPRECATED] Creation of dynamic property App\Controllers\MaterialController::$userValidation is deprecated in APPPATH\Controllers\MaterialController.php on line 20.
 1 SYSTEMPATH\CodeIgniter.php(903): App\Controllers\MaterialController->__construct()
 2 SYSTEMPATH\CodeIgniter.php(500): CodeIgniter\CodeIgniter->createController()
 3 SYSTEMPATH\CodeIgniter.php(355): CodeIgniter\CodeIgniter->handleRequest(null, Object(Config\Cache), false)
 4 SYSTEMPATH\Boot.php(325): CodeIgniter\CodeIgniter->run()
 5 SYSTEMPATH\Boot.php(67): CodeIgniter\Boot::runCodeIgniter(Object(CodeIgniter\CodeIgniter))
 6 FCPATH\index.php(56): CodeIgniter\Boot::bootWeb(Object(Config\Paths))
INFO - 2025-08-05 11:36:16 --> Session: Class initialized using 'CodeIgniter\Session\Handlers\FileHandler' driver.
WARNING - 2025-08-05 11:36:16 --> [DEPRECATED] Creation of dynamic property App\Controllers\MaterialController::$db is deprecated in APPPATH\Controllers\MaterialController.php on line 15.
 1 SYSTEMPATH\CodeIgniter.php(903): App\Controllers\MaterialController->__construct()
 2 SYSTEMPATH\CodeIgniter.php(500): CodeIgniter\CodeIgniter->createController()
 3 SYSTEMPATH\CodeIgniter.php(355): CodeIgniter\CodeIgniter->handleRequest(null, Object(Config\Cache), false)
 4 SYSTEMPATH\Boot.php(325): CodeIgniter\CodeIgniter->run()
 5 SYSTEMPATH\Boot.php(67): CodeIgniter\Boot::runCodeIgniter(Object(CodeIgniter\CodeIgniter))
 6 FCPATH\index.php(56): CodeIgniter\Boot::bootWeb(Object(Config\Paths))
WARNING - 2025-08-05 11:36:16 --> [DEPRECATED] Creation of dynamic property App\Controllers\MaterialController::$session is deprecated in APPPATH\Controllers\MaterialController.php on line 16.
 1 SYSTEMPATH\CodeIgniter.php(903): App\Controllers\MaterialController->__construct()
 2 SYSTEMPATH\CodeIgniter.php(500): CodeIgniter\CodeIgniter->createController()
 3 SYSTEMPATH\CodeIgniter.php(355): CodeIgniter\CodeIgniter->handleRequest(null, Object(Config\Cache), false)
 4 SYSTEMPATH\Boot.php(325): CodeIgniter\CodeIgniter->run()
 5 SYSTEMPATH\Boot.php(67): CodeIgniter\Boot::runCodeIgniter(Object(CodeIgniter\CodeIgniter))
 6 FCPATH\index.php(56): CodeIgniter\Boot::bootWeb(Object(Config\Paths))
WARNING - 2025-08-05 11:36:16 --> [DEPRECATED] Creation of dynamic property App\Controllers\MaterialController::$uri is deprecated in APPPATH\Controllers\MaterialController.php on line 17.
 1 SYSTEMPATH\CodeIgniter.php(903): App\Controllers\MaterialController->__construct()
 2 SYSTEMPATH\CodeIgniter.php(500): CodeIgniter\CodeIgniter->createController()
 3 SYSTEMPATH\CodeIgniter.php(355): CodeIgniter\CodeIgniter->handleRequest(null, Object(Config\Cache), false)
 4 SYSTEMPATH\Boot.php(325): CodeIgniter\CodeIgniter->run()
 5 SYSTEMPATH\Boot.php(67): CodeIgniter\Boot::runCodeIgniter(Object(CodeIgniter\CodeIgniter))
 6 FCPATH\index.php(56): CodeIgniter\Boot::bootWeb(Object(Config\Paths))
WARNING - 2025-08-05 11:36:16 --> [DEPRECATED] Creation of dynamic property App\Controllers\MaterialController::$form_validation is deprecated in APPPATH\Controllers\MaterialController.php on line 19.
 1 SYSTEMPATH\CodeIgniter.php(903): App\Controllers\MaterialController->__construct()
 2 SYSTEMPATH\CodeIgniter.php(500): CodeIgniter\CodeIgniter->createController()
 3 SYSTEMPATH\CodeIgniter.php(355): CodeIgniter\CodeIgniter->handleRequest(null, Object(Config\Cache), false)
 4 SYSTEMPATH\Boot.php(325): CodeIgniter\CodeIgniter->run()
 5 SYSTEMPATH\Boot.php(67): CodeIgniter\Boot::runCodeIgniter(Object(CodeIgniter\CodeIgniter))
 6 FCPATH\index.php(56): CodeIgniter\Boot::bootWeb(Object(Config\Paths))
WARNING - 2025-08-05 11:36:16 --> [DEPRECATED] Creation of dynamic property App\Controllers\MaterialController::$userValidation is deprecated in APPPATH\Controllers\MaterialController.php on line 20.
 1 SYSTEMPATH\CodeIgniter.php(903): App\Controllers\MaterialController->__construct()
 2 SYSTEMPATH\CodeIgniter.php(500): CodeIgniter\CodeIgniter->createController()
 3 SYSTEMPATH\CodeIgniter.php(355): CodeIgniter\CodeIgniter->handleRequest(null, Object(Config\Cache), false)
 4 SYSTEMPATH\Boot.php(325): CodeIgniter\CodeIgniter->run()
 5 SYSTEMPATH\Boot.php(67): CodeIgniter\Boot::runCodeIgniter(Object(CodeIgniter\CodeIgniter))
 6 FCPATH\index.php(56): CodeIgniter\Boot::bootWeb(Object(Config\Paths))
INFO - 2025-08-05 11:36:17 --> Session: Class initialized using 'CodeIgniter\Session\Handlers\FileHandler' driver.
WARNING - 2025-08-05 11:36:17 --> [DEPRECATED] Creation of dynamic property App\Controllers\MaterialController::$db is deprecated in APPPATH\Controllers\MaterialController.php on line 15.
 1 SYSTEMPATH\CodeIgniter.php(903): App\Controllers\MaterialController->__construct()
 2 SYSTEMPATH\CodeIgniter.php(500): CodeIgniter\CodeIgniter->createController()
 3 SYSTEMPATH\CodeIgniter.php(355): CodeIgniter\CodeIgniter->handleRequest(null, Object(Config\Cache), false)
 4 SYSTEMPATH\Boot.php(325): CodeIgniter\CodeIgniter->run()
 5 SYSTEMPATH\Boot.php(67): CodeIgniter\Boot::runCodeIgniter(Object(CodeIgniter\CodeIgniter))
 6 FCPATH\index.php(56): CodeIgniter\Boot::bootWeb(Object(Config\Paths))
WARNING - 2025-08-05 11:36:17 --> [DEPRECATED] Creation of dynamic property App\Controllers\MaterialController::$session is deprecated in APPPATH\Controllers\MaterialController.php on line 16.
 1 SYSTEMPATH\CodeIgniter.php(903): App\Controllers\MaterialController->__construct()
 2 SYSTEMPATH\CodeIgniter.php(500): CodeIgniter\CodeIgniter->createController()
 3 SYSTEMPATH\CodeIgniter.php(355): CodeIgniter\CodeIgniter->handleRequest(null, Object(Config\Cache), false)
 4 SYSTEMPATH\Boot.php(325): CodeIgniter\CodeIgniter->run()
 5 SYSTEMPATH\Boot.php(67): CodeIgniter\Boot::runCodeIgniter(Object(CodeIgniter\CodeIgniter))
 6 FCPATH\index.php(56): CodeIgniter\Boot::bootWeb(Object(Config\Paths))
WARNING - 2025-08-05 11:36:17 --> [DEPRECATED] Creation of dynamic property App\Controllers\MaterialController::$uri is deprecated in APPPATH\Controllers\MaterialController.php on line 17.
 1 SYSTEMPATH\CodeIgniter.php(903): App\Controllers\MaterialController->__construct()
 2 SYSTEMPATH\CodeIgniter.php(500): CodeIgniter\CodeIgniter->createController()
 3 SYSTEMPATH\CodeIgniter.php(355): CodeIgniter\CodeIgniter->handleRequest(null, Object(Config\Cache), false)
 4 SYSTEMPATH\Boot.php(325): CodeIgniter\CodeIgniter->run()
 5 SYSTEMPATH\Boot.php(67): CodeIgniter\Boot::runCodeIgniter(Object(CodeIgniter\CodeIgniter))
 6 FCPATH\index.php(56): CodeIgniter\Boot::bootWeb(Object(Config\Paths))
WARNING - 2025-08-05 11:36:17 --> [DEPRECATED] Creation of dynamic property App\Controllers\MaterialController::$form_validation is deprecated in APPPATH\Controllers\MaterialController.php on line 19.
 1 SYSTEMPATH\CodeIgniter.php(903): App\Controllers\MaterialController->__construct()
 2 SYSTEMPATH\CodeIgniter.php(500): CodeIgniter\CodeIgniter->createController()
 3 SYSTEMPATH\CodeIgniter.php(355): CodeIgniter\CodeIgniter->handleRequest(null, Object(Config\Cache), false)
 4 SYSTEMPATH\Boot.php(325): CodeIgniter\CodeIgniter->run()
 5 SYSTEMPATH\Boot.php(67): CodeIgniter\Boot::runCodeIgniter(Object(CodeIgniter\CodeIgniter))
 6 FCPATH\index.php(56): CodeIgniter\Boot::bootWeb(Object(Config\Paths))
WARNING - 2025-08-05 11:36:17 --> [DEPRECATED] Creation of dynamic property App\Controllers\MaterialController::$userValidation is deprecated in APPPATH\Controllers\MaterialController.php on line 20.
 1 SYSTEMPATH\CodeIgniter.php(903): App\Controllers\MaterialController->__construct()
 2 SYSTEMPATH\CodeIgniter.php(500): CodeIgniter\CodeIgniter->createController()
 3 SYSTEMPATH\CodeIgniter.php(355): CodeIgniter\CodeIgniter->handleRequest(null, Object(Config\Cache), false)
 4 SYSTEMPATH\Boot.php(325): CodeIgniter\CodeIgniter->run()
 5 SYSTEMPATH\Boot.php(67): CodeIgniter\Boot::runCodeIgniter(Object(CodeIgniter\CodeIgniter))
 6 FCPATH\index.php(56): CodeIgniter\Boot::bootWeb(Object(Config\Paths))
INFO - 2025-08-05 11:36:18 --> Session: Class initialized using 'CodeIgniter\Session\Handlers\FileHandler' driver.
WARNING - 2025-08-05 11:36:18 --> [DEPRECATED] Creation of dynamic property App\Controllers\MaterialController::$db is deprecated in APPPATH\Controllers\MaterialController.php on line 15.
 1 SYSTEMPATH\CodeIgniter.php(903): App\Controllers\MaterialController->__construct()
 2 SYSTEMPATH\CodeIgniter.php(500): CodeIgniter\CodeIgniter->createController()
 3 SYSTEMPATH\CodeIgniter.php(355): CodeIgniter\CodeIgniter->handleRequest(null, Object(Config\Cache), false)
 4 SYSTEMPATH\Boot.php(325): CodeIgniter\CodeIgniter->run()
 5 SYSTEMPATH\Boot.php(67): CodeIgniter\Boot::runCodeIgniter(Object(CodeIgniter\CodeIgniter))
 6 FCPATH\index.php(56): CodeIgniter\Boot::bootWeb(Object(Config\Paths))
WARNING - 2025-08-05 11:36:18 --> [DEPRECATED] Creation of dynamic property App\Controllers\MaterialController::$session is deprecated in APPPATH\Controllers\MaterialController.php on line 16.
 1 SYSTEMPATH\CodeIgniter.php(903): App\Controllers\MaterialController->__construct()
 2 SYSTEMPATH\CodeIgniter.php(500): CodeIgniter\CodeIgniter->createController()
 3 SYSTEMPATH\CodeIgniter.php(355): CodeIgniter\CodeIgniter->handleRequest(null, Object(Config\Cache), false)
 4 SYSTEMPATH\Boot.php(325): CodeIgniter\CodeIgniter->run()
 5 SYSTEMPATH\Boot.php(67): CodeIgniter\Boot::runCodeIgniter(Object(CodeIgniter\CodeIgniter))
 6 FCPATH\index.php(56): CodeIgniter\Boot::bootWeb(Object(Config\Paths))
WARNING - 2025-08-05 11:36:18 --> [DEPRECATED] Creation of dynamic property App\Controllers\MaterialController::$uri is deprecated in APPPATH\Controllers\MaterialController.php on line 17.
 1 SYSTEMPATH\CodeIgniter.php(903): App\Controllers\MaterialController->__construct()
 2 SYSTEMPATH\CodeIgniter.php(500): CodeIgniter\CodeIgniter->createController()
 3 SYSTEMPATH\CodeIgniter.php(355): CodeIgniter\CodeIgniter->handleRequest(null, Object(Config\Cache), false)
 4 SYSTEMPATH\Boot.php(325): CodeIgniter\CodeIgniter->run()
 5 SYSTEMPATH\Boot.php(67): CodeIgniter\Boot::runCodeIgniter(Object(CodeIgniter\CodeIgniter))
 6 FCPATH\index.php(56): CodeIgniter\Boot::bootWeb(Object(Config\Paths))
WARNING - 2025-08-05 11:36:18 --> [DEPRECATED] Creation of dynamic property App\Controllers\MaterialController::$form_validation is deprecated in APPPATH\Controllers\MaterialController.php on line 19.
 1 SYSTEMPATH\CodeIgniter.php(903): App\Controllers\MaterialController->__construct()
 2 SYSTEMPATH\CodeIgniter.php(500): CodeIgniter\CodeIgniter->createController()
 3 SYSTEMPATH\CodeIgniter.php(355): CodeIgniter\CodeIgniter->handleRequest(null, Object(Config\Cache), false)
 4 SYSTEMPATH\Boot.php(325): CodeIgniter\CodeIgniter->run()
 5 SYSTEMPATH\Boot.php(67): CodeIgniter\Boot::runCodeIgniter(Object(CodeIgniter\CodeIgniter))
 6 FCPATH\index.php(56): CodeIgniter\Boot::bootWeb(Object(Config\Paths))
WARNING - 2025-08-05 11:36:18 --> [DEPRECATED] Creation of dynamic property App\Controllers\MaterialController::$userValidation is deprecated in APPPATH\Controllers\MaterialController.php on line 20.
 1 SYSTEMPATH\CodeIgniter.php(903): App\Controllers\MaterialController->__construct()
 2 SYSTEMPATH\CodeIgniter.php(500): CodeIgniter\CodeIgniter->createController()
 3 SYSTEMPATH\CodeIgniter.php(355): CodeIgniter\CodeIgniter->handleRequest(null, Object(Config\Cache), false)
 4 SYSTEMPATH\Boot.php(325): CodeIgniter\CodeIgniter->run()
 5 SYSTEMPATH\Boot.php(67): CodeIgniter\Boot::runCodeIgniter(Object(CodeIgniter\CodeIgniter))
 6 FCPATH\index.php(56): CodeIgniter\Boot::bootWeb(Object(Config\Paths))
INFO - 2025-08-05 11:36:20 --> Session: Class initialized using 'CodeIgniter\Session\Handlers\FileHandler' driver.
WARNING - 2025-08-05 11:36:20 --> [DEPRECATED] Creation of dynamic property App\Controllers\MaterialController::$db is deprecated in APPPATH\Controllers\MaterialController.php on line 15.
 1 SYSTEMPATH\CodeIgniter.php(903): App\Controllers\MaterialController->__construct()
 2 SYSTEMPATH\CodeIgniter.php(500): CodeIgniter\CodeIgniter->createController()
 3 SYSTEMPATH\CodeIgniter.php(355): CodeIgniter\CodeIgniter->handleRequest(null, Object(Config\Cache), false)
 4 SYSTEMPATH\Boot.php(325): CodeIgniter\CodeIgniter->run()
 5 SYSTEMPATH\Boot.php(67): CodeIgniter\Boot::runCodeIgniter(Object(CodeIgniter\CodeIgniter))
 6 FCPATH\index.php(56): CodeIgniter\Boot::bootWeb(Object(Config\Paths))
WARNING - 2025-08-05 11:36:20 --> [DEPRECATED] Creation of dynamic property App\Controllers\MaterialController::$session is deprecated in APPPATH\Controllers\MaterialController.php on line 16.
 1 SYSTEMPATH\CodeIgniter.php(903): App\Controllers\MaterialController->__construct()
 2 SYSTEMPATH\CodeIgniter.php(500): CodeIgniter\CodeIgniter->createController()
 3 SYSTEMPATH\CodeIgniter.php(355): CodeIgniter\CodeIgniter->handleRequest(null, Object(Config\Cache), false)
 4 SYSTEMPATH\Boot.php(325): CodeIgniter\CodeIgniter->run()
 5 SYSTEMPATH\Boot.php(67): CodeIgniter\Boot::runCodeIgniter(Object(CodeIgniter\CodeIgniter))
 6 FCPATH\index.php(56): CodeIgniter\Boot::bootWeb(Object(Config\Paths))
WARNING - 2025-08-05 11:36:20 --> [DEPRECATED] Creation of dynamic property App\Controllers\MaterialController::$uri is deprecated in APPPATH\Controllers\MaterialController.php on line 17.
 1 SYSTEMPATH\CodeIgniter.php(903): App\Controllers\MaterialController->__construct()
 2 SYSTEMPATH\CodeIgniter.php(500): CodeIgniter\CodeIgniter->createController()
 3 SYSTEMPATH\CodeIgniter.php(355): CodeIgniter\CodeIgniter->handleRequest(null, Object(Config\Cache), false)
 4 SYSTEMPATH\Boot.php(325): CodeIgniter\CodeIgniter->run()
 5 SYSTEMPATH\Boot.php(67): CodeIgniter\Boot::runCodeIgniter(Object(CodeIgniter\CodeIgniter))
 6 FCPATH\index.php(56): CodeIgniter\Boot::bootWeb(Object(Config\Paths))
WARNING - 2025-08-05 11:36:20 --> [DEPRECATED] Creation of dynamic property App\Controllers\MaterialController::$form_validation is deprecated in APPPATH\Controllers\MaterialController.php on line 19.
 1 SYSTEMPATH\CodeIgniter.php(903): App\Controllers\MaterialController->__construct()
 2 SYSTEMPATH\CodeIgniter.php(500): CodeIgniter\CodeIgniter->createController()
 3 SYSTEMPATH\CodeIgniter.php(355): CodeIgniter\CodeIgniter->handleRequest(null, Object(Config\Cache), false)
 4 SYSTEMPATH\Boot.php(325): CodeIgniter\CodeIgniter->run()
 5 SYSTEMPATH\Boot.php(67): CodeIgniter\Boot::runCodeIgniter(Object(CodeIgniter\CodeIgniter))
 6 FCPATH\index.php(56): CodeIgniter\Boot::bootWeb(Object(Config\Paths))
WARNING - 2025-08-05 11:36:20 --> [DEPRECATED] Creation of dynamic property App\Controllers\MaterialController::$userValidation is deprecated in APPPATH\Controllers\MaterialController.php on line 20.
 1 SYSTEMPATH\CodeIgniter.php(903): App\Controllers\MaterialController->__construct()
 2 SYSTEMPATH\CodeIgniter.php(500): CodeIgniter\CodeIgniter->createController()
 3 SYSTEMPATH\CodeIgniter.php(355): CodeIgniter\CodeIgniter->handleRequest(null, Object(Config\Cache), false)
 4 SYSTEMPATH\Boot.php(325): CodeIgniter\CodeIgniter->run()
 5 SYSTEMPATH\Boot.php(67): CodeIgniter\Boot::runCodeIgniter(Object(CodeIgniter\CodeIgniter))
 6 FCPATH\index.php(56): CodeIgniter\Boot::bootWeb(Object(Config\Paths))
INFO - 2025-08-05 11:36:21 --> Session: Class initialized using 'CodeIgniter\Session\Handlers\FileHandler' driver.
WARNING - 2025-08-05 11:36:21 --> [DEPRECATED] Creation of dynamic property App\Controllers\MaterialController::$db is deprecated in APPPATH\Controllers\MaterialController.php on line 15.
 1 SYSTEMPATH\CodeIgniter.php(903): App\Controllers\MaterialController->__construct()
 2 SYSTEMPATH\CodeIgniter.php(500): CodeIgniter\CodeIgniter->createController()
 3 SYSTEMPATH\CodeIgniter.php(355): CodeIgniter\CodeIgniter->handleRequest(null, Object(Config\Cache), false)
 4 SYSTEMPATH\Boot.php(325): CodeIgniter\CodeIgniter->run()
 5 SYSTEMPATH\Boot.php(67): CodeIgniter\Boot::runCodeIgniter(Object(CodeIgniter\CodeIgniter))
 6 FCPATH\index.php(56): CodeIgniter\Boot::bootWeb(Object(Config\Paths))
WARNING - 2025-08-05 11:36:21 --> [DEPRECATED] Creation of dynamic property App\Controllers\MaterialController::$session is deprecated in APPPATH\Controllers\MaterialController.php on line 16.
 1 SYSTEMPATH\CodeIgniter.php(903): App\Controllers\MaterialController->__construct()
 2 SYSTEMPATH\CodeIgniter.php(500): CodeIgniter\CodeIgniter->createController()
 3 SYSTEMPATH\CodeIgniter.php(355): CodeIgniter\CodeIgniter->handleRequest(null, Object(Config\Cache), false)
 4 SYSTEMPATH\Boot.php(325): CodeIgniter\CodeIgniter->run()
 5 SYSTEMPATH\Boot.php(67): CodeIgniter\Boot::runCodeIgniter(Object(CodeIgniter\CodeIgniter))
 6 FCPATH\index.php(56): CodeIgniter\Boot::bootWeb(Object(Config\Paths))
WARNING - 2025-08-05 11:36:21 --> [DEPRECATED] Creation of dynamic property App\Controllers\MaterialController::$uri is deprecated in APPPATH\Controllers\MaterialController.php on line 17.
 1 SYSTEMPATH\CodeIgniter.php(903): App\Controllers\MaterialController->__construct()
 2 SYSTEMPATH\CodeIgniter.php(500): CodeIgniter\CodeIgniter->createController()
 3 SYSTEMPATH\CodeIgniter.php(355): CodeIgniter\CodeIgniter->handleRequest(null, Object(Config\Cache), false)
 4 SYSTEMPATH\Boot.php(325): CodeIgniter\CodeIgniter->run()
 5 SYSTEMPATH\Boot.php(67): CodeIgniter\Boot::runCodeIgniter(Object(CodeIgniter\CodeIgniter))
 6 FCPATH\index.php(56): CodeIgniter\Boot::bootWeb(Object(Config\Paths))
WARNING - 2025-08-05 11:36:21 --> [DEPRECATED] Creation of dynamic property App\Controllers\MaterialController::$form_validation is deprecated in APPPATH\Controllers\MaterialController.php on line 19.
 1 SYSTEMPATH\CodeIgniter.php(903): App\Controllers\MaterialController->__construct()
 2 SYSTEMPATH\CodeIgniter.php(500): CodeIgniter\CodeIgniter->createController()
 3 SYSTEMPATH\CodeIgniter.php(355): CodeIgniter\CodeIgniter->handleRequest(null, Object(Config\Cache), false)
 4 SYSTEMPATH\Boot.php(325): CodeIgniter\CodeIgniter->run()
 5 SYSTEMPATH\Boot.php(67): CodeIgniter\Boot::runCodeIgniter(Object(CodeIgniter\CodeIgniter))
 6 FCPATH\index.php(56): CodeIgniter\Boot::bootWeb(Object(Config\Paths))
WARNING - 2025-08-05 11:36:21 --> [DEPRECATED] Creation of dynamic property App\Controllers\MaterialController::$userValidation is deprecated in APPPATH\Controllers\MaterialController.php on line 20.
 1 SYSTEMPATH\CodeIgniter.php(903): App\Controllers\MaterialController->__construct()
 2 SYSTEMPATH\CodeIgniter.php(500): CodeIgniter\CodeIgniter->createController()
 3 SYSTEMPATH\CodeIgniter.php(355): CodeIgniter\CodeIgniter->handleRequest(null, Object(Config\Cache), false)
 4 SYSTEMPATH\Boot.php(325): CodeIgniter\CodeIgniter->run()
 5 SYSTEMPATH\Boot.php(67): CodeIgniter\Boot::runCodeIgniter(Object(CodeIgniter\CodeIgniter))
 6 FCPATH\index.php(56): CodeIgniter\Boot::bootWeb(Object(Config\Paths))
INFO - 2025-08-05 11:36:21 --> Session: Class initialized using 'CodeIgniter\Session\Handlers\FileHandler' driver.
WARNING - 2025-08-05 11:36:21 --> [DEPRECATED] Creation of dynamic property App\Controllers\MaterialController::$db is deprecated in APPPATH\Controllers\MaterialController.php on line 15.
 1 SYSTEMPATH\CodeIgniter.php(903): App\Controllers\MaterialController->__construct()
 2 SYSTEMPATH\CodeIgniter.php(500): CodeIgniter\CodeIgniter->createController()
 3 SYSTEMPATH\CodeIgniter.php(355): CodeIgniter\CodeIgniter->handleRequest(null, Object(Config\Cache), false)
 4 SYSTEMPATH\Boot.php(325): CodeIgniter\CodeIgniter->run()
 5 SYSTEMPATH\Boot.php(67): CodeIgniter\Boot::runCodeIgniter(Object(CodeIgniter\CodeIgniter))
 6 FCPATH\index.php(56): CodeIgniter\Boot::bootWeb(Object(Config\Paths))
WARNING - 2025-08-05 11:36:21 --> [DEPRECATED] Creation of dynamic property App\Controllers\MaterialController::$session is deprecated in APPPATH\Controllers\MaterialController.php on line 16.
 1 SYSTEMPATH\CodeIgniter.php(903): App\Controllers\MaterialController->__construct()
 2 SYSTEMPATH\CodeIgniter.php(500): CodeIgniter\CodeIgniter->createController()
 3 SYSTEMPATH\CodeIgniter.php(355): CodeIgniter\CodeIgniter->handleRequest(null, Object(Config\Cache), false)
 4 SYSTEMPATH\Boot.php(325): CodeIgniter\CodeIgniter->run()
 5 SYSTEMPATH\Boot.php(67): CodeIgniter\Boot::runCodeIgniter(Object(CodeIgniter\CodeIgniter))
 6 FCPATH\index.php(56): CodeIgniter\Boot::bootWeb(Object(Config\Paths))
WARNING - 2025-08-05 11:36:21 --> [DEPRECATED] Creation of dynamic property App\Controllers\MaterialController::$uri is deprecated in APPPATH\Controllers\MaterialController.php on line 17.
 1 SYSTEMPATH\CodeIgniter.php(903): App\Controllers\MaterialController->__construct()
 2 SYSTEMPATH\CodeIgniter.php(500): CodeIgniter\CodeIgniter->createController()
 3 SYSTEMPATH\CodeIgniter.php(355): CodeIgniter\CodeIgniter->handleRequest(null, Object(Config\Cache), false)
 4 SYSTEMPATH\Boot.php(325): CodeIgniter\CodeIgniter->run()
 5 SYSTEMPATH\Boot.php(67): CodeIgniter\Boot::runCodeIgniter(Object(CodeIgniter\CodeIgniter))
 6 FCPATH\index.php(56): CodeIgniter\Boot::bootWeb(Object(Config\Paths))
WARNING - 2025-08-05 11:36:21 --> [DEPRECATED] Creation of dynamic property App\Controllers\MaterialController::$form_validation is deprecated in APPPATH\Controllers\MaterialController.php on line 19.
 1 SYSTEMPATH\CodeIgniter.php(903): App\Controllers\MaterialController->__construct()
 2 SYSTEMPATH\CodeIgniter.php(500): CodeIgniter\CodeIgniter->createController()
 3 SYSTEMPATH\CodeIgniter.php(355): CodeIgniter\CodeIgniter->handleRequest(null, Object(Config\Cache), false)
 4 SYSTEMPATH\Boot.php(325): CodeIgniter\CodeIgniter->run()
 5 SYSTEMPATH\Boot.php(67): CodeIgniter\Boot::runCodeIgniter(Object(CodeIgniter\CodeIgniter))
 6 FCPATH\index.php(56): CodeIgniter\Boot::bootWeb(Object(Config\Paths))
WARNING - 2025-08-05 11:36:21 --> [DEPRECATED] Creation of dynamic property App\Controllers\MaterialController::$userValidation is deprecated in APPPATH\Controllers\MaterialController.php on line 20.
 1 SYSTEMPATH\CodeIgniter.php(903): App\Controllers\MaterialController->__construct()
 2 SYSTEMPATH\CodeIgniter.php(500): CodeIgniter\CodeIgniter->createController()
 3 SYSTEMPATH\CodeIgniter.php(355): CodeIgniter\CodeIgniter->handleRequest(null, Object(Config\Cache), false)
 4 SYSTEMPATH\Boot.php(325): CodeIgniter\CodeIgniter->run()
 5 SYSTEMPATH\Boot.php(67): CodeIgniter\Boot::runCodeIgniter(Object(CodeIgniter\CodeIgniter))
 6 FCPATH\index.php(56): CodeIgniter\Boot::bootWeb(Object(Config\Paths))
INFO - 2025-08-05 11:36:22 --> Session: Class initialized using 'CodeIgniter\Session\Handlers\FileHandler' driver.
WARNING - 2025-08-05 11:36:22 --> [DEPRECATED] Creation of dynamic property App\Controllers\MaterialController::$db is deprecated in APPPATH\Controllers\MaterialController.php on line 15.
 1 SYSTEMPATH\CodeIgniter.php(903): App\Controllers\MaterialController->__construct()
 2 SYSTEMPATH\CodeIgniter.php(500): CodeIgniter\CodeIgniter->createController()
 3 SYSTEMPATH\CodeIgniter.php(355): CodeIgniter\CodeIgniter->handleRequest(null, Object(Config\Cache), false)
 4 SYSTEMPATH\Boot.php(325): CodeIgniter\CodeIgniter->run()
 5 SYSTEMPATH\Boot.php(67): CodeIgniter\Boot::runCodeIgniter(Object(CodeIgniter\CodeIgniter))
 6 FCPATH\index.php(56): CodeIgniter\Boot::bootWeb(Object(Config\Paths))
WARNING - 2025-08-05 11:36:22 --> [DEPRECATED] Creation of dynamic property App\Controllers\MaterialController::$session is deprecated in APPPATH\Controllers\MaterialController.php on line 16.
 1 SYSTEMPATH\CodeIgniter.php(903): App\Controllers\MaterialController->__construct()
 2 SYSTEMPATH\CodeIgniter.php(500): CodeIgniter\CodeIgniter->createController()
 3 SYSTEMPATH\CodeIgniter.php(355): CodeIgniter\CodeIgniter->handleRequest(null, Object(Config\Cache), false)
 4 SYSTEMPATH\Boot.php(325): CodeIgniter\CodeIgniter->run()
 5 SYSTEMPATH\Boot.php(67): CodeIgniter\Boot::runCodeIgniter(Object(CodeIgniter\CodeIgniter))
 6 FCPATH\index.php(56): CodeIgniter\Boot::bootWeb(Object(Config\Paths))
WARNING - 2025-08-05 11:36:22 --> [DEPRECATED] Creation of dynamic property App\Controllers\MaterialController::$uri is deprecated in APPPATH\Controllers\MaterialController.php on line 17.
 1 SYSTEMPATH\CodeIgniter.php(903): App\Controllers\MaterialController->__construct()
 2 SYSTEMPATH\CodeIgniter.php(500): CodeIgniter\CodeIgniter->createController()
 3 SYSTEMPATH\CodeIgniter.php(355): CodeIgniter\CodeIgniter->handleRequest(null, Object(Config\Cache), false)
 4 SYSTEMPATH\Boot.php(325): CodeIgniter\CodeIgniter->run()
 5 SYSTEMPATH\Boot.php(67): CodeIgniter\Boot::runCodeIgniter(Object(CodeIgniter\CodeIgniter))
 6 FCPATH\index.php(56): CodeIgniter\Boot::bootWeb(Object(Config\Paths))
WARNING - 2025-08-05 11:36:22 --> [DEPRECATED] Creation of dynamic property App\Controllers\MaterialController::$form_validation is deprecated in APPPATH\Controllers\MaterialController.php on line 19.
 1 SYSTEMPATH\CodeIgniter.php(903): App\Controllers\MaterialController->__construct()
 2 SYSTEMPATH\CodeIgniter.php(500): CodeIgniter\CodeIgniter->createController()
 3 SYSTEMPATH\CodeIgniter.php(355): CodeIgniter\CodeIgniter->handleRequest(null, Object(Config\Cache), false)
 4 SYSTEMPATH\Boot.php(325): CodeIgniter\CodeIgniter->run()
 5 SYSTEMPATH\Boot.php(67): CodeIgniter\Boot::runCodeIgniter(Object(CodeIgniter\CodeIgniter))
 6 FCPATH\index.php(56): CodeIgniter\Boot::bootWeb(Object(Config\Paths))
WARNING - 2025-08-05 11:36:22 --> [DEPRECATED] Creation of dynamic property App\Controllers\MaterialController::$userValidation is deprecated in APPPATH\Controllers\MaterialController.php on line 20.
 1 SYSTEMPATH\CodeIgniter.php(903): App\Controllers\MaterialController->__construct()
 2 SYSTEMPATH\CodeIgniter.php(500): CodeIgniter\CodeIgniter->createController()
 3 SYSTEMPATH\CodeIgniter.php(355): CodeIgniter\CodeIgniter->handleRequest(null, Object(Config\Cache), false)
 4 SYSTEMPATH\Boot.php(325): CodeIgniter\CodeIgniter->run()
 5 SYSTEMPATH\Boot.php(67): CodeIgniter\Boot::runCodeIgniter(Object(CodeIgniter\CodeIgniter))
 6 FCPATH\index.php(56): CodeIgniter\Boot::bootWeb(Object(Config\Paths))
INFO - 2025-08-05 11:36:23 --> Session: Class initialized using 'CodeIgniter\Session\Handlers\FileHandler' driver.
WARNING - 2025-08-05 11:36:23 --> [DEPRECATED] Creation of dynamic property App\Controllers\MaterialController::$db is deprecated in APPPATH\Controllers\MaterialController.php on line 15.
 1 SYSTEMPATH\CodeIgniter.php(903): App\Controllers\MaterialController->__construct()
 2 SYSTEMPATH\CodeIgniter.php(500): CodeIgniter\CodeIgniter->createController()
 3 SYSTEMPATH\CodeIgniter.php(355): CodeIgniter\CodeIgniter->handleRequest(null, Object(Config\Cache), false)
 4 SYSTEMPATH\Boot.php(325): CodeIgniter\CodeIgniter->run()
 5 SYSTEMPATH\Boot.php(67): CodeIgniter\Boot::runCodeIgniter(Object(CodeIgniter\CodeIgniter))
 6 FCPATH\index.php(56): CodeIgniter\Boot::bootWeb(Object(Config\Paths))
WARNING - 2025-08-05 11:36:23 --> [DEPRECATED] Creation of dynamic property App\Controllers\MaterialController::$session is deprecated in APPPATH\Controllers\MaterialController.php on line 16.
 1 SYSTEMPATH\CodeIgniter.php(903): App\Controllers\MaterialController->__construct()
 2 SYSTEMPATH\CodeIgniter.php(500): CodeIgniter\CodeIgniter->createController()
 3 SYSTEMPATH\CodeIgniter.php(355): CodeIgniter\CodeIgniter->handleRequest(null, Object(Config\Cache), false)
 4 SYSTEMPATH\Boot.php(325): CodeIgniter\CodeIgniter->run()
 5 SYSTEMPATH\Boot.php(67): CodeIgniter\Boot::runCodeIgniter(Object(CodeIgniter\CodeIgniter))
 6 FCPATH\index.php(56): CodeIgniter\Boot::bootWeb(Object(Config\Paths))
WARNING - 2025-08-05 11:36:23 --> [DEPRECATED] Creation of dynamic property App\Controllers\MaterialController::$uri is deprecated in APPPATH\Controllers\MaterialController.php on line 17.
 1 SYSTEMPATH\CodeIgniter.php(903): App\Controllers\MaterialController->__construct()
 2 SYSTEMPATH\CodeIgniter.php(500): CodeIgniter\CodeIgniter->createController()
 3 SYSTEMPATH\CodeIgniter.php(355): CodeIgniter\CodeIgniter->handleRequest(null, Object(Config\Cache), false)
 4 SYSTEMPATH\Boot.php(325): CodeIgniter\CodeIgniter->run()
 5 SYSTEMPATH\Boot.php(67): CodeIgniter\Boot::runCodeIgniter(Object(CodeIgniter\CodeIgniter))
 6 FCPATH\index.php(56): CodeIgniter\Boot::bootWeb(Object(Config\Paths))
WARNING - 2025-08-05 11:36:23 --> [DEPRECATED] Creation of dynamic property App\Controllers\MaterialController::$form_validation is deprecated in APPPATH\Controllers\MaterialController.php on line 19.
 1 SYSTEMPATH\CodeIgniter.php(903): App\Controllers\MaterialController->__construct()
 2 SYSTEMPATH\CodeIgniter.php(500): CodeIgniter\CodeIgniter->createController()
 3 SYSTEMPATH\CodeIgniter.php(355): CodeIgniter\CodeIgniter->handleRequest(null, Object(Config\Cache), false)
 4 SYSTEMPATH\Boot.php(325): CodeIgniter\CodeIgniter->run()
 5 SYSTEMPATH\Boot.php(67): CodeIgniter\Boot::runCodeIgniter(Object(CodeIgniter\CodeIgniter))
 6 FCPATH\index.php(56): CodeIgniter\Boot::bootWeb(Object(Config\Paths))
WARNING - 2025-08-05 11:36:23 --> [DEPRECATED] Creation of dynamic property App\Controllers\MaterialController::$userValidation is deprecated in APPPATH\Controllers\MaterialController.php on line 20.
 1 SYSTEMPATH\CodeIgniter.php(903): App\Controllers\MaterialController->__construct()
 2 SYSTEMPATH\CodeIgniter.php(500): CodeIgniter\CodeIgniter->createController()
 3 SYSTEMPATH\CodeIgniter.php(355): CodeIgniter\CodeIgniter->handleRequest(null, Object(Config\Cache), false)
 4 SYSTEMPATH\Boot.php(325): CodeIgniter\CodeIgniter->run()
 5 SYSTEMPATH\Boot.php(67): CodeIgniter\Boot::runCodeIgniter(Object(CodeIgniter\CodeIgniter))
 6 FCPATH\index.php(56): CodeIgniter\Boot::bootWeb(Object(Config\Paths))
INFO - 2025-08-05 11:36:23 --> Session: Class initialized using 'CodeIgniter\Session\Handlers\FileHandler' driver.
WARNING - 2025-08-05 11:36:23 --> [DEPRECATED] Creation of dynamic property App\Controllers\MaterialController::$db is deprecated in APPPATH\Controllers\MaterialController.php on line 15.
 1 SYSTEMPATH\CodeIgniter.php(903): App\Controllers\MaterialController->__construct()
 2 SYSTEMPATH\CodeIgniter.php(500): CodeIgniter\CodeIgniter->createController()
 3 SYSTEMPATH\CodeIgniter.php(355): CodeIgniter\CodeIgniter->handleRequest(null, Object(Config\Cache), false)
 4 SYSTEMPATH\Boot.php(325): CodeIgniter\CodeIgniter->run()
 5 SYSTEMPATH\Boot.php(67): CodeIgniter\Boot::runCodeIgniter(Object(CodeIgniter\CodeIgniter))
 6 FCPATH\index.php(56): CodeIgniter\Boot::bootWeb(Object(Config\Paths))
WARNING - 2025-08-05 11:36:23 --> [DEPRECATED] Creation of dynamic property App\Controllers\MaterialController::$session is deprecated in APPPATH\Controllers\MaterialController.php on line 16.
 1 SYSTEMPATH\CodeIgniter.php(903): App\Controllers\MaterialController->__construct()
 2 SYSTEMPATH\CodeIgniter.php(500): CodeIgniter\CodeIgniter->createController()
 3 SYSTEMPATH\CodeIgniter.php(355): CodeIgniter\CodeIgniter->handleRequest(null, Object(Config\Cache), false)
 4 SYSTEMPATH\Boot.php(325): CodeIgniter\CodeIgniter->run()
 5 SYSTEMPATH\Boot.php(67): CodeIgniter\Boot::runCodeIgniter(Object(CodeIgniter\CodeIgniter))
 6 FCPATH\index.php(56): CodeIgniter\Boot::bootWeb(Object(Config\Paths))
WARNING - 2025-08-05 11:36:23 --> [DEPRECATED] Creation of dynamic property App\Controllers\MaterialController::$uri is deprecated in APPPATH\Controllers\MaterialController.php on line 17.
 1 SYSTEMPATH\CodeIgniter.php(903): App\Controllers\MaterialController->__construct()
 2 SYSTEMPATH\CodeIgniter.php(500): CodeIgniter\CodeIgniter->createController()
 3 SYSTEMPATH\CodeIgniter.php(355): CodeIgniter\CodeIgniter->handleRequest(null, Object(Config\Cache), false)
 4 SYSTEMPATH\Boot.php(325): CodeIgniter\CodeIgniter->run()
 5 SYSTEMPATH\Boot.php(67): CodeIgniter\Boot::runCodeIgniter(Object(CodeIgniter\CodeIgniter))
 6 FCPATH\index.php(56): CodeIgniter\Boot::bootWeb(Object(Config\Paths))
WARNING - 2025-08-05 11:36:23 --> [DEPRECATED] Creation of dynamic property App\Controllers\MaterialController::$form_validation is deprecated in APPPATH\Controllers\MaterialController.php on line 19.
 1 SYSTEMPATH\CodeIgniter.php(903): App\Controllers\MaterialController->__construct()
 2 SYSTEMPATH\CodeIgniter.php(500): CodeIgniter\CodeIgniter->createController()
 3 SYSTEMPATH\CodeIgniter.php(355): CodeIgniter\CodeIgniter->handleRequest(null, Object(Config\Cache), false)
 4 SYSTEMPATH\Boot.php(325): CodeIgniter\CodeIgniter->run()
 5 SYSTEMPATH\Boot.php(67): CodeIgniter\Boot::runCodeIgniter(Object(CodeIgniter\CodeIgniter))
 6 FCPATH\index.php(56): CodeIgniter\Boot::bootWeb(Object(Config\Paths))
WARNING - 2025-08-05 11:36:23 --> [DEPRECATED] Creation of dynamic property App\Controllers\MaterialController::$userValidation is deprecated in APPPATH\Controllers\MaterialController.php on line 20.
 1 SYSTEMPATH\CodeIgniter.php(903): App\Controllers\MaterialController->__construct()
 2 SYSTEMPATH\CodeIgniter.php(500): CodeIgniter\CodeIgniter->createController()
 3 SYSTEMPATH\CodeIgniter.php(355): CodeIgniter\CodeIgniter->handleRequest(null, Object(Config\Cache), false)
 4 SYSTEMPATH\Boot.php(325): CodeIgniter\CodeIgniter->run()
 5 SYSTEMPATH\Boot.php(67): CodeIgniter\Boot::runCodeIgniter(Object(CodeIgniter\CodeIgniter))
 6 FCPATH\index.php(56): CodeIgniter\Boot::bootWeb(Object(Config\Paths))
INFO - 2025-08-05 11:37:29 --> Session: Class initialized using 'CodeIgniter\Session\Handlers\FileHandler' driver.
WARNING - 2025-08-05 11:37:29 --> [DEPRECATED] Creation of dynamic property App\Controllers\MaterialController::$db is deprecated in APPPATH\Controllers\MaterialController.php on line 15.
 1 SYSTEMPATH\CodeIgniter.php(903): App\Controllers\MaterialController->__construct()
 2 SYSTEMPATH\CodeIgniter.php(500): CodeIgniter\CodeIgniter->createController()
 3 SYSTEMPATH\CodeIgniter.php(355): CodeIgniter\CodeIgniter->handleRequest(null, Object(Config\Cache), false)
 4 SYSTEMPATH\Boot.php(325): CodeIgniter\CodeIgniter->run()
 5 SYSTEMPATH\Boot.php(67): CodeIgniter\Boot::runCodeIgniter(Object(CodeIgniter\CodeIgniter))
 6 FCPATH\index.php(56): CodeIgniter\Boot::bootWeb(Object(Config\Paths))
WARNING - 2025-08-05 11:37:29 --> [DEPRECATED] Creation of dynamic property App\Controllers\MaterialController::$session is deprecated in APPPATH\Controllers\MaterialController.php on line 16.
 1 SYSTEMPATH\CodeIgniter.php(903): App\Controllers\MaterialController->__construct()
 2 SYSTEMPATH\CodeIgniter.php(500): CodeIgniter\CodeIgniter->createController()
 3 SYSTEMPATH\CodeIgniter.php(355): CodeIgniter\CodeIgniter->handleRequest(null, Object(Config\Cache), false)
 4 SYSTEMPATH\Boot.php(325): CodeIgniter\CodeIgniter->run()
 5 SYSTEMPATH\Boot.php(67): CodeIgniter\Boot::runCodeIgniter(Object(CodeIgniter\CodeIgniter))
 6 FCPATH\index.php(56): CodeIgniter\Boot::bootWeb(Object(Config\Paths))
WARNING - 2025-08-05 11:37:29 --> [DEPRECATED] Creation of dynamic property App\Controllers\MaterialController::$uri is deprecated in APPPATH\Controllers\MaterialController.php on line 17.
 1 SYSTEMPATH\CodeIgniter.php(903): App\Controllers\MaterialController->__construct()
 2 SYSTEMPATH\CodeIgniter.php(500): CodeIgniter\CodeIgniter->createController()
 3 SYSTEMPATH\CodeIgniter.php(355): CodeIgniter\CodeIgniter->handleRequest(null, Object(Config\Cache), false)
 4 SYSTEMPATH\Boot.php(325): CodeIgniter\CodeIgniter->run()
 5 SYSTEMPATH\Boot.php(67): CodeIgniter\Boot::runCodeIgniter(Object(CodeIgniter\CodeIgniter))
 6 FCPATH\index.php(56): CodeIgniter\Boot::bootWeb(Object(Config\Paths))
WARNING - 2025-08-05 11:37:29 --> [DEPRECATED] Creation of dynamic property App\Controllers\MaterialController::$form_validation is deprecated in APPPATH\Controllers\MaterialController.php on line 19.
 1 SYSTEMPATH\CodeIgniter.php(903): App\Controllers\MaterialController->__construct()
 2 SYSTEMPATH\CodeIgniter.php(500): CodeIgniter\CodeIgniter->createController()
 3 SYSTEMPATH\CodeIgniter.php(355): CodeIgniter\CodeIgniter->handleRequest(null, Object(Config\Cache), false)
 4 SYSTEMPATH\Boot.php(325): CodeIgniter\CodeIgniter->run()
 5 SYSTEMPATH\Boot.php(67): CodeIgniter\Boot::runCodeIgniter(Object(CodeIgniter\CodeIgniter))
 6 FCPATH\index.php(56): CodeIgniter\Boot::bootWeb(Object(Config\Paths))
WARNING - 2025-08-05 11:37:29 --> [DEPRECATED] Creation of dynamic property App\Controllers\MaterialController::$userValidation is deprecated in APPPATH\Controllers\MaterialController.php on line 20.
 1 SYSTEMPATH\CodeIgniter.php(903): App\Controllers\MaterialController->__construct()
 2 SYSTEMPATH\CodeIgniter.php(500): CodeIgniter\CodeIgniter->createController()
 3 SYSTEMPATH\CodeIgniter.php(355): CodeIgniter\CodeIgniter->handleRequest(null, Object(Config\Cache), false)
 4 SYSTEMPATH\Boot.php(325): CodeIgniter\CodeIgniter->run()
 5 SYSTEMPATH\Boot.php(67): CodeIgniter\Boot::runCodeIgniter(Object(CodeIgniter\CodeIgniter))
 6 FCPATH\index.php(56): CodeIgniter\Boot::bootWeb(Object(Config\Paths))
INFO - 2025-08-05 11:37:29 --> Session: Class initialized using 'CodeIgniter\Session\Handlers\FileHandler' driver.
WARNING - 2025-08-05 11:37:29 --> [DEPRECATED] Creation of dynamic property App\Controllers\MaterialController::$db is deprecated in APPPATH\Controllers\MaterialController.php on line 15.
 1 SYSTEMPATH\CodeIgniter.php(903): App\Controllers\MaterialController->__construct()
 2 SYSTEMPATH\CodeIgniter.php(500): CodeIgniter\CodeIgniter->createController()
 3 SYSTEMPATH\CodeIgniter.php(355): CodeIgniter\CodeIgniter->handleRequest(null, Object(Config\Cache), false)
 4 SYSTEMPATH\Boot.php(325): CodeIgniter\CodeIgniter->run()
 5 SYSTEMPATH\Boot.php(67): CodeIgniter\Boot::runCodeIgniter(Object(CodeIgniter\CodeIgniter))
 6 FCPATH\index.php(56): CodeIgniter\Boot::bootWeb(Object(Config\Paths))
WARNING - 2025-08-05 11:37:29 --> [DEPRECATED] Creation of dynamic property App\Controllers\MaterialController::$session is deprecated in APPPATH\Controllers\MaterialController.php on line 16.
 1 SYSTEMPATH\CodeIgniter.php(903): App\Controllers\MaterialController->__construct()
 2 SYSTEMPATH\CodeIgniter.php(500): CodeIgniter\CodeIgniter->createController()
 3 SYSTEMPATH\CodeIgniter.php(355): CodeIgniter\CodeIgniter->handleRequest(null, Object(Config\Cache), false)
 4 SYSTEMPATH\Boot.php(325): CodeIgniter\CodeIgniter->run()
 5 SYSTEMPATH\Boot.php(67): CodeIgniter\Boot::runCodeIgniter(Object(CodeIgniter\CodeIgniter))
 6 FCPATH\index.php(56): CodeIgniter\Boot::bootWeb(Object(Config\Paths))
WARNING - 2025-08-05 11:37:29 --> [DEPRECATED] Creation of dynamic property App\Controllers\MaterialController::$uri is deprecated in APPPATH\Controllers\MaterialController.php on line 17.
 1 SYSTEMPATH\CodeIgniter.php(903): App\Controllers\MaterialController->__construct()
 2 SYSTEMPATH\CodeIgniter.php(500): CodeIgniter\CodeIgniter->createController()
 3 SYSTEMPATH\CodeIgniter.php(355): CodeIgniter\CodeIgniter->handleRequest(null, Object(Config\Cache), false)
 4 SYSTEMPATH\Boot.php(325): CodeIgniter\CodeIgniter->run()
 5 SYSTEMPATH\Boot.php(67): CodeIgniter\Boot::runCodeIgniter(Object(CodeIgniter\CodeIgniter))
 6 FCPATH\index.php(56): CodeIgniter\Boot::bootWeb(Object(Config\Paths))
WARNING - 2025-08-05 11:37:29 --> [DEPRECATED] Creation of dynamic property App\Controllers\MaterialController::$form_validation is deprecated in APPPATH\Controllers\MaterialController.php on line 19.
 1 SYSTEMPATH\CodeIgniter.php(903): App\Controllers\MaterialController->__construct()
 2 SYSTEMPATH\CodeIgniter.php(500): CodeIgniter\CodeIgniter->createController()
 3 SYSTEMPATH\CodeIgniter.php(355): CodeIgniter\CodeIgniter->handleRequest(null, Object(Config\Cache), false)
 4 SYSTEMPATH\Boot.php(325): CodeIgniter\CodeIgniter->run()
 5 SYSTEMPATH\Boot.php(67): CodeIgniter\Boot::runCodeIgniter(Object(CodeIgniter\CodeIgniter))
 6 FCPATH\index.php(56): CodeIgniter\Boot::bootWeb(Object(Config\Paths))
WARNING - 2025-08-05 11:37:29 --> [DEPRECATED] Creation of dynamic property App\Controllers\MaterialController::$userValidation is deprecated in APPPATH\Controllers\MaterialController.php on line 20.
 1 SYSTEMPATH\CodeIgniter.php(903): App\Controllers\MaterialController->__construct()
 2 SYSTEMPATH\CodeIgniter.php(500): CodeIgniter\CodeIgniter->createController()
 3 SYSTEMPATH\CodeIgniter.php(355): CodeIgniter\CodeIgniter->handleRequest(null, Object(Config\Cache), false)
 4 SYSTEMPATH\Boot.php(325): CodeIgniter\CodeIgniter->run()
 5 SYSTEMPATH\Boot.php(67): CodeIgniter\Boot::runCodeIgniter(Object(CodeIgniter\CodeIgniter))
 6 FCPATH\index.php(56): CodeIgniter\Boot::bootWeb(Object(Config\Paths))
INFO - 2025-08-05 11:37:30 --> Session: Class initialized using 'CodeIgniter\Session\Handlers\FileHandler' driver.
WARNING - 2025-08-05 11:37:30 --> [DEPRECATED] Creation of dynamic property App\Controllers\MaterialController::$db is deprecated in APPPATH\Controllers\MaterialController.php on line 15.
 1 SYSTEMPATH\CodeIgniter.php(903): App\Controllers\MaterialController->__construct()
 2 SYSTEMPATH\CodeIgniter.php(500): CodeIgniter\CodeIgniter->createController()
 3 SYSTEMPATH\CodeIgniter.php(355): CodeIgniter\CodeIgniter->handleRequest(null, Object(Config\Cache), false)
 4 SYSTEMPATH\Boot.php(325): CodeIgniter\CodeIgniter->run()
 5 SYSTEMPATH\Boot.php(67): CodeIgniter\Boot::runCodeIgniter(Object(CodeIgniter\CodeIgniter))
 6 FCPATH\index.php(56): CodeIgniter\Boot::bootWeb(Object(Config\Paths))
WARNING - 2025-08-05 11:37:30 --> [DEPRECATED] Creation of dynamic property App\Controllers\MaterialController::$session is deprecated in APPPATH\Controllers\MaterialController.php on line 16.
 1 SYSTEMPATH\CodeIgniter.php(903): App\Controllers\MaterialController->__construct()
 2 SYSTEMPATH\CodeIgniter.php(500): CodeIgniter\CodeIgniter->createController()
 3 SYSTEMPATH\CodeIgniter.php(355): CodeIgniter\CodeIgniter->handleRequest(null, Object(Config\Cache), false)
 4 SYSTEMPATH\Boot.php(325): CodeIgniter\CodeIgniter->run()
 5 SYSTEMPATH\Boot.php(67): CodeIgniter\Boot::runCodeIgniter(Object(CodeIgniter\CodeIgniter))
 6 FCPATH\index.php(56): CodeIgniter\Boot::bootWeb(Object(Config\Paths))
WARNING - 2025-08-05 11:37:30 --> [DEPRECATED] Creation of dynamic property App\Controllers\MaterialController::$uri is deprecated in APPPATH\Controllers\MaterialController.php on line 17.
 1 SYSTEMPATH\CodeIgniter.php(903): App\Controllers\MaterialController->__construct()
 2 SYSTEMPATH\CodeIgniter.php(500): CodeIgniter\CodeIgniter->createController()
 3 SYSTEMPATH\CodeIgniter.php(355): CodeIgniter\CodeIgniter->handleRequest(null, Object(Config\Cache), false)
 4 SYSTEMPATH\Boot.php(325): CodeIgniter\CodeIgniter->run()
 5 SYSTEMPATH\Boot.php(67): CodeIgniter\Boot::runCodeIgniter(Object(CodeIgniter\CodeIgniter))
 6 FCPATH\index.php(56): CodeIgniter\Boot::bootWeb(Object(Config\Paths))
WARNING - 2025-08-05 11:37:30 --> [DEPRECATED] Creation of dynamic property App\Controllers\MaterialController::$form_validation is deprecated in APPPATH\Controllers\MaterialController.php on line 19.
 1 SYSTEMPATH\CodeIgniter.php(903): App\Controllers\MaterialController->__construct()
 2 SYSTEMPATH\CodeIgniter.php(500): CodeIgniter\CodeIgniter->createController()
 3 SYSTEMPATH\CodeIgniter.php(355): CodeIgniter\CodeIgniter->handleRequest(null, Object(Config\Cache), false)
 4 SYSTEMPATH\Boot.php(325): CodeIgniter\CodeIgniter->run()
 5 SYSTEMPATH\Boot.php(67): CodeIgniter\Boot::runCodeIgniter(Object(CodeIgniter\CodeIgniter))
 6 FCPATH\index.php(56): CodeIgniter\Boot::bootWeb(Object(Config\Paths))
WARNING - 2025-08-05 11:37:30 --> [DEPRECATED] Creation of dynamic property App\Controllers\MaterialController::$userValidation is deprecated in APPPATH\Controllers\MaterialController.php on line 20.
 1 SYSTEMPATH\CodeIgniter.php(903): App\Controllers\MaterialController->__construct()
 2 SYSTEMPATH\CodeIgniter.php(500): CodeIgniter\CodeIgniter->createController()
 3 SYSTEMPATH\CodeIgniter.php(355): CodeIgniter\CodeIgniter->handleRequest(null, Object(Config\Cache), false)
 4 SYSTEMPATH\Boot.php(325): CodeIgniter\CodeIgniter->run()
 5 SYSTEMPATH\Boot.php(67): CodeIgniter\Boot::runCodeIgniter(Object(CodeIgniter\CodeIgniter))
 6 FCPATH\index.php(56): CodeIgniter\Boot::bootWeb(Object(Config\Paths))
INFO - 2025-08-05 11:37:30 --> Session: Class initialized using 'CodeIgniter\Session\Handlers\FileHandler' driver.
WARNING - 2025-08-05 11:37:30 --> [DEPRECATED] Creation of dynamic property App\Controllers\MaterialController::$db is deprecated in APPPATH\Controllers\MaterialController.php on line 15.
 1 SYSTEMPATH\CodeIgniter.php(903): App\Controllers\MaterialController->__construct()
 2 SYSTEMPATH\CodeIgniter.php(500): CodeIgniter\CodeIgniter->createController()
 3 SYSTEMPATH\CodeIgniter.php(355): CodeIgniter\CodeIgniter->handleRequest(null, Object(Config\Cache), false)
 4 SYSTEMPATH\Boot.php(325): CodeIgniter\CodeIgniter->run()
 5 SYSTEMPATH\Boot.php(67): CodeIgniter\Boot::runCodeIgniter(Object(CodeIgniter\CodeIgniter))
 6 FCPATH\index.php(56): CodeIgniter\Boot::bootWeb(Object(Config\Paths))
WARNING - 2025-08-05 11:37:30 --> [DEPRECATED] Creation of dynamic property App\Controllers\MaterialController::$session is deprecated in APPPATH\Controllers\MaterialController.php on line 16.
 1 SYSTEMPATH\CodeIgniter.php(903): App\Controllers\MaterialController->__construct()
 2 SYSTEMPATH\CodeIgniter.php(500): CodeIgniter\CodeIgniter->createController()
 3 SYSTEMPATH\CodeIgniter.php(355): CodeIgniter\CodeIgniter->handleRequest(null, Object(Config\Cache), false)
 4 SYSTEMPATH\Boot.php(325): CodeIgniter\CodeIgniter->run()
 5 SYSTEMPATH\Boot.php(67): CodeIgniter\Boot::runCodeIgniter(Object(CodeIgniter\CodeIgniter))
 6 FCPATH\index.php(56): CodeIgniter\Boot::bootWeb(Object(Config\Paths))
WARNING - 2025-08-05 11:37:30 --> [DEPRECATED] Creation of dynamic property App\Controllers\MaterialController::$uri is deprecated in APPPATH\Controllers\MaterialController.php on line 17.
 1 SYSTEMPATH\CodeIgniter.php(903): App\Controllers\MaterialController->__construct()
 2 SYSTEMPATH\CodeIgniter.php(500): CodeIgniter\CodeIgniter->createController()
 3 SYSTEMPATH\CodeIgniter.php(355): CodeIgniter\CodeIgniter->handleRequest(null, Object(Config\Cache), false)
 4 SYSTEMPATH\Boot.php(325): CodeIgniter\CodeIgniter->run()
 5 SYSTEMPATH\Boot.php(67): CodeIgniter\Boot::runCodeIgniter(Object(CodeIgniter\CodeIgniter))
 6 FCPATH\index.php(56): CodeIgniter\Boot::bootWeb(Object(Config\Paths))
WARNING - 2025-08-05 11:37:30 --> [DEPRECATED] Creation of dynamic property App\Controllers\MaterialController::$form_validation is deprecated in APPPATH\Controllers\MaterialController.php on line 19.
 1 SYSTEMPATH\CodeIgniter.php(903): App\Controllers\MaterialController->__construct()
 2 SYSTEMPATH\CodeIgniter.php(500): CodeIgniter\CodeIgniter->createController()
 3 SYSTEMPATH\CodeIgniter.php(355): CodeIgniter\CodeIgniter->handleRequest(null, Object(Config\Cache), false)
 4 SYSTEMPATH\Boot.php(325): CodeIgniter\CodeIgniter->run()
 5 SYSTEMPATH\Boot.php(67): CodeIgniter\Boot::runCodeIgniter(Object(CodeIgniter\CodeIgniter))
 6 FCPATH\index.php(56): CodeIgniter\Boot::bootWeb(Object(Config\Paths))
WARNING - 2025-08-05 11:37:30 --> [DEPRECATED] Creation of dynamic property App\Controllers\MaterialController::$userValidation is deprecated in APPPATH\Controllers\MaterialController.php on line 20.
 1 SYSTEMPATH\CodeIgniter.php(903): App\Controllers\MaterialController->__construct()
 2 SYSTEMPATH\CodeIgniter.php(500): CodeIgniter\CodeIgniter->createController()
 3 SYSTEMPATH\CodeIgniter.php(355): CodeIgniter\CodeIgniter->handleRequest(null, Object(Config\Cache), false)
 4 SYSTEMPATH\Boot.php(325): CodeIgniter\CodeIgniter->run()
 5 SYSTEMPATH\Boot.php(67): CodeIgniter\Boot::runCodeIgniter(Object(CodeIgniter\CodeIgniter))
 6 FCPATH\index.php(56): CodeIgniter\Boot::bootWeb(Object(Config\Paths))
INFO - 2025-08-05 11:37:31 --> Session: Class initialized using 'CodeIgniter\Session\Handlers\FileHandler' driver.
WARNING - 2025-08-05 11:37:31 --> [DEPRECATED] Creation of dynamic property App\Controllers\MaterialController::$db is deprecated in APPPATH\Controllers\MaterialController.php on line 15.
 1 SYSTEMPATH\CodeIgniter.php(903): App\Controllers\MaterialController->__construct()
 2 SYSTEMPATH\CodeIgniter.php(500): CodeIgniter\CodeIgniter->createController()
 3 SYSTEMPATH\CodeIgniter.php(355): CodeIgniter\CodeIgniter->handleRequest(null, Object(Config\Cache), false)
 4 SYSTEMPATH\Boot.php(325): CodeIgniter\CodeIgniter->run()
 5 SYSTEMPATH\Boot.php(67): CodeIgniter\Boot::runCodeIgniter(Object(CodeIgniter\CodeIgniter))
 6 FCPATH\index.php(56): CodeIgniter\Boot::bootWeb(Object(Config\Paths))
WARNING - 2025-08-05 11:37:31 --> [DEPRECATED] Creation of dynamic property App\Controllers\MaterialController::$session is deprecated in APPPATH\Controllers\MaterialController.php on line 16.
 1 SYSTEMPATH\CodeIgniter.php(903): App\Controllers\MaterialController->__construct()
 2 SYSTEMPATH\CodeIgniter.php(500): CodeIgniter\CodeIgniter->createController()
 3 SYSTEMPATH\CodeIgniter.php(355): CodeIgniter\CodeIgniter->handleRequest(null, Object(Config\Cache), false)
 4 SYSTEMPATH\Boot.php(325): CodeIgniter\CodeIgniter->run()
 5 SYSTEMPATH\Boot.php(67): CodeIgniter\Boot::runCodeIgniter(Object(CodeIgniter\CodeIgniter))
 6 FCPATH\index.php(56): CodeIgniter\Boot::bootWeb(Object(Config\Paths))
WARNING - 2025-08-05 11:37:31 --> [DEPRECATED] Creation of dynamic property App\Controllers\MaterialController::$uri is deprecated in APPPATH\Controllers\MaterialController.php on line 17.
 1 SYSTEMPATH\CodeIgniter.php(903): App\Controllers\MaterialController->__construct()
 2 SYSTEMPATH\CodeIgniter.php(500): CodeIgniter\CodeIgniter->createController()
 3 SYSTEMPATH\CodeIgniter.php(355): CodeIgniter\CodeIgniter->handleRequest(null, Object(Config\Cache), false)
 4 SYSTEMPATH\Boot.php(325): CodeIgniter\CodeIgniter->run()
 5 SYSTEMPATH\Boot.php(67): CodeIgniter\Boot::runCodeIgniter(Object(CodeIgniter\CodeIgniter))
 6 FCPATH\index.php(56): CodeIgniter\Boot::bootWeb(Object(Config\Paths))
WARNING - 2025-08-05 11:37:31 --> [DEPRECATED] Creation of dynamic property App\Controllers\MaterialController::$form_validation is deprecated in APPPATH\Controllers\MaterialController.php on line 19.
 1 SYSTEMPATH\CodeIgniter.php(903): App\Controllers\MaterialController->__construct()
 2 SYSTEMPATH\CodeIgniter.php(500): CodeIgniter\CodeIgniter->createController()
 3 SYSTEMPATH\CodeIgniter.php(355): CodeIgniter\CodeIgniter->handleRequest(null, Object(Config\Cache), false)
 4 SYSTEMPATH\Boot.php(325): CodeIgniter\CodeIgniter->run()
 5 SYSTEMPATH\Boot.php(67): CodeIgniter\Boot::runCodeIgniter(Object(CodeIgniter\CodeIgniter))
 6 FCPATH\index.php(56): CodeIgniter\Boot::bootWeb(Object(Config\Paths))
WARNING - 2025-08-05 11:37:31 --> [DEPRECATED] Creation of dynamic property App\Controllers\MaterialController::$userValidation is deprecated in APPPATH\Controllers\MaterialController.php on line 20.
 1 SYSTEMPATH\CodeIgniter.php(903): App\Controllers\MaterialController->__construct()
 2 SYSTEMPATH\CodeIgniter.php(500): CodeIgniter\CodeIgniter->createController()
 3 SYSTEMPATH\CodeIgniter.php(355): CodeIgniter\CodeIgniter->handleRequest(null, Object(Config\Cache), false)
 4 SYSTEMPATH\Boot.php(325): CodeIgniter\CodeIgniter->run()
 5 SYSTEMPATH\Boot.php(67): CodeIgniter\Boot::runCodeIgniter(Object(CodeIgniter\CodeIgniter))
 6 FCPATH\index.php(56): CodeIgniter\Boot::bootWeb(Object(Config\Paths))
INFO - 2025-08-05 11:37:31 --> Session: Class initialized using 'CodeIgniter\Session\Handlers\FileHandler' driver.
WARNING - 2025-08-05 11:37:31 --> [DEPRECATED] Creation of dynamic property App\Controllers\MaterialController::$db is deprecated in APPPATH\Controllers\MaterialController.php on line 15.
 1 SYSTEMPATH\CodeIgniter.php(903): App\Controllers\MaterialController->__construct()
 2 SYSTEMPATH\CodeIgniter.php(500): CodeIgniter\CodeIgniter->createController()
 3 SYSTEMPATH\CodeIgniter.php(355): CodeIgniter\CodeIgniter->handleRequest(null, Object(Config\Cache), false)
 4 SYSTEMPATH\Boot.php(325): CodeIgniter\CodeIgniter->run()
 5 SYSTEMPATH\Boot.php(67): CodeIgniter\Boot::runCodeIgniter(Object(CodeIgniter\CodeIgniter))
 6 FCPATH\index.php(56): CodeIgniter\Boot::bootWeb(Object(Config\Paths))
WARNING - 2025-08-05 11:37:31 --> [DEPRECATED] Creation of dynamic property App\Controllers\MaterialController::$session is deprecated in APPPATH\Controllers\MaterialController.php on line 16.
 1 SYSTEMPATH\CodeIgniter.php(903): App\Controllers\MaterialController->__construct()
 2 SYSTEMPATH\CodeIgniter.php(500): CodeIgniter\CodeIgniter->createController()
 3 SYSTEMPATH\CodeIgniter.php(355): CodeIgniter\CodeIgniter->handleRequest(null, Object(Config\Cache), false)
 4 SYSTEMPATH\Boot.php(325): CodeIgniter\CodeIgniter->run()
 5 SYSTEMPATH\Boot.php(67): CodeIgniter\Boot::runCodeIgniter(Object(CodeIgniter\CodeIgniter))
 6 FCPATH\index.php(56): CodeIgniter\Boot::bootWeb(Object(Config\Paths))
WARNING - 2025-08-05 11:37:31 --> [DEPRECATED] Creation of dynamic property App\Controllers\MaterialController::$uri is deprecated in APPPATH\Controllers\MaterialController.php on line 17.
 1 SYSTEMPATH\CodeIgniter.php(903): App\Controllers\MaterialController->__construct()
 2 SYSTEMPATH\CodeIgniter.php(500): CodeIgniter\CodeIgniter->createController()
 3 SYSTEMPATH\CodeIgniter.php(355): CodeIgniter\CodeIgniter->handleRequest(null, Object(Config\Cache), false)
 4 SYSTEMPATH\Boot.php(325): CodeIgniter\CodeIgniter->run()
 5 SYSTEMPATH\Boot.php(67): CodeIgniter\Boot::runCodeIgniter(Object(CodeIgniter\CodeIgniter))
 6 FCPATH\index.php(56): CodeIgniter\Boot::bootWeb(Object(Config\Paths))
WARNING - 2025-08-05 11:37:31 --> [DEPRECATED] Creation of dynamic property App\Controllers\MaterialController::$form_validation is deprecated in APPPATH\Controllers\MaterialController.php on line 19.
 1 SYSTEMPATH\CodeIgniter.php(903): App\Controllers\MaterialController->__construct()
 2 SYSTEMPATH\CodeIgniter.php(500): CodeIgniter\CodeIgniter->createController()
 3 SYSTEMPATH\CodeIgniter.php(355): CodeIgniter\CodeIgniter->handleRequest(null, Object(Config\Cache), false)
 4 SYSTEMPATH\Boot.php(325): CodeIgniter\CodeIgniter->run()
 5 SYSTEMPATH\Boot.php(67): CodeIgniter\Boot::runCodeIgniter(Object(CodeIgniter\CodeIgniter))
 6 FCPATH\index.php(56): CodeIgniter\Boot::bootWeb(Object(Config\Paths))
WARNING - 2025-08-05 11:37:31 --> [DEPRECATED] Creation of dynamic property App\Controllers\MaterialController::$userValidation is deprecated in APPPATH\Controllers\MaterialController.php on line 20.
 1 SYSTEMPATH\CodeIgniter.php(903): App\Controllers\MaterialController->__construct()
 2 SYSTEMPATH\CodeIgniter.php(500): CodeIgniter\CodeIgniter->createController()
 3 SYSTEMPATH\CodeIgniter.php(355): CodeIgniter\CodeIgniter->handleRequest(null, Object(Config\Cache), false)
 4 SYSTEMPATH\Boot.php(325): CodeIgniter\CodeIgniter->run()
 5 SYSTEMPATH\Boot.php(67): CodeIgniter\Boot::runCodeIgniter(Object(CodeIgniter\CodeIgniter))
 6 FCPATH\index.php(56): CodeIgniter\Boot::bootWeb(Object(Config\Paths))
INFO - 2025-08-05 11:37:32 --> Session: Class initialized using 'CodeIgniter\Session\Handlers\FileHandler' driver.
WARNING - 2025-08-05 11:37:32 --> [DEPRECATED] Creation of dynamic property App\Controllers\MaterialController::$db is deprecated in APPPATH\Controllers\MaterialController.php on line 15.
 1 SYSTEMPATH\CodeIgniter.php(903): App\Controllers\MaterialController->__construct()
 2 SYSTEMPATH\CodeIgniter.php(500): CodeIgniter\CodeIgniter->createController()
 3 SYSTEMPATH\CodeIgniter.php(355): CodeIgniter\CodeIgniter->handleRequest(null, Object(Config\Cache), false)
 4 SYSTEMPATH\Boot.php(325): CodeIgniter\CodeIgniter->run()
 5 SYSTEMPATH\Boot.php(67): CodeIgniter\Boot::runCodeIgniter(Object(CodeIgniter\CodeIgniter))
 6 FCPATH\index.php(56): CodeIgniter\Boot::bootWeb(Object(Config\Paths))
WARNING - 2025-08-05 11:37:32 --> [DEPRECATED] Creation of dynamic property App\Controllers\MaterialController::$session is deprecated in APPPATH\Controllers\MaterialController.php on line 16.
 1 SYSTEMPATH\CodeIgniter.php(903): App\Controllers\MaterialController->__construct()
 2 SYSTEMPATH\CodeIgniter.php(500): CodeIgniter\CodeIgniter->createController()
 3 SYSTEMPATH\CodeIgniter.php(355): CodeIgniter\CodeIgniter->handleRequest(null, Object(Config\Cache), false)
 4 SYSTEMPATH\Boot.php(325): CodeIgniter\CodeIgniter->run()
 5 SYSTEMPATH\Boot.php(67): CodeIgniter\Boot::runCodeIgniter(Object(CodeIgniter\CodeIgniter))
 6 FCPATH\index.php(56): CodeIgniter\Boot::bootWeb(Object(Config\Paths))
WARNING - 2025-08-05 11:37:32 --> [DEPRECATED] Creation of dynamic property App\Controllers\MaterialController::$uri is deprecated in APPPATH\Controllers\MaterialController.php on line 17.
 1 SYSTEMPATH\CodeIgniter.php(903): App\Controllers\MaterialController->__construct()
 2 SYSTEMPATH\CodeIgniter.php(500): CodeIgniter\CodeIgniter->createController()
 3 SYSTEMPATH\CodeIgniter.php(355): CodeIgniter\CodeIgniter->handleRequest(null, Object(Config\Cache), false)
 4 SYSTEMPATH\Boot.php(325): CodeIgniter\CodeIgniter->run()
 5 SYSTEMPATH\Boot.php(67): CodeIgniter\Boot::runCodeIgniter(Object(CodeIgniter\CodeIgniter))
 6 FCPATH\index.php(56): CodeIgniter\Boot::bootWeb(Object(Config\Paths))
WARNING - 2025-08-05 11:37:32 --> [DEPRECATED] Creation of dynamic property App\Controllers\MaterialController::$form_validation is deprecated in APPPATH\Controllers\MaterialController.php on line 19.
 1 SYSTEMPATH\CodeIgniter.php(903): App\Controllers\MaterialController->__construct()
 2 SYSTEMPATH\CodeIgniter.php(500): CodeIgniter\CodeIgniter->createController()
 3 SYSTEMPATH\CodeIgniter.php(355): CodeIgniter\CodeIgniter->handleRequest(null, Object(Config\Cache), false)
 4 SYSTEMPATH\Boot.php(325): CodeIgniter\CodeIgniter->run()
 5 SYSTEMPATH\Boot.php(67): CodeIgniter\Boot::runCodeIgniter(Object(CodeIgniter\CodeIgniter))
 6 FCPATH\index.php(56): CodeIgniter\Boot::bootWeb(Object(Config\Paths))
WARNING - 2025-08-05 11:37:32 --> [DEPRECATED] Creation of dynamic property App\Controllers\MaterialController::$userValidation is deprecated in APPPATH\Controllers\MaterialController.php on line 20.
 1 SYSTEMPATH\CodeIgniter.php(903): App\Controllers\MaterialController->__construct()
 2 SYSTEMPATH\CodeIgniter.php(500): CodeIgniter\CodeIgniter->createController()
 3 SYSTEMPATH\CodeIgniter.php(355): CodeIgniter\CodeIgniter->handleRequest(null, Object(Config\Cache), false)
 4 SYSTEMPATH\Boot.php(325): CodeIgniter\CodeIgniter->run()
 5 SYSTEMPATH\Boot.php(67): CodeIgniter\Boot::runCodeIgniter(Object(CodeIgniter\CodeIgniter))
 6 FCPATH\index.php(56): CodeIgniter\Boot::bootWeb(Object(Config\Paths))
INFO - 2025-08-05 11:37:33 --> Session: Class initialized using 'CodeIgniter\Session\Handlers\FileHandler' driver.
WARNING - 2025-08-05 11:37:33 --> [DEPRECATED] Creation of dynamic property App\Controllers\MaterialController::$db is deprecated in APPPATH\Controllers\MaterialController.php on line 15.
 1 SYSTEMPATH\CodeIgniter.php(903): App\Controllers\MaterialController->__construct()
 2 SYSTEMPATH\CodeIgniter.php(500): CodeIgniter\CodeIgniter->createController()
 3 SYSTEMPATH\CodeIgniter.php(355): CodeIgniter\CodeIgniter->handleRequest(null, Object(Config\Cache), false)
 4 SYSTEMPATH\Boot.php(325): CodeIgniter\CodeIgniter->run()
 5 SYSTEMPATH\Boot.php(67): CodeIgniter\Boot::runCodeIgniter(Object(CodeIgniter\CodeIgniter))
 6 FCPATH\index.php(56): CodeIgniter\Boot::bootWeb(Object(Config\Paths))
WARNING - 2025-08-05 11:37:33 --> [DEPRECATED] Creation of dynamic property App\Controllers\MaterialController::$session is deprecated in APPPATH\Controllers\MaterialController.php on line 16.
 1 SYSTEMPATH\CodeIgniter.php(903): App\Controllers\MaterialController->__construct()
 2 SYSTEMPATH\CodeIgniter.php(500): CodeIgniter\CodeIgniter->createController()
 3 SYSTEMPATH\CodeIgniter.php(355): CodeIgniter\CodeIgniter->handleRequest(null, Object(Config\Cache), false)
 4 SYSTEMPATH\Boot.php(325): CodeIgniter\CodeIgniter->run()
 5 SYSTEMPATH\Boot.php(67): CodeIgniter\Boot::runCodeIgniter(Object(CodeIgniter\CodeIgniter))
 6 FCPATH\index.php(56): CodeIgniter\Boot::bootWeb(Object(Config\Paths))
WARNING - 2025-08-05 11:37:33 --> [DEPRECATED] Creation of dynamic property App\Controllers\MaterialController::$uri is deprecated in APPPATH\Controllers\MaterialController.php on line 17.
 1 SYSTEMPATH\CodeIgniter.php(903): App\Controllers\MaterialController->__construct()
 2 SYSTEMPATH\CodeIgniter.php(500): CodeIgniter\CodeIgniter->createController()
 3 SYSTEMPATH\CodeIgniter.php(355): CodeIgniter\CodeIgniter->handleRequest(null, Object(Config\Cache), false)
 4 SYSTEMPATH\Boot.php(325): CodeIgniter\CodeIgniter->run()
 5 SYSTEMPATH\Boot.php(67): CodeIgniter\Boot::runCodeIgniter(Object(CodeIgniter\CodeIgniter))
 6 FCPATH\index.php(56): CodeIgniter\Boot::bootWeb(Object(Config\Paths))
WARNING - 2025-08-05 11:37:33 --> [DEPRECATED] Creation of dynamic property App\Controllers\MaterialController::$form_validation is deprecated in APPPATH\Controllers\MaterialController.php on line 19.
 1 SYSTEMPATH\CodeIgniter.php(903): App\Controllers\MaterialController->__construct()
 2 SYSTEMPATH\CodeIgniter.php(500): CodeIgniter\CodeIgniter->createController()
 3 SYSTEMPATH\CodeIgniter.php(355): CodeIgniter\CodeIgniter->handleRequest(null, Object(Config\Cache), false)
 4 SYSTEMPATH\Boot.php(325): CodeIgniter\CodeIgniter->run()
 5 SYSTEMPATH\Boot.php(67): CodeIgniter\Boot::runCodeIgniter(Object(CodeIgniter\CodeIgniter))
 6 FCPATH\index.php(56): CodeIgniter\Boot::bootWeb(Object(Config\Paths))
WARNING - 2025-08-05 11:37:33 --> [DEPRECATED] Creation of dynamic property App\Controllers\MaterialController::$userValidation is deprecated in APPPATH\Controllers\MaterialController.php on line 20.
 1 SYSTEMPATH\CodeIgniter.php(903): App\Controllers\MaterialController->__construct()
 2 SYSTEMPATH\CodeIgniter.php(500): CodeIgniter\CodeIgniter->createController()
 3 SYSTEMPATH\CodeIgniter.php(355): CodeIgniter\CodeIgniter->handleRequest(null, Object(Config\Cache), false)
 4 SYSTEMPATH\Boot.php(325): CodeIgniter\CodeIgniter->run()
 5 SYSTEMPATH\Boot.php(67): CodeIgniter\Boot::runCodeIgniter(Object(CodeIgniter\CodeIgniter))
 6 FCPATH\index.php(56): CodeIgniter\Boot::bootWeb(Object(Config\Paths))
INFO - 2025-08-05 11:37:57 --> Session: Class initialized using 'CodeIgniter\Session\Handlers\FileHandler' driver.
WARNING - 2025-08-05 11:37:57 --> [DEPRECATED] Creation of dynamic property App\Controllers\MaterialController::$db is deprecated in APPPATH\Controllers\MaterialController.php on line 15.
 1 SYSTEMPATH\CodeIgniter.php(903): App\Controllers\MaterialController->__construct()
 2 SYSTEMPATH\CodeIgniter.php(500): CodeIgniter\CodeIgniter->createController()
 3 SYSTEMPATH\CodeIgniter.php(355): CodeIgniter\CodeIgniter->handleRequest(null, Object(Config\Cache), false)
 4 SYSTEMPATH\Boot.php(325): CodeIgniter\CodeIgniter->run()
 5 SYSTEMPATH\Boot.php(67): CodeIgniter\Boot::runCodeIgniter(Object(CodeIgniter\CodeIgniter))
 6 FCPATH\index.php(56): CodeIgniter\Boot::bootWeb(Object(Config\Paths))
WARNING - 2025-08-05 11:37:57 --> [DEPRECATED] Creation of dynamic property App\Controllers\MaterialController::$session is deprecated in APPPATH\Controllers\MaterialController.php on line 16.
 1 SYSTEMPATH\CodeIgniter.php(903): App\Controllers\MaterialController->__construct()
 2 SYSTEMPATH\CodeIgniter.php(500): CodeIgniter\CodeIgniter->createController()
 3 SYSTEMPATH\CodeIgniter.php(355): CodeIgniter\CodeIgniter->handleRequest(null, Object(Config\Cache), false)
 4 SYSTEMPATH\Boot.php(325): CodeIgniter\CodeIgniter->run()
 5 SYSTEMPATH\Boot.php(67): CodeIgniter\Boot::runCodeIgniter(Object(CodeIgniter\CodeIgniter))
 6 FCPATH\index.php(56): CodeIgniter\Boot::bootWeb(Object(Config\Paths))
WARNING - 2025-08-05 11:37:57 --> [DEPRECATED] Creation of dynamic property App\Controllers\MaterialController::$uri is deprecated in APPPATH\Controllers\MaterialController.php on line 17.
 1 SYSTEMPATH\CodeIgniter.php(903): App\Controllers\MaterialController->__construct()
 2 SYSTEMPATH\CodeIgniter.php(500): CodeIgniter\CodeIgniter->createController()
 3 SYSTEMPATH\CodeIgniter.php(355): CodeIgniter\CodeIgniter->handleRequest(null, Object(Config\Cache), false)
 4 SYSTEMPATH\Boot.php(325): CodeIgniter\CodeIgniter->run()
 5 SYSTEMPATH\Boot.php(67): CodeIgniter\Boot::runCodeIgniter(Object(CodeIgniter\CodeIgniter))
 6 FCPATH\index.php(56): CodeIgniter\Boot::bootWeb(Object(Config\Paths))
WARNING - 2025-08-05 11:37:57 --> [DEPRECATED] Creation of dynamic property App\Controllers\MaterialController::$form_validation is deprecated in APPPATH\Controllers\MaterialController.php on line 19.
 1 SYSTEMPATH\CodeIgniter.php(903): App\Controllers\MaterialController->__construct()
 2 SYSTEMPATH\CodeIgniter.php(500): CodeIgniter\CodeIgniter->createController()
 3 SYSTEMPATH\CodeIgniter.php(355): CodeIgniter\CodeIgniter->handleRequest(null, Object(Config\Cache), false)
 4 SYSTEMPATH\Boot.php(325): CodeIgniter\CodeIgniter->run()
 5 SYSTEMPATH\Boot.php(67): CodeIgniter\Boot::runCodeIgniter(Object(CodeIgniter\CodeIgniter))
 6 FCPATH\index.php(56): CodeIgniter\Boot::bootWeb(Object(Config\Paths))
WARNING - 2025-08-05 11:37:57 --> [DEPRECATED] Creation of dynamic property App\Controllers\MaterialController::$userValidation is deprecated in APPPATH\Controllers\MaterialController.php on line 20.
 1 SYSTEMPATH\CodeIgniter.php(903): App\Controllers\MaterialController->__construct()
 2 SYSTEMPATH\CodeIgniter.php(500): CodeIgniter\CodeIgniter->createController()
 3 SYSTEMPATH\CodeIgniter.php(355): CodeIgniter\CodeIgniter->handleRequest(null, Object(Config\Cache), false)
 4 SYSTEMPATH\Boot.php(325): CodeIgniter\CodeIgniter->run()
 5 SYSTEMPATH\Boot.php(67): CodeIgniter\Boot::runCodeIgniter(Object(CodeIgniter\CodeIgniter))
 6 FCPATH\index.php(56): CodeIgniter\Boot::bootWeb(Object(Config\Paths))
INFO - 2025-08-05 11:37:58 --> Session: Class initialized using 'CodeIgniter\Session\Handlers\FileHandler' driver.
WARNING - 2025-08-05 11:37:58 --> [DEPRECATED] Creation of dynamic property App\Controllers\MaterialController::$db is deprecated in APPPATH\Controllers\MaterialController.php on line 15.
 1 SYSTEMPATH\CodeIgniter.php(903): App\Controllers\MaterialController->__construct()
 2 SYSTEMPATH\CodeIgniter.php(500): CodeIgniter\CodeIgniter->createController()
 3 SYSTEMPATH\CodeIgniter.php(355): CodeIgniter\CodeIgniter->handleRequest(null, Object(Config\Cache), false)
 4 SYSTEMPATH\Boot.php(325): CodeIgniter\CodeIgniter->run()
 5 SYSTEMPATH\Boot.php(67): CodeIgniter\Boot::runCodeIgniter(Object(CodeIgniter\CodeIgniter))
 6 FCPATH\index.php(56): CodeIgniter\Boot::bootWeb(Object(Config\Paths))
WARNING - 2025-08-05 11:37:58 --> [DEPRECATED] Creation of dynamic property App\Controllers\MaterialController::$session is deprecated in APPPATH\Controllers\MaterialController.php on line 16.
 1 SYSTEMPATH\CodeIgniter.php(903): App\Controllers\MaterialController->__construct()
 2 SYSTEMPATH\CodeIgniter.php(500): CodeIgniter\CodeIgniter->createController()
 3 SYSTEMPATH\CodeIgniter.php(355): CodeIgniter\CodeIgniter->handleRequest(null, Object(Config\Cache), false)
 4 SYSTEMPATH\Boot.php(325): CodeIgniter\CodeIgniter->run()
 5 SYSTEMPATH\Boot.php(67): CodeIgniter\Boot::runCodeIgniter(Object(CodeIgniter\CodeIgniter))
 6 FCPATH\index.php(56): CodeIgniter\Boot::bootWeb(Object(Config\Paths))
WARNING - 2025-08-05 11:37:58 --> [DEPRECATED] Creation of dynamic property App\Controllers\MaterialController::$uri is deprecated in APPPATH\Controllers\MaterialController.php on line 17.
 1 SYSTEMPATH\CodeIgniter.php(903): App\Controllers\MaterialController->__construct()
 2 SYSTEMPATH\CodeIgniter.php(500): CodeIgniter\CodeIgniter->createController()
 3 SYSTEMPATH\CodeIgniter.php(355): CodeIgniter\CodeIgniter->handleRequest(null, Object(Config\Cache), false)
 4 SYSTEMPATH\Boot.php(325): CodeIgniter\CodeIgniter->run()
 5 SYSTEMPATH\Boot.php(67): CodeIgniter\Boot::runCodeIgniter(Object(CodeIgniter\CodeIgniter))
 6 FCPATH\index.php(56): CodeIgniter\Boot::bootWeb(Object(Config\Paths))
WARNING - 2025-08-05 11:37:58 --> [DEPRECATED] Creation of dynamic property App\Controllers\MaterialController::$form_validation is deprecated in APPPATH\Controllers\MaterialController.php on line 19.
 1 SYSTEMPATH\CodeIgniter.php(903): App\Controllers\MaterialController->__construct()
 2 SYSTEMPATH\CodeIgniter.php(500): CodeIgniter\CodeIgniter->createController()
 3 SYSTEMPATH\CodeIgniter.php(355): CodeIgniter\CodeIgniter->handleRequest(null, Object(Config\Cache), false)
 4 SYSTEMPATH\Boot.php(325): CodeIgniter\CodeIgniter->run()
 5 SYSTEMPATH\Boot.php(67): CodeIgniter\Boot::runCodeIgniter(Object(CodeIgniter\CodeIgniter))
 6 FCPATH\index.php(56): CodeIgniter\Boot::bootWeb(Object(Config\Paths))
WARNING - 2025-08-05 11:37:58 --> [DEPRECATED] Creation of dynamic property App\Controllers\MaterialController::$userValidation is deprecated in APPPATH\Controllers\MaterialController.php on line 20.
 1 SYSTEMPATH\CodeIgniter.php(903): App\Controllers\MaterialController->__construct()
 2 SYSTEMPATH\CodeIgniter.php(500): CodeIgniter\CodeIgniter->createController()
 3 SYSTEMPATH\CodeIgniter.php(355): CodeIgniter\CodeIgniter->handleRequest(null, Object(Config\Cache), false)
 4 SYSTEMPATH\Boot.php(325): CodeIgniter\CodeIgniter->run()
 5 SYSTEMPATH\Boot.php(67): CodeIgniter\Boot::runCodeIgniter(Object(CodeIgniter\CodeIgniter))
 6 FCPATH\index.php(56): CodeIgniter\Boot::bootWeb(Object(Config\Paths))
INFO - 2025-08-05 11:37:58 --> Session: Class initialized using 'CodeIgniter\Session\Handlers\FileHandler' driver.
WARNING - 2025-08-05 11:37:58 --> [DEPRECATED] Creation of dynamic property App\Controllers\MaterialController::$db is deprecated in APPPATH\Controllers\MaterialController.php on line 15.
 1 SYSTEMPATH\CodeIgniter.php(903): App\Controllers\MaterialController->__construct()
 2 SYSTEMPATH\CodeIgniter.php(500): CodeIgniter\CodeIgniter->createController()
 3 SYSTEMPATH\CodeIgniter.php(355): CodeIgniter\CodeIgniter->handleRequest(null, Object(Config\Cache), false)
 4 SYSTEMPATH\Boot.php(325): CodeIgniter\CodeIgniter->run()
 5 SYSTEMPATH\Boot.php(67): CodeIgniter\Boot::runCodeIgniter(Object(CodeIgniter\CodeIgniter))
 6 FCPATH\index.php(56): CodeIgniter\Boot::bootWeb(Object(Config\Paths))
WARNING - 2025-08-05 11:37:58 --> [DEPRECATED] Creation of dynamic property App\Controllers\MaterialController::$session is deprecated in APPPATH\Controllers\MaterialController.php on line 16.
 1 SYSTEMPATH\CodeIgniter.php(903): App\Controllers\MaterialController->__construct()
 2 SYSTEMPATH\CodeIgniter.php(500): CodeIgniter\CodeIgniter->createController()
 3 SYSTEMPATH\CodeIgniter.php(355): CodeIgniter\CodeIgniter->handleRequest(null, Object(Config\Cache), false)
 4 SYSTEMPATH\Boot.php(325): CodeIgniter\CodeIgniter->run()
 5 SYSTEMPATH\Boot.php(67): CodeIgniter\Boot::runCodeIgniter(Object(CodeIgniter\CodeIgniter))
 6 FCPATH\index.php(56): CodeIgniter\Boot::bootWeb(Object(Config\Paths))
WARNING - 2025-08-05 11:37:58 --> [DEPRECATED] Creation of dynamic property App\Controllers\MaterialController::$uri is deprecated in APPPATH\Controllers\MaterialController.php on line 17.
 1 SYSTEMPATH\CodeIgniter.php(903): App\Controllers\MaterialController->__construct()
 2 SYSTEMPATH\CodeIgniter.php(500): CodeIgniter\CodeIgniter->createController()
 3 SYSTEMPATH\CodeIgniter.php(355): CodeIgniter\CodeIgniter->handleRequest(null, Object(Config\Cache), false)
 4 SYSTEMPATH\Boot.php(325): CodeIgniter\CodeIgniter->run()
 5 SYSTEMPATH\Boot.php(67): CodeIgniter\Boot::runCodeIgniter(Object(CodeIgniter\CodeIgniter))
 6 FCPATH\index.php(56): CodeIgniter\Boot::bootWeb(Object(Config\Paths))
WARNING - 2025-08-05 11:37:58 --> [DEPRECATED] Creation of dynamic property App\Controllers\MaterialController::$form_validation is deprecated in APPPATH\Controllers\MaterialController.php on line 19.
 1 SYSTEMPATH\CodeIgniter.php(903): App\Controllers\MaterialController->__construct()
 2 SYSTEMPATH\CodeIgniter.php(500): CodeIgniter\CodeIgniter->createController()
 3 SYSTEMPATH\CodeIgniter.php(355): CodeIgniter\CodeIgniter->handleRequest(null, Object(Config\Cache), false)
 4 SYSTEMPATH\Boot.php(325): CodeIgniter\CodeIgniter->run()
 5 SYSTEMPATH\Boot.php(67): CodeIgniter\Boot::runCodeIgniter(Object(CodeIgniter\CodeIgniter))
 6 FCPATH\index.php(56): CodeIgniter\Boot::bootWeb(Object(Config\Paths))
WARNING - 2025-08-05 11:37:58 --> [DEPRECATED] Creation of dynamic property App\Controllers\MaterialController::$userValidation is deprecated in APPPATH\Controllers\MaterialController.php on line 20.
 1 SYSTEMPATH\CodeIgniter.php(903): App\Controllers\MaterialController->__construct()
 2 SYSTEMPATH\CodeIgniter.php(500): CodeIgniter\CodeIgniter->createController()
 3 SYSTEMPATH\CodeIgniter.php(355): CodeIgniter\CodeIgniter->handleRequest(null, Object(Config\Cache), false)
 4 SYSTEMPATH\Boot.php(325): CodeIgniter\CodeIgniter->run()
 5 SYSTEMPATH\Boot.php(67): CodeIgniter\Boot::runCodeIgniter(Object(CodeIgniter\CodeIgniter))
 6 FCPATH\index.php(56): CodeIgniter\Boot::bootWeb(Object(Config\Paths))
INFO - 2025-08-05 11:37:59 --> Session: Class initialized using 'CodeIgniter\Session\Handlers\FileHandler' driver.
WARNING - 2025-08-05 11:37:59 --> [DEPRECATED] Creation of dynamic property App\Controllers\MaterialController::$db is deprecated in APPPATH\Controllers\MaterialController.php on line 15.
 1 SYSTEMPATH\CodeIgniter.php(903): App\Controllers\MaterialController->__construct()
 2 SYSTEMPATH\CodeIgniter.php(500): CodeIgniter\CodeIgniter->createController()
 3 SYSTEMPATH\CodeIgniter.php(355): CodeIgniter\CodeIgniter->handleRequest(null, Object(Config\Cache), false)
 4 SYSTEMPATH\Boot.php(325): CodeIgniter\CodeIgniter->run()
 5 SYSTEMPATH\Boot.php(67): CodeIgniter\Boot::runCodeIgniter(Object(CodeIgniter\CodeIgniter))
 6 FCPATH\index.php(56): CodeIgniter\Boot::bootWeb(Object(Config\Paths))
WARNING - 2025-08-05 11:37:59 --> [DEPRECATED] Creation of dynamic property App\Controllers\MaterialController::$session is deprecated in APPPATH\Controllers\MaterialController.php on line 16.
 1 SYSTEMPATH\CodeIgniter.php(903): App\Controllers\MaterialController->__construct()
 2 SYSTEMPATH\CodeIgniter.php(500): CodeIgniter\CodeIgniter->createController()
 3 SYSTEMPATH\CodeIgniter.php(355): CodeIgniter\CodeIgniter->handleRequest(null, Object(Config\Cache), false)
 4 SYSTEMPATH\Boot.php(325): CodeIgniter\CodeIgniter->run()
 5 SYSTEMPATH\Boot.php(67): CodeIgniter\Boot::runCodeIgniter(Object(CodeIgniter\CodeIgniter))
 6 FCPATH\index.php(56): CodeIgniter\Boot::bootWeb(Object(Config\Paths))
WARNING - 2025-08-05 11:37:59 --> [DEPRECATED] Creation of dynamic property App\Controllers\MaterialController::$uri is deprecated in APPPATH\Controllers\MaterialController.php on line 17.
 1 SYSTEMPATH\CodeIgniter.php(903): App\Controllers\MaterialController->__construct()
 2 SYSTEMPATH\CodeIgniter.php(500): CodeIgniter\CodeIgniter->createController()
 3 SYSTEMPATH\CodeIgniter.php(355): CodeIgniter\CodeIgniter->handleRequest(null, Object(Config\Cache), false)
 4 SYSTEMPATH\Boot.php(325): CodeIgniter\CodeIgniter->run()
 5 SYSTEMPATH\Boot.php(67): CodeIgniter\Boot::runCodeIgniter(Object(CodeIgniter\CodeIgniter))
 6 FCPATH\index.php(56): CodeIgniter\Boot::bootWeb(Object(Config\Paths))
WARNING - 2025-08-05 11:37:59 --> [DEPRECATED] Creation of dynamic property App\Controllers\MaterialController::$form_validation is deprecated in APPPATH\Controllers\MaterialController.php on line 19.
 1 SYSTEMPATH\CodeIgniter.php(903): App\Controllers\MaterialController->__construct()
 2 SYSTEMPATH\CodeIgniter.php(500): CodeIgniter\CodeIgniter->createController()
 3 SYSTEMPATH\CodeIgniter.php(355): CodeIgniter\CodeIgniter->handleRequest(null, Object(Config\Cache), false)
 4 SYSTEMPATH\Boot.php(325): CodeIgniter\CodeIgniter->run()
 5 SYSTEMPATH\Boot.php(67): CodeIgniter\Boot::runCodeIgniter(Object(CodeIgniter\CodeIgniter))
 6 FCPATH\index.php(56): CodeIgniter\Boot::bootWeb(Object(Config\Paths))
WARNING - 2025-08-05 11:37:59 --> [DEPRECATED] Creation of dynamic property App\Controllers\MaterialController::$userValidation is deprecated in APPPATH\Controllers\MaterialController.php on line 20.
 1 SYSTEMPATH\CodeIgniter.php(903): App\Controllers\MaterialController->__construct()
 2 SYSTEMPATH\CodeIgniter.php(500): CodeIgniter\CodeIgniter->createController()
 3 SYSTEMPATH\CodeIgniter.php(355): CodeIgniter\CodeIgniter->handleRequest(null, Object(Config\Cache), false)
 4 SYSTEMPATH\Boot.php(325): CodeIgniter\CodeIgniter->run()
 5 SYSTEMPATH\Boot.php(67): CodeIgniter\Boot::runCodeIgniter(Object(CodeIgniter\CodeIgniter))
 6 FCPATH\index.php(56): CodeIgniter\Boot::bootWeb(Object(Config\Paths))
INFO - 2025-08-05 11:37:59 --> Session: Class initialized using 'CodeIgniter\Session\Handlers\FileHandler' driver.
WARNING - 2025-08-05 11:37:59 --> [DEPRECATED] Creation of dynamic property App\Controllers\MaterialController::$db is deprecated in APPPATH\Controllers\MaterialController.php on line 15.
 1 SYSTEMPATH\CodeIgniter.php(903): App\Controllers\MaterialController->__construct()
 2 SYSTEMPATH\CodeIgniter.php(500): CodeIgniter\CodeIgniter->createController()
 3 SYSTEMPATH\CodeIgniter.php(355): CodeIgniter\CodeIgniter->handleRequest(null, Object(Config\Cache), false)
 4 SYSTEMPATH\Boot.php(325): CodeIgniter\CodeIgniter->run()
 5 SYSTEMPATH\Boot.php(67): CodeIgniter\Boot::runCodeIgniter(Object(CodeIgniter\CodeIgniter))
 6 FCPATH\index.php(56): CodeIgniter\Boot::bootWeb(Object(Config\Paths))
WARNING - 2025-08-05 11:37:59 --> [DEPRECATED] Creation of dynamic property App\Controllers\MaterialController::$session is deprecated in APPPATH\Controllers\MaterialController.php on line 16.
 1 SYSTEMPATH\CodeIgniter.php(903): App\Controllers\MaterialController->__construct()
 2 SYSTEMPATH\CodeIgniter.php(500): CodeIgniter\CodeIgniter->createController()
 3 SYSTEMPATH\CodeIgniter.php(355): CodeIgniter\CodeIgniter->handleRequest(null, Object(Config\Cache), false)
 4 SYSTEMPATH\Boot.php(325): CodeIgniter\CodeIgniter->run()
 5 SYSTEMPATH\Boot.php(67): CodeIgniter\Boot::runCodeIgniter(Object(CodeIgniter\CodeIgniter))
 6 FCPATH\index.php(56): CodeIgniter\Boot::bootWeb(Object(Config\Paths))
WARNING - 2025-08-05 11:37:59 --> [DEPRECATED] Creation of dynamic property App\Controllers\MaterialController::$uri is deprecated in APPPATH\Controllers\MaterialController.php on line 17.
 1 SYSTEMPATH\CodeIgniter.php(903): App\Controllers\MaterialController->__construct()
 2 SYSTEMPATH\CodeIgniter.php(500): CodeIgniter\CodeIgniter->createController()
 3 SYSTEMPATH\CodeIgniter.php(355): CodeIgniter\CodeIgniter->handleRequest(null, Object(Config\Cache), false)
 4 SYSTEMPATH\Boot.php(325): CodeIgniter\CodeIgniter->run()
 5 SYSTEMPATH\Boot.php(67): CodeIgniter\Boot::runCodeIgniter(Object(CodeIgniter\CodeIgniter))
 6 FCPATH\index.php(56): CodeIgniter\Boot::bootWeb(Object(Config\Paths))
WARNING - 2025-08-05 11:37:59 --> [DEPRECATED] Creation of dynamic property App\Controllers\MaterialController::$form_validation is deprecated in APPPATH\Controllers\MaterialController.php on line 19.
 1 SYSTEMPATH\CodeIgniter.php(903): App\Controllers\MaterialController->__construct()
 2 SYSTEMPATH\CodeIgniter.php(500): CodeIgniter\CodeIgniter->createController()
 3 SYSTEMPATH\CodeIgniter.php(355): CodeIgniter\CodeIgniter->handleRequest(null, Object(Config\Cache), false)
 4 SYSTEMPATH\Boot.php(325): CodeIgniter\CodeIgniter->run()
 5 SYSTEMPATH\Boot.php(67): CodeIgniter\Boot::runCodeIgniter(Object(CodeIgniter\CodeIgniter))
 6 FCPATH\index.php(56): CodeIgniter\Boot::bootWeb(Object(Config\Paths))
WARNING - 2025-08-05 11:37:59 --> [DEPRECATED] Creation of dynamic property App\Controllers\MaterialController::$userValidation is deprecated in APPPATH\Controllers\MaterialController.php on line 20.
 1 SYSTEMPATH\CodeIgniter.php(903): App\Controllers\MaterialController->__construct()
 2 SYSTEMPATH\CodeIgniter.php(500): CodeIgniter\CodeIgniter->createController()
 3 SYSTEMPATH\CodeIgniter.php(355): CodeIgniter\CodeIgniter->handleRequest(null, Object(Config\Cache), false)
 4 SYSTEMPATH\Boot.php(325): CodeIgniter\CodeIgniter->run()
 5 SYSTEMPATH\Boot.php(67): CodeIgniter\Boot::runCodeIgniter(Object(CodeIgniter\CodeIgniter))
 6 FCPATH\index.php(56): CodeIgniter\Boot::bootWeb(Object(Config\Paths))
INFO - 2025-08-05 11:38:00 --> Session: Class initialized using 'CodeIgniter\Session\Handlers\FileHandler' driver.
WARNING - 2025-08-05 11:38:00 --> [DEPRECATED] Creation of dynamic property App\Controllers\MaterialController::$db is deprecated in APPPATH\Controllers\MaterialController.php on line 15.
 1 SYSTEMPATH\CodeIgniter.php(903): App\Controllers\MaterialController->__construct()
 2 SYSTEMPATH\CodeIgniter.php(500): CodeIgniter\CodeIgniter->createController()
 3 SYSTEMPATH\CodeIgniter.php(355): CodeIgniter\CodeIgniter->handleRequest(null, Object(Config\Cache), false)
 4 SYSTEMPATH\Boot.php(325): CodeIgniter\CodeIgniter->run()
 5 SYSTEMPATH\Boot.php(67): CodeIgniter\Boot::runCodeIgniter(Object(CodeIgniter\CodeIgniter))
 6 FCPATH\index.php(56): CodeIgniter\Boot::bootWeb(Object(Config\Paths))
WARNING - 2025-08-05 11:38:00 --> [DEPRECATED] Creation of dynamic property App\Controllers\MaterialController::$session is deprecated in APPPATH\Controllers\MaterialController.php on line 16.
 1 SYSTEMPATH\CodeIgniter.php(903): App\Controllers\MaterialController->__construct()
 2 SYSTEMPATH\CodeIgniter.php(500): CodeIgniter\CodeIgniter->createController()
 3 SYSTEMPATH\CodeIgniter.php(355): CodeIgniter\CodeIgniter->handleRequest(null, Object(Config\Cache), false)
 4 SYSTEMPATH\Boot.php(325): CodeIgniter\CodeIgniter->run()
 5 SYSTEMPATH\Boot.php(67): CodeIgniter\Boot::runCodeIgniter(Object(CodeIgniter\CodeIgniter))
 6 FCPATH\index.php(56): CodeIgniter\Boot::bootWeb(Object(Config\Paths))
WARNING - 2025-08-05 11:38:00 --> [DEPRECATED] Creation of dynamic property App\Controllers\MaterialController::$uri is deprecated in APPPATH\Controllers\MaterialController.php on line 17.
 1 SYSTEMPATH\CodeIgniter.php(903): App\Controllers\MaterialController->__construct()
 2 SYSTEMPATH\CodeIgniter.php(500): CodeIgniter\CodeIgniter->createController()
 3 SYSTEMPATH\CodeIgniter.php(355): CodeIgniter\CodeIgniter->handleRequest(null, Object(Config\Cache), false)
 4 SYSTEMPATH\Boot.php(325): CodeIgniter\CodeIgniter->run()
 5 SYSTEMPATH\Boot.php(67): CodeIgniter\Boot::runCodeIgniter(Object(CodeIgniter\CodeIgniter))
 6 FCPATH\index.php(56): CodeIgniter\Boot::bootWeb(Object(Config\Paths))
WARNING - 2025-08-05 11:38:00 --> [DEPRECATED] Creation of dynamic property App\Controllers\MaterialController::$form_validation is deprecated in APPPATH\Controllers\MaterialController.php on line 19.
 1 SYSTEMPATH\CodeIgniter.php(903): App\Controllers\MaterialController->__construct()
 2 SYSTEMPATH\CodeIgniter.php(500): CodeIgniter\CodeIgniter->createController()
 3 SYSTEMPATH\CodeIgniter.php(355): CodeIgniter\CodeIgniter->handleRequest(null, Object(Config\Cache), false)
 4 SYSTEMPATH\Boot.php(325): CodeIgniter\CodeIgniter->run()
 5 SYSTEMPATH\Boot.php(67): CodeIgniter\Boot::runCodeIgniter(Object(CodeIgniter\CodeIgniter))
 6 FCPATH\index.php(56): CodeIgniter\Boot::bootWeb(Object(Config\Paths))
WARNING - 2025-08-05 11:38:00 --> [DEPRECATED] Creation of dynamic property App\Controllers\MaterialController::$userValidation is deprecated in APPPATH\Controllers\MaterialController.php on line 20.
 1 SYSTEMPATH\CodeIgniter.php(903): App\Controllers\MaterialController->__construct()
 2 SYSTEMPATH\CodeIgniter.php(500): CodeIgniter\CodeIgniter->createController()
 3 SYSTEMPATH\CodeIgniter.php(355): CodeIgniter\CodeIgniter->handleRequest(null, Object(Config\Cache), false)
 4 SYSTEMPATH\Boot.php(325): CodeIgniter\CodeIgniter->run()
 5 SYSTEMPATH\Boot.php(67): CodeIgniter\Boot::runCodeIgniter(Object(CodeIgniter\CodeIgniter))
 6 FCPATH\index.php(56): CodeIgniter\Boot::bootWeb(Object(Config\Paths))
INFO - 2025-08-05 11:38:00 --> Session: Class initialized using 'CodeIgniter\Session\Handlers\FileHandler' driver.
WARNING - 2025-08-05 11:38:00 --> [DEPRECATED] Creation of dynamic property App\Controllers\MaterialController::$db is deprecated in APPPATH\Controllers\MaterialController.php on line 15.
 1 SYSTEMPATH\CodeIgniter.php(903): App\Controllers\MaterialController->__construct()
 2 SYSTEMPATH\CodeIgniter.php(500): CodeIgniter\CodeIgniter->createController()
 3 SYSTEMPATH\CodeIgniter.php(355): CodeIgniter\CodeIgniter->handleRequest(null, Object(Config\Cache), false)
 4 SYSTEMPATH\Boot.php(325): CodeIgniter\CodeIgniter->run()
 5 SYSTEMPATH\Boot.php(67): CodeIgniter\Boot::runCodeIgniter(Object(CodeIgniter\CodeIgniter))
 6 FCPATH\index.php(56): CodeIgniter\Boot::bootWeb(Object(Config\Paths))
WARNING - 2025-08-05 11:38:00 --> [DEPRECATED] Creation of dynamic property App\Controllers\MaterialController::$session is deprecated in APPPATH\Controllers\MaterialController.php on line 16.
 1 SYSTEMPATH\CodeIgniter.php(903): App\Controllers\MaterialController->__construct()
 2 SYSTEMPATH\CodeIgniter.php(500): CodeIgniter\CodeIgniter->createController()
 3 SYSTEMPATH\CodeIgniter.php(355): CodeIgniter\CodeIgniter->handleRequest(null, Object(Config\Cache), false)
 4 SYSTEMPATH\Boot.php(325): CodeIgniter\CodeIgniter->run()
 5 SYSTEMPATH\Boot.php(67): CodeIgniter\Boot::runCodeIgniter(Object(CodeIgniter\CodeIgniter))
 6 FCPATH\index.php(56): CodeIgniter\Boot::bootWeb(Object(Config\Paths))
WARNING - 2025-08-05 11:38:00 --> [DEPRECATED] Creation of dynamic property App\Controllers\MaterialController::$uri is deprecated in APPPATH\Controllers\MaterialController.php on line 17.
 1 SYSTEMPATH\CodeIgniter.php(903): App\Controllers\MaterialController->__construct()
 2 SYSTEMPATH\CodeIgniter.php(500): CodeIgniter\CodeIgniter->createController()
 3 SYSTEMPATH\CodeIgniter.php(355): CodeIgniter\CodeIgniter->handleRequest(null, Object(Config\Cache), false)
 4 SYSTEMPATH\Boot.php(325): CodeIgniter\CodeIgniter->run()
 5 SYSTEMPATH\Boot.php(67): CodeIgniter\Boot::runCodeIgniter(Object(CodeIgniter\CodeIgniter))
 6 FCPATH\index.php(56): CodeIgniter\Boot::bootWeb(Object(Config\Paths))
WARNING - 2025-08-05 11:38:00 --> [DEPRECATED] Creation of dynamic property App\Controllers\MaterialController::$form_validation is deprecated in APPPATH\Controllers\MaterialController.php on line 19.
 1 SYSTEMPATH\CodeIgniter.php(903): App\Controllers\MaterialController->__construct()
 2 SYSTEMPATH\CodeIgniter.php(500): CodeIgniter\CodeIgniter->createController()
 3 SYSTEMPATH\CodeIgniter.php(355): CodeIgniter\CodeIgniter->handleRequest(null, Object(Config\Cache), false)
 4 SYSTEMPATH\Boot.php(325): CodeIgniter\CodeIgniter->run()
 5 SYSTEMPATH\Boot.php(67): CodeIgniter\Boot::runCodeIgniter(Object(CodeIgniter\CodeIgniter))
 6 FCPATH\index.php(56): CodeIgniter\Boot::bootWeb(Object(Config\Paths))
WARNING - 2025-08-05 11:38:00 --> [DEPRECATED] Creation of dynamic property App\Controllers\MaterialController::$userValidation is deprecated in APPPATH\Controllers\MaterialController.php on line 20.
 1 SYSTEMPATH\CodeIgniter.php(903): App\Controllers\MaterialController->__construct()
 2 SYSTEMPATH\CodeIgniter.php(500): CodeIgniter\CodeIgniter->createController()
 3 SYSTEMPATH\CodeIgniter.php(355): CodeIgniter\CodeIgniter->handleRequest(null, Object(Config\Cache), false)
 4 SYSTEMPATH\Boot.php(325): CodeIgniter\CodeIgniter->run()
 5 SYSTEMPATH\Boot.php(67): CodeIgniter\Boot::runCodeIgniter(Object(CodeIgniter\CodeIgniter))
 6 FCPATH\index.php(56): CodeIgniter\Boot::bootWeb(Object(Config\Paths))
INFO - 2025-08-05 11:38:03 --> Session: Class initialized using 'CodeIgniter\Session\Handlers\FileHandler' driver.
WARNING - 2025-08-05 11:38:03 --> [DEPRECATED] Creation of dynamic property App\Controllers\MaterialController::$db is deprecated in APPPATH\Controllers\MaterialController.php on line 15.
 1 SYSTEMPATH\CodeIgniter.php(903): App\Controllers\MaterialController->__construct()
 2 SYSTEMPATH\CodeIgniter.php(500): CodeIgniter\CodeIgniter->createController()
 3 SYSTEMPATH\CodeIgniter.php(355): CodeIgniter\CodeIgniter->handleRequest(null, Object(Config\Cache), false)
 4 SYSTEMPATH\Boot.php(325): CodeIgniter\CodeIgniter->run()
 5 SYSTEMPATH\Boot.php(67): CodeIgniter\Boot::runCodeIgniter(Object(CodeIgniter\CodeIgniter))
 6 FCPATH\index.php(56): CodeIgniter\Boot::bootWeb(Object(Config\Paths))
WARNING - 2025-08-05 11:38:03 --> [DEPRECATED] Creation of dynamic property App\Controllers\MaterialController::$session is deprecated in APPPATH\Controllers\MaterialController.php on line 16.
 1 SYSTEMPATH\CodeIgniter.php(903): App\Controllers\MaterialController->__construct()
 2 SYSTEMPATH\CodeIgniter.php(500): CodeIgniter\CodeIgniter->createController()
 3 SYSTEMPATH\CodeIgniter.php(355): CodeIgniter\CodeIgniter->handleRequest(null, Object(Config\Cache), false)
 4 SYSTEMPATH\Boot.php(325): CodeIgniter\CodeIgniter->run()
 5 SYSTEMPATH\Boot.php(67): CodeIgniter\Boot::runCodeIgniter(Object(CodeIgniter\CodeIgniter))
 6 FCPATH\index.php(56): CodeIgniter\Boot::bootWeb(Object(Config\Paths))
WARNING - 2025-08-05 11:38:03 --> [DEPRECATED] Creation of dynamic property App\Controllers\MaterialController::$uri is deprecated in APPPATH\Controllers\MaterialController.php on line 17.
 1 SYSTEMPATH\CodeIgniter.php(903): App\Controllers\MaterialController->__construct()
 2 SYSTEMPATH\CodeIgniter.php(500): CodeIgniter\CodeIgniter->createController()
 3 SYSTEMPATH\CodeIgniter.php(355): CodeIgniter\CodeIgniter->handleRequest(null, Object(Config\Cache), false)
 4 SYSTEMPATH\Boot.php(325): CodeIgniter\CodeIgniter->run()
 5 SYSTEMPATH\Boot.php(67): CodeIgniter\Boot::runCodeIgniter(Object(CodeIgniter\CodeIgniter))
 6 FCPATH\index.php(56): CodeIgniter\Boot::bootWeb(Object(Config\Paths))
WARNING - 2025-08-05 11:38:03 --> [DEPRECATED] Creation of dynamic property App\Controllers\MaterialController::$form_validation is deprecated in APPPATH\Controllers\MaterialController.php on line 19.
 1 SYSTEMPATH\CodeIgniter.php(903): App\Controllers\MaterialController->__construct()
 2 SYSTEMPATH\CodeIgniter.php(500): CodeIgniter\CodeIgniter->createController()
 3 SYSTEMPATH\CodeIgniter.php(355): CodeIgniter\CodeIgniter->handleRequest(null, Object(Config\Cache), false)
 4 SYSTEMPATH\Boot.php(325): CodeIgniter\CodeIgniter->run()
 5 SYSTEMPATH\Boot.php(67): CodeIgniter\Boot::runCodeIgniter(Object(CodeIgniter\CodeIgniter))
 6 FCPATH\index.php(56): CodeIgniter\Boot::bootWeb(Object(Config\Paths))
WARNING - 2025-08-05 11:38:03 --> [DEPRECATED] Creation of dynamic property App\Controllers\MaterialController::$userValidation is deprecated in APPPATH\Controllers\MaterialController.php on line 20.
 1 SYSTEMPATH\CodeIgniter.php(903): App\Controllers\MaterialController->__construct()
 2 SYSTEMPATH\CodeIgniter.php(500): CodeIgniter\CodeIgniter->createController()
 3 SYSTEMPATH\CodeIgniter.php(355): CodeIgniter\CodeIgniter->handleRequest(null, Object(Config\Cache), false)
 4 SYSTEMPATH\Boot.php(325): CodeIgniter\CodeIgniter->run()
 5 SYSTEMPATH\Boot.php(67): CodeIgniter\Boot::runCodeIgniter(Object(CodeIgniter\CodeIgniter))
 6 FCPATH\index.php(56): CodeIgniter\Boot::bootWeb(Object(Config\Paths))
INFO - 2025-08-05 11:38:04 --> Session: Class initialized using 'CodeIgniter\Session\Handlers\FileHandler' driver.
WARNING - 2025-08-05 11:38:04 --> [DEPRECATED] Creation of dynamic property App\Controllers\MaterialController::$db is deprecated in APPPATH\Controllers\MaterialController.php on line 15.
 1 SYSTEMPATH\CodeIgniter.php(903): App\Controllers\MaterialController->__construct()
 2 SYSTEMPATH\CodeIgniter.php(500): CodeIgniter\CodeIgniter->createController()
 3 SYSTEMPATH\CodeIgniter.php(355): CodeIgniter\CodeIgniter->handleRequest(null, Object(Config\Cache), false)
 4 SYSTEMPATH\Boot.php(325): CodeIgniter\CodeIgniter->run()
 5 SYSTEMPATH\Boot.php(67): CodeIgniter\Boot::runCodeIgniter(Object(CodeIgniter\CodeIgniter))
 6 FCPATH\index.php(56): CodeIgniter\Boot::bootWeb(Object(Config\Paths))
WARNING - 2025-08-05 11:38:04 --> [DEPRECATED] Creation of dynamic property App\Controllers\MaterialController::$session is deprecated in APPPATH\Controllers\MaterialController.php on line 16.
 1 SYSTEMPATH\CodeIgniter.php(903): App\Controllers\MaterialController->__construct()
 2 SYSTEMPATH\CodeIgniter.php(500): CodeIgniter\CodeIgniter->createController()
 3 SYSTEMPATH\CodeIgniter.php(355): CodeIgniter\CodeIgniter->handleRequest(null, Object(Config\Cache), false)
 4 SYSTEMPATH\Boot.php(325): CodeIgniter\CodeIgniter->run()
 5 SYSTEMPATH\Boot.php(67): CodeIgniter\Boot::runCodeIgniter(Object(CodeIgniter\CodeIgniter))
 6 FCPATH\index.php(56): CodeIgniter\Boot::bootWeb(Object(Config\Paths))
WARNING - 2025-08-05 11:38:04 --> [DEPRECATED] Creation of dynamic property App\Controllers\MaterialController::$uri is deprecated in APPPATH\Controllers\MaterialController.php on line 17.
 1 SYSTEMPATH\CodeIgniter.php(903): App\Controllers\MaterialController->__construct()
 2 SYSTEMPATH\CodeIgniter.php(500): CodeIgniter\CodeIgniter->createController()
 3 SYSTEMPATH\CodeIgniter.php(355): CodeIgniter\CodeIgniter->handleRequest(null, Object(Config\Cache), false)
 4 SYSTEMPATH\Boot.php(325): CodeIgniter\CodeIgniter->run()
 5 SYSTEMPATH\Boot.php(67): CodeIgniter\Boot::runCodeIgniter(Object(CodeIgniter\CodeIgniter))
 6 FCPATH\index.php(56): CodeIgniter\Boot::bootWeb(Object(Config\Paths))
WARNING - 2025-08-05 11:38:04 --> [DEPRECATED] Creation of dynamic property App\Controllers\MaterialController::$form_validation is deprecated in APPPATH\Controllers\MaterialController.php on line 19.
 1 SYSTEMPATH\CodeIgniter.php(903): App\Controllers\MaterialController->__construct()
 2 SYSTEMPATH\CodeIgniter.php(500): CodeIgniter\CodeIgniter->createController()
 3 SYSTEMPATH\CodeIgniter.php(355): CodeIgniter\CodeIgniter->handleRequest(null, Object(Config\Cache), false)
 4 SYSTEMPATH\Boot.php(325): CodeIgniter\CodeIgniter->run()
 5 SYSTEMPATH\Boot.php(67): CodeIgniter\Boot::runCodeIgniter(Object(CodeIgniter\CodeIgniter))
 6 FCPATH\index.php(56): CodeIgniter\Boot::bootWeb(Object(Config\Paths))
WARNING - 2025-08-05 11:38:04 --> [DEPRECATED] Creation of dynamic property App\Controllers\MaterialController::$userValidation is deprecated in APPPATH\Controllers\MaterialController.php on line 20.
 1 SYSTEMPATH\CodeIgniter.php(903): App\Controllers\MaterialController->__construct()
 2 SYSTEMPATH\CodeIgniter.php(500): CodeIgniter\CodeIgniter->createController()
 3 SYSTEMPATH\CodeIgniter.php(355): CodeIgniter\CodeIgniter->handleRequest(null, Object(Config\Cache), false)
 4 SYSTEMPATH\Boot.php(325): CodeIgniter\CodeIgniter->run()
 5 SYSTEMPATH\Boot.php(67): CodeIgniter\Boot::runCodeIgniter(Object(CodeIgniter\CodeIgniter))
 6 FCPATH\index.php(56): CodeIgniter\Boot::bootWeb(Object(Config\Paths))
INFO - 2025-08-05 11:38:04 --> Session: Class initialized using 'CodeIgniter\Session\Handlers\FileHandler' driver.
WARNING - 2025-08-05 11:38:04 --> [DEPRECATED] Creation of dynamic property App\Controllers\MaterialController::$db is deprecated in APPPATH\Controllers\MaterialController.php on line 15.
 1 SYSTEMPATH\CodeIgniter.php(903): App\Controllers\MaterialController->__construct()
 2 SYSTEMPATH\CodeIgniter.php(500): CodeIgniter\CodeIgniter->createController()
 3 SYSTEMPATH\CodeIgniter.php(355): CodeIgniter\CodeIgniter->handleRequest(null, Object(Config\Cache), false)
 4 SYSTEMPATH\Boot.php(325): CodeIgniter\CodeIgniter->run()
 5 SYSTEMPATH\Boot.php(67): CodeIgniter\Boot::runCodeIgniter(Object(CodeIgniter\CodeIgniter))
 6 FCPATH\index.php(56): CodeIgniter\Boot::bootWeb(Object(Config\Paths))
WARNING - 2025-08-05 11:38:04 --> [DEPRECATED] Creation of dynamic property App\Controllers\MaterialController::$session is deprecated in APPPATH\Controllers\MaterialController.php on line 16.
 1 SYSTEMPATH\CodeIgniter.php(903): App\Controllers\MaterialController->__construct()
 2 SYSTEMPATH\CodeIgniter.php(500): CodeIgniter\CodeIgniter->createController()
 3 SYSTEMPATH\CodeIgniter.php(355): CodeIgniter\CodeIgniter->handleRequest(null, Object(Config\Cache), false)
 4 SYSTEMPATH\Boot.php(325): CodeIgniter\CodeIgniter->run()
 5 SYSTEMPATH\Boot.php(67): CodeIgniter\Boot::runCodeIgniter(Object(CodeIgniter\CodeIgniter))
 6 FCPATH\index.php(56): CodeIgniter\Boot::bootWeb(Object(Config\Paths))
WARNING - 2025-08-05 11:38:04 --> [DEPRECATED] Creation of dynamic property App\Controllers\MaterialController::$uri is deprecated in APPPATH\Controllers\MaterialController.php on line 17.
 1 SYSTEMPATH\CodeIgniter.php(903): App\Controllers\MaterialController->__construct()
 2 SYSTEMPATH\CodeIgniter.php(500): CodeIgniter\CodeIgniter->createController()
 3 SYSTEMPATH\CodeIgniter.php(355): CodeIgniter\CodeIgniter->handleRequest(null, Object(Config\Cache), false)
 4 SYSTEMPATH\Boot.php(325): CodeIgniter\CodeIgniter->run()
 5 SYSTEMPATH\Boot.php(67): CodeIgniter\Boot::runCodeIgniter(Object(CodeIgniter\CodeIgniter))
 6 FCPATH\index.php(56): CodeIgniter\Boot::bootWeb(Object(Config\Paths))
WARNING - 2025-08-05 11:38:04 --> [DEPRECATED] Creation of dynamic property App\Controllers\MaterialController::$form_validation is deprecated in APPPATH\Controllers\MaterialController.php on line 19.
 1 SYSTEMPATH\CodeIgniter.php(903): App\Controllers\MaterialController->__construct()
 2 SYSTEMPATH\CodeIgniter.php(500): CodeIgniter\CodeIgniter->createController()
 3 SYSTEMPATH\CodeIgniter.php(355): CodeIgniter\CodeIgniter->handleRequest(null, Object(Config\Cache), false)
 4 SYSTEMPATH\Boot.php(325): CodeIgniter\CodeIgniter->run()
 5 SYSTEMPATH\Boot.php(67): CodeIgniter\Boot::runCodeIgniter(Object(CodeIgniter\CodeIgniter))
 6 FCPATH\index.php(56): CodeIgniter\Boot::bootWeb(Object(Config\Paths))
WARNING - 2025-08-05 11:38:04 --> [DEPRECATED] Creation of dynamic property App\Controllers\MaterialController::$userValidation is deprecated in APPPATH\Controllers\MaterialController.php on line 20.
 1 SYSTEMPATH\CodeIgniter.php(903): App\Controllers\MaterialController->__construct()
 2 SYSTEMPATH\CodeIgniter.php(500): CodeIgniter\CodeIgniter->createController()
 3 SYSTEMPATH\CodeIgniter.php(355): CodeIgniter\CodeIgniter->handleRequest(null, Object(Config\Cache), false)
 4 SYSTEMPATH\Boot.php(325): CodeIgniter\CodeIgniter->run()
 5 SYSTEMPATH\Boot.php(67): CodeIgniter\Boot::runCodeIgniter(Object(CodeIgniter\CodeIgniter))
 6 FCPATH\index.php(56): CodeIgniter\Boot::bootWeb(Object(Config\Paths))
INFO - 2025-08-05 11:39:29 --> Session: Class initialized using 'CodeIgniter\Session\Handlers\FileHandler' driver.
WARNING - 2025-08-05 11:39:29 --> [DEPRECATED] Creation of dynamic property App\Controllers\MaterialController::$db is deprecated in APPPATH\Controllers\MaterialController.php on line 15.
 1 SYSTEMPATH\CodeIgniter.php(903): App\Controllers\MaterialController->__construct()
 2 SYSTEMPATH\CodeIgniter.php(500): CodeIgniter\CodeIgniter->createController()
 3 SYSTEMPATH\CodeIgniter.php(355): CodeIgniter\CodeIgniter->handleRequest(null, Object(Config\Cache), false)
 4 SYSTEMPATH\Boot.php(325): CodeIgniter\CodeIgniter->run()
 5 SYSTEMPATH\Boot.php(67): CodeIgniter\Boot::runCodeIgniter(Object(CodeIgniter\CodeIgniter))
 6 FCPATH\index.php(56): CodeIgniter\Boot::bootWeb(Object(Config\Paths))
WARNING - 2025-08-05 11:39:29 --> [DEPRECATED] Creation of dynamic property App\Controllers\MaterialController::$session is deprecated in APPPATH\Controllers\MaterialController.php on line 16.
 1 SYSTEMPATH\CodeIgniter.php(903): App\Controllers\MaterialController->__construct()
 2 SYSTEMPATH\CodeIgniter.php(500): CodeIgniter\CodeIgniter->createController()
 3 SYSTEMPATH\CodeIgniter.php(355): CodeIgniter\CodeIgniter->handleRequest(null, Object(Config\Cache), false)
 4 SYSTEMPATH\Boot.php(325): CodeIgniter\CodeIgniter->run()
 5 SYSTEMPATH\Boot.php(67): CodeIgniter\Boot::runCodeIgniter(Object(CodeIgniter\CodeIgniter))
 6 FCPATH\index.php(56): CodeIgniter\Boot::bootWeb(Object(Config\Paths))
WARNING - 2025-08-05 11:39:29 --> [DEPRECATED] Creation of dynamic property App\Controllers\MaterialController::$uri is deprecated in APPPATH\Controllers\MaterialController.php on line 17.
 1 SYSTEMPATH\CodeIgniter.php(903): App\Controllers\MaterialController->__construct()
 2 SYSTEMPATH\CodeIgniter.php(500): CodeIgniter\CodeIgniter->createController()
 3 SYSTEMPATH\CodeIgniter.php(355): CodeIgniter\CodeIgniter->handleRequest(null, Object(Config\Cache), false)
 4 SYSTEMPATH\Boot.php(325): CodeIgniter\CodeIgniter->run()
 5 SYSTEMPATH\Boot.php(67): CodeIgniter\Boot::runCodeIgniter(Object(CodeIgniter\CodeIgniter))
 6 FCPATH\index.php(56): CodeIgniter\Boot::bootWeb(Object(Config\Paths))
WARNING - 2025-08-05 11:39:29 --> [DEPRECATED] Creation of dynamic property App\Controllers\MaterialController::$form_validation is deprecated in APPPATH\Controllers\MaterialController.php on line 19.
 1 SYSTEMPATH\CodeIgniter.php(903): App\Controllers\MaterialController->__construct()
 2 SYSTEMPATH\CodeIgniter.php(500): CodeIgniter\CodeIgniter->createController()
 3 SYSTEMPATH\CodeIgniter.php(355): CodeIgniter\CodeIgniter->handleRequest(null, Object(Config\Cache), false)
 4 SYSTEMPATH\Boot.php(325): CodeIgniter\CodeIgniter->run()
 5 SYSTEMPATH\Boot.php(67): CodeIgniter\Boot::runCodeIgniter(Object(CodeIgniter\CodeIgniter))
 6 FCPATH\index.php(56): CodeIgniter\Boot::bootWeb(Object(Config\Paths))
WARNING - 2025-08-05 11:39:29 --> [DEPRECATED] Creation of dynamic property App\Controllers\MaterialController::$userValidation is deprecated in APPPATH\Controllers\MaterialController.php on line 20.
 1 SYSTEMPATH\CodeIgniter.php(903): App\Controllers\MaterialController->__construct()
 2 SYSTEMPATH\CodeIgniter.php(500): CodeIgniter\CodeIgniter->createController()
 3 SYSTEMPATH\CodeIgniter.php(355): CodeIgniter\CodeIgniter->handleRequest(null, Object(Config\Cache), false)
 4 SYSTEMPATH\Boot.php(325): CodeIgniter\CodeIgniter->run()
 5 SYSTEMPATH\Boot.php(67): CodeIgniter\Boot::runCodeIgniter(Object(CodeIgniter\CodeIgniter))
 6 FCPATH\index.php(56): CodeIgniter\Boot::bootWeb(Object(Config\Paths))
INFO - 2025-08-05 11:39:30 --> Session: Class initialized using 'CodeIgniter\Session\Handlers\FileHandler' driver.
WARNING - 2025-08-05 11:39:30 --> [DEPRECATED] Creation of dynamic property App\Controllers\MaterialController::$db is deprecated in APPPATH\Controllers\MaterialController.php on line 15.
 1 SYSTEMPATH\CodeIgniter.php(903): App\Controllers\MaterialController->__construct()
 2 SYSTEMPATH\CodeIgniter.php(500): CodeIgniter\CodeIgniter->createController()
 3 SYSTEMPATH\CodeIgniter.php(355): CodeIgniter\CodeIgniter->handleRequest(null, Object(Config\Cache), false)
 4 SYSTEMPATH\Boot.php(325): CodeIgniter\CodeIgniter->run()
 5 SYSTEMPATH\Boot.php(67): CodeIgniter\Boot::runCodeIgniter(Object(CodeIgniter\CodeIgniter))
 6 FCPATH\index.php(56): CodeIgniter\Boot::bootWeb(Object(Config\Paths))
WARNING - 2025-08-05 11:39:30 --> [DEPRECATED] Creation of dynamic property App\Controllers\MaterialController::$session is deprecated in APPPATH\Controllers\MaterialController.php on line 16.
 1 SYSTEMPATH\CodeIgniter.php(903): App\Controllers\MaterialController->__construct()
 2 SYSTEMPATH\CodeIgniter.php(500): CodeIgniter\CodeIgniter->createController()
 3 SYSTEMPATH\CodeIgniter.php(355): CodeIgniter\CodeIgniter->handleRequest(null, Object(Config\Cache), false)
 4 SYSTEMPATH\Boot.php(325): CodeIgniter\CodeIgniter->run()
 5 SYSTEMPATH\Boot.php(67): CodeIgniter\Boot::runCodeIgniter(Object(CodeIgniter\CodeIgniter))
 6 FCPATH\index.php(56): CodeIgniter\Boot::bootWeb(Object(Config\Paths))
WARNING - 2025-08-05 11:39:30 --> [DEPRECATED] Creation of dynamic property App\Controllers\MaterialController::$uri is deprecated in APPPATH\Controllers\MaterialController.php on line 17.
 1 SYSTEMPATH\CodeIgniter.php(903): App\Controllers\MaterialController->__construct()
 2 SYSTEMPATH\CodeIgniter.php(500): CodeIgniter\CodeIgniter->createController()
 3 SYSTEMPATH\CodeIgniter.php(355): CodeIgniter\CodeIgniter->handleRequest(null, Object(Config\Cache), false)
 4 SYSTEMPATH\Boot.php(325): CodeIgniter\CodeIgniter->run()
 5 SYSTEMPATH\Boot.php(67): CodeIgniter\Boot::runCodeIgniter(Object(CodeIgniter\CodeIgniter))
 6 FCPATH\index.php(56): CodeIgniter\Boot::bootWeb(Object(Config\Paths))
WARNING - 2025-08-05 11:39:30 --> [DEPRECATED] Creation of dynamic property App\Controllers\MaterialController::$form_validation is deprecated in APPPATH\Controllers\MaterialController.php on line 19.
 1 SYSTEMPATH\CodeIgniter.php(903): App\Controllers\MaterialController->__construct()
 2 SYSTEMPATH\CodeIgniter.php(500): CodeIgniter\CodeIgniter->createController()
 3 SYSTEMPATH\CodeIgniter.php(355): CodeIgniter\CodeIgniter->handleRequest(null, Object(Config\Cache), false)
 4 SYSTEMPATH\Boot.php(325): CodeIgniter\CodeIgniter->run()
 5 SYSTEMPATH\Boot.php(67): CodeIgniter\Boot::runCodeIgniter(Object(CodeIgniter\CodeIgniter))
 6 FCPATH\index.php(56): CodeIgniter\Boot::bootWeb(Object(Config\Paths))
WARNING - 2025-08-05 11:39:30 --> [DEPRECATED] Creation of dynamic property App\Controllers\MaterialController::$userValidation is deprecated in APPPATH\Controllers\MaterialController.php on line 20.
 1 SYSTEMPATH\CodeIgniter.php(903): App\Controllers\MaterialController->__construct()
 2 SYSTEMPATH\CodeIgniter.php(500): CodeIgniter\CodeIgniter->createController()
 3 SYSTEMPATH\CodeIgniter.php(355): CodeIgniter\CodeIgniter->handleRequest(null, Object(Config\Cache), false)
 4 SYSTEMPATH\Boot.php(325): CodeIgniter\CodeIgniter->run()
 5 SYSTEMPATH\Boot.php(67): CodeIgniter\Boot::runCodeIgniter(Object(CodeIgniter\CodeIgniter))
 6 FCPATH\index.php(56): CodeIgniter\Boot::bootWeb(Object(Config\Paths))
INFO - 2025-08-05 11:39:30 --> Session: Class initialized using 'CodeIgniter\Session\Handlers\FileHandler' driver.
WARNING - 2025-08-05 11:39:30 --> [DEPRECATED] Creation of dynamic property App\Controllers\MaterialController::$db is deprecated in APPPATH\Controllers\MaterialController.php on line 15.
 1 SYSTEMPATH\CodeIgniter.php(903): App\Controllers\MaterialController->__construct()
 2 SYSTEMPATH\CodeIgniter.php(500): CodeIgniter\CodeIgniter->createController()
 3 SYSTEMPATH\CodeIgniter.php(355): CodeIgniter\CodeIgniter->handleRequest(null, Object(Config\Cache), false)
 4 SYSTEMPATH\Boot.php(325): CodeIgniter\CodeIgniter->run()
 5 SYSTEMPATH\Boot.php(67): CodeIgniter\Boot::runCodeIgniter(Object(CodeIgniter\CodeIgniter))
 6 FCPATH\index.php(56): CodeIgniter\Boot::bootWeb(Object(Config\Paths))
WARNING - 2025-08-05 11:39:30 --> [DEPRECATED] Creation of dynamic property App\Controllers\MaterialController::$session is deprecated in APPPATH\Controllers\MaterialController.php on line 16.
 1 SYSTEMPATH\CodeIgniter.php(903): App\Controllers\MaterialController->__construct()
 2 SYSTEMPATH\CodeIgniter.php(500): CodeIgniter\CodeIgniter->createController()
 3 SYSTEMPATH\CodeIgniter.php(355): CodeIgniter\CodeIgniter->handleRequest(null, Object(Config\Cache), false)
 4 SYSTEMPATH\Boot.php(325): CodeIgniter\CodeIgniter->run()
 5 SYSTEMPATH\Boot.php(67): CodeIgniter\Boot::runCodeIgniter(Object(CodeIgniter\CodeIgniter))
 6 FCPATH\index.php(56): CodeIgniter\Boot::bootWeb(Object(Config\Paths))
WARNING - 2025-08-05 11:39:30 --> [DEPRECATED] Creation of dynamic property App\Controllers\MaterialController::$uri is deprecated in APPPATH\Controllers\MaterialController.php on line 17.
 1 SYSTEMPATH\CodeIgniter.php(903): App\Controllers\MaterialController->__construct()
 2 SYSTEMPATH\CodeIgniter.php(500): CodeIgniter\CodeIgniter->createController()
 3 SYSTEMPATH\CodeIgniter.php(355): CodeIgniter\CodeIgniter->handleRequest(null, Object(Config\Cache), false)
 4 SYSTEMPATH\Boot.php(325): CodeIgniter\CodeIgniter->run()
 5 SYSTEMPATH\Boot.php(67): CodeIgniter\Boot::runCodeIgniter(Object(CodeIgniter\CodeIgniter))
 6 FCPATH\index.php(56): CodeIgniter\Boot::bootWeb(Object(Config\Paths))
WARNING - 2025-08-05 11:39:30 --> [DEPRECATED] Creation of dynamic property App\Controllers\MaterialController::$form_validation is deprecated in APPPATH\Controllers\MaterialController.php on line 19.
 1 SYSTEMPATH\CodeIgniter.php(903): App\Controllers\MaterialController->__construct()
 2 SYSTEMPATH\CodeIgniter.php(500): CodeIgniter\CodeIgniter->createController()
 3 SYSTEMPATH\CodeIgniter.php(355): CodeIgniter\CodeIgniter->handleRequest(null, Object(Config\Cache), false)
 4 SYSTEMPATH\Boot.php(325): CodeIgniter\CodeIgniter->run()
 5 SYSTEMPATH\Boot.php(67): CodeIgniter\Boot::runCodeIgniter(Object(CodeIgniter\CodeIgniter))
 6 FCPATH\index.php(56): CodeIgniter\Boot::bootWeb(Object(Config\Paths))
WARNING - 2025-08-05 11:39:30 --> [DEPRECATED] Creation of dynamic property App\Controllers\MaterialController::$userValidation is deprecated in APPPATH\Controllers\MaterialController.php on line 20.
 1 SYSTEMPATH\CodeIgniter.php(903): App\Controllers\MaterialController->__construct()
 2 SYSTEMPATH\CodeIgniter.php(500): CodeIgniter\CodeIgniter->createController()
 3 SYSTEMPATH\CodeIgniter.php(355): CodeIgniter\CodeIgniter->handleRequest(null, Object(Config\Cache), false)
 4 SYSTEMPATH\Boot.php(325): CodeIgniter\CodeIgniter->run()
 5 SYSTEMPATH\Boot.php(67): CodeIgniter\Boot::runCodeIgniter(Object(CodeIgniter\CodeIgniter))
 6 FCPATH\index.php(56): CodeIgniter\Boot::bootWeb(Object(Config\Paths))
INFO - 2025-08-05 11:39:31 --> Session: Class initialized using 'CodeIgniter\Session\Handlers\FileHandler' driver.
WARNING - 2025-08-05 11:39:31 --> [DEPRECATED] Creation of dynamic property App\Controllers\MaterialController::$db is deprecated in APPPATH\Controllers\MaterialController.php on line 15.
 1 SYSTEMPATH\CodeIgniter.php(903): App\Controllers\MaterialController->__construct()
 2 SYSTEMPATH\CodeIgniter.php(500): CodeIgniter\CodeIgniter->createController()
 3 SYSTEMPATH\CodeIgniter.php(355): CodeIgniter\CodeIgniter->handleRequest(null, Object(Config\Cache), false)
 4 SYSTEMPATH\Boot.php(325): CodeIgniter\CodeIgniter->run()
 5 SYSTEMPATH\Boot.php(67): CodeIgniter\Boot::runCodeIgniter(Object(CodeIgniter\CodeIgniter))
 6 FCPATH\index.php(56): CodeIgniter\Boot::bootWeb(Object(Config\Paths))
WARNING - 2025-08-05 11:39:31 --> [DEPRECATED] Creation of dynamic property App\Controllers\MaterialController::$session is deprecated in APPPATH\Controllers\MaterialController.php on line 16.
 1 SYSTEMPATH\CodeIgniter.php(903): App\Controllers\MaterialController->__construct()
 2 SYSTEMPATH\CodeIgniter.php(500): CodeIgniter\CodeIgniter->createController()
 3 SYSTEMPATH\CodeIgniter.php(355): CodeIgniter\CodeIgniter->handleRequest(null, Object(Config\Cache), false)
 4 SYSTEMPATH\Boot.php(325): CodeIgniter\CodeIgniter->run()
 5 SYSTEMPATH\Boot.php(67): CodeIgniter\Boot::runCodeIgniter(Object(CodeIgniter\CodeIgniter))
 6 FCPATH\index.php(56): CodeIgniter\Boot::bootWeb(Object(Config\Paths))
WARNING - 2025-08-05 11:39:31 --> [DEPRECATED] Creation of dynamic property App\Controllers\MaterialController::$uri is deprecated in APPPATH\Controllers\MaterialController.php on line 17.
 1 SYSTEMPATH\CodeIgniter.php(903): App\Controllers\MaterialController->__construct()
 2 SYSTEMPATH\CodeIgniter.php(500): CodeIgniter\CodeIgniter->createController()
 3 SYSTEMPATH\CodeIgniter.php(355): CodeIgniter\CodeIgniter->handleRequest(null, Object(Config\Cache), false)
 4 SYSTEMPATH\Boot.php(325): CodeIgniter\CodeIgniter->run()
 5 SYSTEMPATH\Boot.php(67): CodeIgniter\Boot::runCodeIgniter(Object(CodeIgniter\CodeIgniter))
 6 FCPATH\index.php(56): CodeIgniter\Boot::bootWeb(Object(Config\Paths))
WARNING - 2025-08-05 11:39:31 --> [DEPRECATED] Creation of dynamic property App\Controllers\MaterialController::$form_validation is deprecated in APPPATH\Controllers\MaterialController.php on line 19.
 1 SYSTEMPATH\CodeIgniter.php(903): App\Controllers\MaterialController->__construct()
 2 SYSTEMPATH\CodeIgniter.php(500): CodeIgniter\CodeIgniter->createController()
 3 SYSTEMPATH\CodeIgniter.php(355): CodeIgniter\CodeIgniter->handleRequest(null, Object(Config\Cache), false)
 4 SYSTEMPATH\Boot.php(325): CodeIgniter\CodeIgniter->run()
 5 SYSTEMPATH\Boot.php(67): CodeIgniter\Boot::runCodeIgniter(Object(CodeIgniter\CodeIgniter))
 6 FCPATH\index.php(56): CodeIgniter\Boot::bootWeb(Object(Config\Paths))
WARNING - 2025-08-05 11:39:31 --> [DEPRECATED] Creation of dynamic property App\Controllers\MaterialController::$userValidation is deprecated in APPPATH\Controllers\MaterialController.php on line 20.
 1 SYSTEMPATH\CodeIgniter.php(903): App\Controllers\MaterialController->__construct()
 2 SYSTEMPATH\CodeIgniter.php(500): CodeIgniter\CodeIgniter->createController()
 3 SYSTEMPATH\CodeIgniter.php(355): CodeIgniter\CodeIgniter->handleRequest(null, Object(Config\Cache), false)
 4 SYSTEMPATH\Boot.php(325): CodeIgniter\CodeIgniter->run()
 5 SYSTEMPATH\Boot.php(67): CodeIgniter\Boot::runCodeIgniter(Object(CodeIgniter\CodeIgniter))
 6 FCPATH\index.php(56): CodeIgniter\Boot::bootWeb(Object(Config\Paths))
INFO - 2025-08-05 11:39:32 --> Session: Class initialized using 'CodeIgniter\Session\Handlers\FileHandler' driver.
WARNING - 2025-08-05 11:39:32 --> [DEPRECATED] Creation of dynamic property App\Controllers\MaterialController::$db is deprecated in APPPATH\Controllers\MaterialController.php on line 15.
 1 SYSTEMPATH\CodeIgniter.php(903): App\Controllers\MaterialController->__construct()
 2 SYSTEMPATH\CodeIgniter.php(500): CodeIgniter\CodeIgniter->createController()
 3 SYSTEMPATH\CodeIgniter.php(355): CodeIgniter\CodeIgniter->handleRequest(null, Object(Config\Cache), false)
 4 SYSTEMPATH\Boot.php(325): CodeIgniter\CodeIgniter->run()
 5 SYSTEMPATH\Boot.php(67): CodeIgniter\Boot::runCodeIgniter(Object(CodeIgniter\CodeIgniter))
 6 FCPATH\index.php(56): CodeIgniter\Boot::bootWeb(Object(Config\Paths))
WARNING - 2025-08-05 11:39:32 --> [DEPRECATED] Creation of dynamic property App\Controllers\MaterialController::$session is deprecated in APPPATH\Controllers\MaterialController.php on line 16.
 1 SYSTEMPATH\CodeIgniter.php(903): App\Controllers\MaterialController->__construct()
 2 SYSTEMPATH\CodeIgniter.php(500): CodeIgniter\CodeIgniter->createController()
 3 SYSTEMPATH\CodeIgniter.php(355): CodeIgniter\CodeIgniter->handleRequest(null, Object(Config\Cache), false)
 4 SYSTEMPATH\Boot.php(325): CodeIgniter\CodeIgniter->run()
 5 SYSTEMPATH\Boot.php(67): CodeIgniter\Boot::runCodeIgniter(Object(CodeIgniter\CodeIgniter))
 6 FCPATH\index.php(56): CodeIgniter\Boot::bootWeb(Object(Config\Paths))
WARNING - 2025-08-05 11:39:32 --> [DEPRECATED] Creation of dynamic property App\Controllers\MaterialController::$uri is deprecated in APPPATH\Controllers\MaterialController.php on line 17.
 1 SYSTEMPATH\CodeIgniter.php(903): App\Controllers\MaterialController->__construct()
 2 SYSTEMPATH\CodeIgniter.php(500): CodeIgniter\CodeIgniter->createController()
 3 SYSTEMPATH\CodeIgniter.php(355): CodeIgniter\CodeIgniter->handleRequest(null, Object(Config\Cache), false)
 4 SYSTEMPATH\Boot.php(325): CodeIgniter\CodeIgniter->run()
 5 SYSTEMPATH\Boot.php(67): CodeIgniter\Boot::runCodeIgniter(Object(CodeIgniter\CodeIgniter))
 6 FCPATH\index.php(56): CodeIgniter\Boot::bootWeb(Object(Config\Paths))
WARNING - 2025-08-05 11:39:32 --> [DEPRECATED] Creation of dynamic property App\Controllers\MaterialController::$form_validation is deprecated in APPPATH\Controllers\MaterialController.php on line 19.
 1 SYSTEMPATH\CodeIgniter.php(903): App\Controllers\MaterialController->__construct()
 2 SYSTEMPATH\CodeIgniter.php(500): CodeIgniter\CodeIgniter->createController()
 3 SYSTEMPATH\CodeIgniter.php(355): CodeIgniter\CodeIgniter->handleRequest(null, Object(Config\Cache), false)
 4 SYSTEMPATH\Boot.php(325): CodeIgniter\CodeIgniter->run()
 5 SYSTEMPATH\Boot.php(67): CodeIgniter\Boot::runCodeIgniter(Object(CodeIgniter\CodeIgniter))
 6 FCPATH\index.php(56): CodeIgniter\Boot::bootWeb(Object(Config\Paths))
WARNING - 2025-08-05 11:39:32 --> [DEPRECATED] Creation of dynamic property App\Controllers\MaterialController::$userValidation is deprecated in APPPATH\Controllers\MaterialController.php on line 20.
 1 SYSTEMPATH\CodeIgniter.php(903): App\Controllers\MaterialController->__construct()
 2 SYSTEMPATH\CodeIgniter.php(500): CodeIgniter\CodeIgniter->createController()
 3 SYSTEMPATH\CodeIgniter.php(355): CodeIgniter\CodeIgniter->handleRequest(null, Object(Config\Cache), false)
 4 SYSTEMPATH\Boot.php(325): CodeIgniter\CodeIgniter->run()
 5 SYSTEMPATH\Boot.php(67): CodeIgniter\Boot::runCodeIgniter(Object(CodeIgniter\CodeIgniter))
 6 FCPATH\index.php(56): CodeIgniter\Boot::bootWeb(Object(Config\Paths))
INFO - 2025-08-05 11:39:32 --> Session: Class initialized using 'CodeIgniter\Session\Handlers\FileHandler' driver.
WARNING - 2025-08-05 11:39:32 --> [DEPRECATED] Creation of dynamic property App\Controllers\MaterialController::$db is deprecated in APPPATH\Controllers\MaterialController.php on line 15.
 1 SYSTEMPATH\CodeIgniter.php(903): App\Controllers\MaterialController->__construct()
 2 SYSTEMPATH\CodeIgniter.php(500): CodeIgniter\CodeIgniter->createController()
 3 SYSTEMPATH\CodeIgniter.php(355): CodeIgniter\CodeIgniter->handleRequest(null, Object(Config\Cache), false)
 4 SYSTEMPATH\Boot.php(325): CodeIgniter\CodeIgniter->run()
 5 SYSTEMPATH\Boot.php(67): CodeIgniter\Boot::runCodeIgniter(Object(CodeIgniter\CodeIgniter))
 6 FCPATH\index.php(56): CodeIgniter\Boot::bootWeb(Object(Config\Paths))
WARNING - 2025-08-05 11:39:32 --> [DEPRECATED] Creation of dynamic property App\Controllers\MaterialController::$session is deprecated in APPPATH\Controllers\MaterialController.php on line 16.
 1 SYSTEMPATH\CodeIgniter.php(903): App\Controllers\MaterialController->__construct()
 2 SYSTEMPATH\CodeIgniter.php(500): CodeIgniter\CodeIgniter->createController()
 3 SYSTEMPATH\CodeIgniter.php(355): CodeIgniter\CodeIgniter->handleRequest(null, Object(Config\Cache), false)
 4 SYSTEMPATH\Boot.php(325): CodeIgniter\CodeIgniter->run()
 5 SYSTEMPATH\Boot.php(67): CodeIgniter\Boot::runCodeIgniter(Object(CodeIgniter\CodeIgniter))
 6 FCPATH\index.php(56): CodeIgniter\Boot::bootWeb(Object(Config\Paths))
WARNING - 2025-08-05 11:39:32 --> [DEPRECATED] Creation of dynamic property App\Controllers\MaterialController::$uri is deprecated in APPPATH\Controllers\MaterialController.php on line 17.
 1 SYSTEMPATH\CodeIgniter.php(903): App\Controllers\MaterialController->__construct()
 2 SYSTEMPATH\CodeIgniter.php(500): CodeIgniter\CodeIgniter->createController()
 3 SYSTEMPATH\CodeIgniter.php(355): CodeIgniter\CodeIgniter->handleRequest(null, Object(Config\Cache), false)
 4 SYSTEMPATH\Boot.php(325): CodeIgniter\CodeIgniter->run()
 5 SYSTEMPATH\Boot.php(67): CodeIgniter\Boot::runCodeIgniter(Object(CodeIgniter\CodeIgniter))
 6 FCPATH\index.php(56): CodeIgniter\Boot::bootWeb(Object(Config\Paths))
WARNING - 2025-08-05 11:39:32 --> [DEPRECATED] Creation of dynamic property App\Controllers\MaterialController::$form_validation is deprecated in APPPATH\Controllers\MaterialController.php on line 19.
 1 SYSTEMPATH\CodeIgniter.php(903): App\Controllers\MaterialController->__construct()
 2 SYSTEMPATH\CodeIgniter.php(500): CodeIgniter\CodeIgniter->createController()
 3 SYSTEMPATH\CodeIgniter.php(355): CodeIgniter\CodeIgniter->handleRequest(null, Object(Config\Cache), false)
 4 SYSTEMPATH\Boot.php(325): CodeIgniter\CodeIgniter->run()
 5 SYSTEMPATH\Boot.php(67): CodeIgniter\Boot::runCodeIgniter(Object(CodeIgniter\CodeIgniter))
 6 FCPATH\index.php(56): CodeIgniter\Boot::bootWeb(Object(Config\Paths))
WARNING - 2025-08-05 11:39:32 --> [DEPRECATED] Creation of dynamic property App\Controllers\MaterialController::$userValidation is deprecated in APPPATH\Controllers\MaterialController.php on line 20.
 1 SYSTEMPATH\CodeIgniter.php(903): App\Controllers\MaterialController->__construct()
 2 SYSTEMPATH\CodeIgniter.php(500): CodeIgniter\CodeIgniter->createController()
 3 SYSTEMPATH\CodeIgniter.php(355): CodeIgniter\CodeIgniter->handleRequest(null, Object(Config\Cache), false)
 4 SYSTEMPATH\Boot.php(325): CodeIgniter\CodeIgniter->run()
 5 SYSTEMPATH\Boot.php(67): CodeIgniter\Boot::runCodeIgniter(Object(CodeIgniter\CodeIgniter))
 6 FCPATH\index.php(56): CodeIgniter\Boot::bootWeb(Object(Config\Paths))
INFO - 2025-08-05 11:39:33 --> Session: Class initialized using 'CodeIgniter\Session\Handlers\FileHandler' driver.
WARNING - 2025-08-05 11:39:33 --> [DEPRECATED] Creation of dynamic property App\Controllers\MaterialController::$db is deprecated in APPPATH\Controllers\MaterialController.php on line 15.
 1 SYSTEMPATH\CodeIgniter.php(903): App\Controllers\MaterialController->__construct()
 2 SYSTEMPATH\CodeIgniter.php(500): CodeIgniter\CodeIgniter->createController()
 3 SYSTEMPATH\CodeIgniter.php(355): CodeIgniter\CodeIgniter->handleRequest(null, Object(Config\Cache), false)
 4 SYSTEMPATH\Boot.php(325): CodeIgniter\CodeIgniter->run()
 5 SYSTEMPATH\Boot.php(67): CodeIgniter\Boot::runCodeIgniter(Object(CodeIgniter\CodeIgniter))
 6 FCPATH\index.php(56): CodeIgniter\Boot::bootWeb(Object(Config\Paths))
WARNING - 2025-08-05 11:39:33 --> [DEPRECATED] Creation of dynamic property App\Controllers\MaterialController::$session is deprecated in APPPATH\Controllers\MaterialController.php on line 16.
 1 SYSTEMPATH\CodeIgniter.php(903): App\Controllers\MaterialController->__construct()
 2 SYSTEMPATH\CodeIgniter.php(500): CodeIgniter\CodeIgniter->createController()
 3 SYSTEMPATH\CodeIgniter.php(355): CodeIgniter\CodeIgniter->handleRequest(null, Object(Config\Cache), false)
 4 SYSTEMPATH\Boot.php(325): CodeIgniter\CodeIgniter->run()
 5 SYSTEMPATH\Boot.php(67): CodeIgniter\Boot::runCodeIgniter(Object(CodeIgniter\CodeIgniter))
 6 FCPATH\index.php(56): CodeIgniter\Boot::bootWeb(Object(Config\Paths))
WARNING - 2025-08-05 11:39:33 --> [DEPRECATED] Creation of dynamic property App\Controllers\MaterialController::$uri is deprecated in APPPATH\Controllers\MaterialController.php on line 17.
 1 SYSTEMPATH\CodeIgniter.php(903): App\Controllers\MaterialController->__construct()
 2 SYSTEMPATH\CodeIgniter.php(500): CodeIgniter\CodeIgniter->createController()
 3 SYSTEMPATH\CodeIgniter.php(355): CodeIgniter\CodeIgniter->handleRequest(null, Object(Config\Cache), false)
 4 SYSTEMPATH\Boot.php(325): CodeIgniter\CodeIgniter->run()
 5 SYSTEMPATH\Boot.php(67): CodeIgniter\Boot::runCodeIgniter(Object(CodeIgniter\CodeIgniter))
 6 FCPATH\index.php(56): CodeIgniter\Boot::bootWeb(Object(Config\Paths))
WARNING - 2025-08-05 11:39:33 --> [DEPRECATED] Creation of dynamic property App\Controllers\MaterialController::$form_validation is deprecated in APPPATH\Controllers\MaterialController.php on line 19.
 1 SYSTEMPATH\CodeIgniter.php(903): App\Controllers\MaterialController->__construct()
 2 SYSTEMPATH\CodeIgniter.php(500): CodeIgniter\CodeIgniter->createController()
 3 SYSTEMPATH\CodeIgniter.php(355): CodeIgniter\CodeIgniter->handleRequest(null, Object(Config\Cache), false)
 4 SYSTEMPATH\Boot.php(325): CodeIgniter\CodeIgniter->run()
 5 SYSTEMPATH\Boot.php(67): CodeIgniter\Boot::runCodeIgniter(Object(CodeIgniter\CodeIgniter))
 6 FCPATH\index.php(56): CodeIgniter\Boot::bootWeb(Object(Config\Paths))
WARNING - 2025-08-05 11:39:33 --> [DEPRECATED] Creation of dynamic property App\Controllers\MaterialController::$userValidation is deprecated in APPPATH\Controllers\MaterialController.php on line 20.
 1 SYSTEMPATH\CodeIgniter.php(903): App\Controllers\MaterialController->__construct()
 2 SYSTEMPATH\CodeIgniter.php(500): CodeIgniter\CodeIgniter->createController()
 3 SYSTEMPATH\CodeIgniter.php(355): CodeIgniter\CodeIgniter->handleRequest(null, Object(Config\Cache), false)
 4 SYSTEMPATH\Boot.php(325): CodeIgniter\CodeIgniter->run()
 5 SYSTEMPATH\Boot.php(67): CodeIgniter\Boot::runCodeIgniter(Object(CodeIgniter\CodeIgniter))
 6 FCPATH\index.php(56): CodeIgniter\Boot::bootWeb(Object(Config\Paths))
INFO - 2025-08-05 11:39:33 --> Session: Class initialized using 'CodeIgniter\Session\Handlers\FileHandler' driver.
WARNING - 2025-08-05 11:39:33 --> [DEPRECATED] Creation of dynamic property App\Controllers\MaterialController::$db is deprecated in APPPATH\Controllers\MaterialController.php on line 15.
 1 SYSTEMPATH\CodeIgniter.php(903): App\Controllers\MaterialController->__construct()
 2 SYSTEMPATH\CodeIgniter.php(500): CodeIgniter\CodeIgniter->createController()
 3 SYSTEMPATH\CodeIgniter.php(355): CodeIgniter\CodeIgniter->handleRequest(null, Object(Config\Cache), false)
 4 SYSTEMPATH\Boot.php(325): CodeIgniter\CodeIgniter->run()
 5 SYSTEMPATH\Boot.php(67): CodeIgniter\Boot::runCodeIgniter(Object(CodeIgniter\CodeIgniter))
 6 FCPATH\index.php(56): CodeIgniter\Boot::bootWeb(Object(Config\Paths))
WARNING - 2025-08-05 11:39:33 --> [DEPRECATED] Creation of dynamic property App\Controllers\MaterialController::$session is deprecated in APPPATH\Controllers\MaterialController.php on line 16.
 1 SYSTEMPATH\CodeIgniter.php(903): App\Controllers\MaterialController->__construct()
 2 SYSTEMPATH\CodeIgniter.php(500): CodeIgniter\CodeIgniter->createController()
 3 SYSTEMPATH\CodeIgniter.php(355): CodeIgniter\CodeIgniter->handleRequest(null, Object(Config\Cache), false)
 4 SYSTEMPATH\Boot.php(325): CodeIgniter\CodeIgniter->run()
 5 SYSTEMPATH\Boot.php(67): CodeIgniter\Boot::runCodeIgniter(Object(CodeIgniter\CodeIgniter))
 6 FCPATH\index.php(56): CodeIgniter\Boot::bootWeb(Object(Config\Paths))
WARNING - 2025-08-05 11:39:33 --> [DEPRECATED] Creation of dynamic property App\Controllers\MaterialController::$uri is deprecated in APPPATH\Controllers\MaterialController.php on line 17.
 1 SYSTEMPATH\CodeIgniter.php(903): App\Controllers\MaterialController->__construct()
 2 SYSTEMPATH\CodeIgniter.php(500): CodeIgniter\CodeIgniter->createController()
 3 SYSTEMPATH\CodeIgniter.php(355): CodeIgniter\CodeIgniter->handleRequest(null, Object(Config\Cache), false)
 4 SYSTEMPATH\Boot.php(325): CodeIgniter\CodeIgniter->run()
 5 SYSTEMPATH\Boot.php(67): CodeIgniter\Boot::runCodeIgniter(Object(CodeIgniter\CodeIgniter))
 6 FCPATH\index.php(56): CodeIgniter\Boot::bootWeb(Object(Config\Paths))
WARNING - 2025-08-05 11:39:33 --> [DEPRECATED] Creation of dynamic property App\Controllers\MaterialController::$form_validation is deprecated in APPPATH\Controllers\MaterialController.php on line 19.
 1 SYSTEMPATH\CodeIgniter.php(903): App\Controllers\MaterialController->__construct()
 2 SYSTEMPATH\CodeIgniter.php(500): CodeIgniter\CodeIgniter->createController()
 3 SYSTEMPATH\CodeIgniter.php(355): CodeIgniter\CodeIgniter->handleRequest(null, Object(Config\Cache), false)
 4 SYSTEMPATH\Boot.php(325): CodeIgniter\CodeIgniter->run()
 5 SYSTEMPATH\Boot.php(67): CodeIgniter\Boot::runCodeIgniter(Object(CodeIgniter\CodeIgniter))
 6 FCPATH\index.php(56): CodeIgniter\Boot::bootWeb(Object(Config\Paths))
WARNING - 2025-08-05 11:39:33 --> [DEPRECATED] Creation of dynamic property App\Controllers\MaterialController::$userValidation is deprecated in APPPATH\Controllers\MaterialController.php on line 20.
 1 SYSTEMPATH\CodeIgniter.php(903): App\Controllers\MaterialController->__construct()
 2 SYSTEMPATH\CodeIgniter.php(500): CodeIgniter\CodeIgniter->createController()
 3 SYSTEMPATH\CodeIgniter.php(355): CodeIgniter\CodeIgniter->handleRequest(null, Object(Config\Cache), false)
 4 SYSTEMPATH\Boot.php(325): CodeIgniter\CodeIgniter->run()
 5 SYSTEMPATH\Boot.php(67): CodeIgniter\Boot::runCodeIgniter(Object(CodeIgniter\CodeIgniter))
 6 FCPATH\index.php(56): CodeIgniter\Boot::bootWeb(Object(Config\Paths))
INFO - 2025-08-05 11:39:34 --> Session: Class initialized using 'CodeIgniter\Session\Handlers\FileHandler' driver.
WARNING - 2025-08-05 11:39:34 --> [DEPRECATED] Creation of dynamic property App\Controllers\MaterialController::$db is deprecated in APPPATH\Controllers\MaterialController.php on line 15.
 1 SYSTEMPATH\CodeIgniter.php(903): App\Controllers\MaterialController->__construct()
 2 SYSTEMPATH\CodeIgniter.php(500): CodeIgniter\CodeIgniter->createController()
 3 SYSTEMPATH\CodeIgniter.php(355): CodeIgniter\CodeIgniter->handleRequest(null, Object(Config\Cache), false)
 4 SYSTEMPATH\Boot.php(325): CodeIgniter\CodeIgniter->run()
 5 SYSTEMPATH\Boot.php(67): CodeIgniter\Boot::runCodeIgniter(Object(CodeIgniter\CodeIgniter))
 6 FCPATH\index.php(56): CodeIgniter\Boot::bootWeb(Object(Config\Paths))
WARNING - 2025-08-05 11:39:34 --> [DEPRECATED] Creation of dynamic property App\Controllers\MaterialController::$session is deprecated in APPPATH\Controllers\MaterialController.php on line 16.
 1 SYSTEMPATH\CodeIgniter.php(903): App\Controllers\MaterialController->__construct()
 2 SYSTEMPATH\CodeIgniter.php(500): CodeIgniter\CodeIgniter->createController()
 3 SYSTEMPATH\CodeIgniter.php(355): CodeIgniter\CodeIgniter->handleRequest(null, Object(Config\Cache), false)
 4 SYSTEMPATH\Boot.php(325): CodeIgniter\CodeIgniter->run()
 5 SYSTEMPATH\Boot.php(67): CodeIgniter\Boot::runCodeIgniter(Object(CodeIgniter\CodeIgniter))
 6 FCPATH\index.php(56): CodeIgniter\Boot::bootWeb(Object(Config\Paths))
WARNING - 2025-08-05 11:39:34 --> [DEPRECATED] Creation of dynamic property App\Controllers\MaterialController::$uri is deprecated in APPPATH\Controllers\MaterialController.php on line 17.
 1 SYSTEMPATH\CodeIgniter.php(903): App\Controllers\MaterialController->__construct()
 2 SYSTEMPATH\CodeIgniter.php(500): CodeIgniter\CodeIgniter->createController()
 3 SYSTEMPATH\CodeIgniter.php(355): CodeIgniter\CodeIgniter->handleRequest(null, Object(Config\Cache), false)
 4 SYSTEMPATH\Boot.php(325): CodeIgniter\CodeIgniter->run()
 5 SYSTEMPATH\Boot.php(67): CodeIgniter\Boot::runCodeIgniter(Object(CodeIgniter\CodeIgniter))
 6 FCPATH\index.php(56): CodeIgniter\Boot::bootWeb(Object(Config\Paths))
WARNING - 2025-08-05 11:39:34 --> [DEPRECATED] Creation of dynamic property App\Controllers\MaterialController::$form_validation is deprecated in APPPATH\Controllers\MaterialController.php on line 19.
 1 SYSTEMPATH\CodeIgniter.php(903): App\Controllers\MaterialController->__construct()
 2 SYSTEMPATH\CodeIgniter.php(500): CodeIgniter\CodeIgniter->createController()
 3 SYSTEMPATH\CodeIgniter.php(355): CodeIgniter\CodeIgniter->handleRequest(null, Object(Config\Cache), false)
 4 SYSTEMPATH\Boot.php(325): CodeIgniter\CodeIgniter->run()
 5 SYSTEMPATH\Boot.php(67): CodeIgniter\Boot::runCodeIgniter(Object(CodeIgniter\CodeIgniter))
 6 FCPATH\index.php(56): CodeIgniter\Boot::bootWeb(Object(Config\Paths))
WARNING - 2025-08-05 11:39:34 --> [DEPRECATED] Creation of dynamic property App\Controllers\MaterialController::$userValidation is deprecated in APPPATH\Controllers\MaterialController.php on line 20.
 1 SYSTEMPATH\CodeIgniter.php(903): App\Controllers\MaterialController->__construct()
 2 SYSTEMPATH\CodeIgniter.php(500): CodeIgniter\CodeIgniter->createController()
 3 SYSTEMPATH\CodeIgniter.php(355): CodeIgniter\CodeIgniter->handleRequest(null, Object(Config\Cache), false)
 4 SYSTEMPATH\Boot.php(325): CodeIgniter\CodeIgniter->run()
 5 SYSTEMPATH\Boot.php(67): CodeIgniter\Boot::runCodeIgniter(Object(CodeIgniter\CodeIgniter))
 6 FCPATH\index.php(56): CodeIgniter\Boot::bootWeb(Object(Config\Paths))
INFO - 2025-08-05 11:39:36 --> Session: Class initialized using 'CodeIgniter\Session\Handlers\FileHandler' driver.
WARNING - 2025-08-05 11:39:36 --> [DEPRECATED] Creation of dynamic property App\Controllers\MaterialController::$db is deprecated in APPPATH\Controllers\MaterialController.php on line 15.
 1 SYSTEMPATH\CodeIgniter.php(903): App\Controllers\MaterialController->__construct()
 2 SYSTEMPATH\CodeIgniter.php(500): CodeIgniter\CodeIgniter->createController()
 3 SYSTEMPATH\CodeIgniter.php(355): CodeIgniter\CodeIgniter->handleRequest(null, Object(Config\Cache), false)
 4 SYSTEMPATH\Boot.php(325): CodeIgniter\CodeIgniter->run()
 5 SYSTEMPATH\Boot.php(67): CodeIgniter\Boot::runCodeIgniter(Object(CodeIgniter\CodeIgniter))
 6 FCPATH\index.php(56): CodeIgniter\Boot::bootWeb(Object(Config\Paths))
WARNING - 2025-08-05 11:39:36 --> [DEPRECATED] Creation of dynamic property App\Controllers\MaterialController::$session is deprecated in APPPATH\Controllers\MaterialController.php on line 16.
 1 SYSTEMPATH\CodeIgniter.php(903): App\Controllers\MaterialController->__construct()
 2 SYSTEMPATH\CodeIgniter.php(500): CodeIgniter\CodeIgniter->createController()
 3 SYSTEMPATH\CodeIgniter.php(355): CodeIgniter\CodeIgniter->handleRequest(null, Object(Config\Cache), false)
 4 SYSTEMPATH\Boot.php(325): CodeIgniter\CodeIgniter->run()
 5 SYSTEMPATH\Boot.php(67): CodeIgniter\Boot::runCodeIgniter(Object(CodeIgniter\CodeIgniter))
 6 FCPATH\index.php(56): CodeIgniter\Boot::bootWeb(Object(Config\Paths))
WARNING - 2025-08-05 11:39:36 --> [DEPRECATED] Creation of dynamic property App\Controllers\MaterialController::$uri is deprecated in APPPATH\Controllers\MaterialController.php on line 17.
 1 SYSTEMPATH\CodeIgniter.php(903): App\Controllers\MaterialController->__construct()
 2 SYSTEMPATH\CodeIgniter.php(500): CodeIgniter\CodeIgniter->createController()
 3 SYSTEMPATH\CodeIgniter.php(355): CodeIgniter\CodeIgniter->handleRequest(null, Object(Config\Cache), false)
 4 SYSTEMPATH\Boot.php(325): CodeIgniter\CodeIgniter->run()
 5 SYSTEMPATH\Boot.php(67): CodeIgniter\Boot::runCodeIgniter(Object(CodeIgniter\CodeIgniter))
 6 FCPATH\index.php(56): CodeIgniter\Boot::bootWeb(Object(Config\Paths))
WARNING - 2025-08-05 11:39:36 --> [DEPRECATED] Creation of dynamic property App\Controllers\MaterialController::$form_validation is deprecated in APPPATH\Controllers\MaterialController.php on line 19.
 1 SYSTEMPATH\CodeIgniter.php(903): App\Controllers\MaterialController->__construct()
 2 SYSTEMPATH\CodeIgniter.php(500): CodeIgniter\CodeIgniter->createController()
 3 SYSTEMPATH\CodeIgniter.php(355): CodeIgniter\CodeIgniter->handleRequest(null, Object(Config\Cache), false)
 4 SYSTEMPATH\Boot.php(325): CodeIgniter\CodeIgniter->run()
 5 SYSTEMPATH\Boot.php(67): CodeIgniter\Boot::runCodeIgniter(Object(CodeIgniter\CodeIgniter))
 6 FCPATH\index.php(56): CodeIgniter\Boot::bootWeb(Object(Config\Paths))
WARNING - 2025-08-05 11:39:36 --> [DEPRECATED] Creation of dynamic property App\Controllers\MaterialController::$userValidation is deprecated in APPPATH\Controllers\MaterialController.php on line 20.
 1 SYSTEMPATH\CodeIgniter.php(903): App\Controllers\MaterialController->__construct()
 2 SYSTEMPATH\CodeIgniter.php(500): CodeIgniter\CodeIgniter->createController()
 3 SYSTEMPATH\CodeIgniter.php(355): CodeIgniter\CodeIgniter->handleRequest(null, Object(Config\Cache), false)
 4 SYSTEMPATH\Boot.php(325): CodeIgniter\CodeIgniter->run()
 5 SYSTEMPATH\Boot.php(67): CodeIgniter\Boot::runCodeIgniter(Object(CodeIgniter\CodeIgniter))
 6 FCPATH\index.php(56): CodeIgniter\Boot::bootWeb(Object(Config\Paths))
INFO - 2025-08-05 11:39:37 --> Session: Class initialized using 'CodeIgniter\Session\Handlers\FileHandler' driver.
WARNING - 2025-08-05 11:39:37 --> [DEPRECATED] Creation of dynamic property App\Controllers\MaterialController::$db is deprecated in APPPATH\Controllers\MaterialController.php on line 15.
 1 SYSTEMPATH\CodeIgniter.php(903): App\Controllers\MaterialController->__construct()
 2 SYSTEMPATH\CodeIgniter.php(500): CodeIgniter\CodeIgniter->createController()
 3 SYSTEMPATH\CodeIgniter.php(355): CodeIgniter\CodeIgniter->handleRequest(null, Object(Config\Cache), false)
 4 SYSTEMPATH\Boot.php(325): CodeIgniter\CodeIgniter->run()
 5 SYSTEMPATH\Boot.php(67): CodeIgniter\Boot::runCodeIgniter(Object(CodeIgniter\CodeIgniter))
 6 FCPATH\index.php(56): CodeIgniter\Boot::bootWeb(Object(Config\Paths))
WARNING - 2025-08-05 11:39:37 --> [DEPRECATED] Creation of dynamic property App\Controllers\MaterialController::$session is deprecated in APPPATH\Controllers\MaterialController.php on line 16.
 1 SYSTEMPATH\CodeIgniter.php(903): App\Controllers\MaterialController->__construct()
 2 SYSTEMPATH\CodeIgniter.php(500): CodeIgniter\CodeIgniter->createController()
 3 SYSTEMPATH\CodeIgniter.php(355): CodeIgniter\CodeIgniter->handleRequest(null, Object(Config\Cache), false)
 4 SYSTEMPATH\Boot.php(325): CodeIgniter\CodeIgniter->run()
 5 SYSTEMPATH\Boot.php(67): CodeIgniter\Boot::runCodeIgniter(Object(CodeIgniter\CodeIgniter))
 6 FCPATH\index.php(56): CodeIgniter\Boot::bootWeb(Object(Config\Paths))
WARNING - 2025-08-05 11:39:37 --> [DEPRECATED] Creation of dynamic property App\Controllers\MaterialController::$uri is deprecated in APPPATH\Controllers\MaterialController.php on line 17.
 1 SYSTEMPATH\CodeIgniter.php(903): App\Controllers\MaterialController->__construct()
 2 SYSTEMPATH\CodeIgniter.php(500): CodeIgniter\CodeIgniter->createController()
 3 SYSTEMPATH\CodeIgniter.php(355): CodeIgniter\CodeIgniter->handleRequest(null, Object(Config\Cache), false)
 4 SYSTEMPATH\Boot.php(325): CodeIgniter\CodeIgniter->run()
 5 SYSTEMPATH\Boot.php(67): CodeIgniter\Boot::runCodeIgniter(Object(CodeIgniter\CodeIgniter))
 6 FCPATH\index.php(56): CodeIgniter\Boot::bootWeb(Object(Config\Paths))
WARNING - 2025-08-05 11:39:37 --> [DEPRECATED] Creation of dynamic property App\Controllers\MaterialController::$form_validation is deprecated in APPPATH\Controllers\MaterialController.php on line 19.
 1 SYSTEMPATH\CodeIgniter.php(903): App\Controllers\MaterialController->__construct()
 2 SYSTEMPATH\CodeIgniter.php(500): CodeIgniter\CodeIgniter->createController()
 3 SYSTEMPATH\CodeIgniter.php(355): CodeIgniter\CodeIgniter->handleRequest(null, Object(Config\Cache), false)
 4 SYSTEMPATH\Boot.php(325): CodeIgniter\CodeIgniter->run()
 5 SYSTEMPATH\Boot.php(67): CodeIgniter\Boot::runCodeIgniter(Object(CodeIgniter\CodeIgniter))
 6 FCPATH\index.php(56): CodeIgniter\Boot::bootWeb(Object(Config\Paths))
WARNING - 2025-08-05 11:39:37 --> [DEPRECATED] Creation of dynamic property App\Controllers\MaterialController::$userValidation is deprecated in APPPATH\Controllers\MaterialController.php on line 20.
 1 SYSTEMPATH\CodeIgniter.php(903): App\Controllers\MaterialController->__construct()
 2 SYSTEMPATH\CodeIgniter.php(500): CodeIgniter\CodeIgniter->createController()
 3 SYSTEMPATH\CodeIgniter.php(355): CodeIgniter\CodeIgniter->handleRequest(null, Object(Config\Cache), false)
 4 SYSTEMPATH\Boot.php(325): CodeIgniter\CodeIgniter->run()
 5 SYSTEMPATH\Boot.php(67): CodeIgniter\Boot::runCodeIgniter(Object(CodeIgniter\CodeIgniter))
 6 FCPATH\index.php(56): CodeIgniter\Boot::bootWeb(Object(Config\Paths))
INFO - 2025-08-05 11:39:50 --> Session: Class initialized using 'CodeIgniter\Session\Handlers\FileHandler' driver.
WARNING - 2025-08-05 11:39:50 --> [DEPRECATED] Creation of dynamic property App\Controllers\MaterialController::$db is deprecated in APPPATH\Controllers\MaterialController.php on line 15.
 1 SYSTEMPATH\CodeIgniter.php(903): App\Controllers\MaterialController->__construct()
 2 SYSTEMPATH\CodeIgniter.php(500): CodeIgniter\CodeIgniter->createController()
 3 SYSTEMPATH\CodeIgniter.php(355): CodeIgniter\CodeIgniter->handleRequest(null, Object(Config\Cache), false)
 4 SYSTEMPATH\Boot.php(325): CodeIgniter\CodeIgniter->run()
 5 SYSTEMPATH\Boot.php(67): CodeIgniter\Boot::runCodeIgniter(Object(CodeIgniter\CodeIgniter))
 6 FCPATH\index.php(56): CodeIgniter\Boot::bootWeb(Object(Config\Paths))
WARNING - 2025-08-05 11:39:50 --> [DEPRECATED] Creation of dynamic property App\Controllers\MaterialController::$session is deprecated in APPPATH\Controllers\MaterialController.php on line 16.
 1 SYSTEMPATH\CodeIgniter.php(903): App\Controllers\MaterialController->__construct()
 2 SYSTEMPATH\CodeIgniter.php(500): CodeIgniter\CodeIgniter->createController()
 3 SYSTEMPATH\CodeIgniter.php(355): CodeIgniter\CodeIgniter->handleRequest(null, Object(Config\Cache), false)
 4 SYSTEMPATH\Boot.php(325): CodeIgniter\CodeIgniter->run()
 5 SYSTEMPATH\Boot.php(67): CodeIgniter\Boot::runCodeIgniter(Object(CodeIgniter\CodeIgniter))
 6 FCPATH\index.php(56): CodeIgniter\Boot::bootWeb(Object(Config\Paths))
WARNING - 2025-08-05 11:39:50 --> [DEPRECATED] Creation of dynamic property App\Controllers\MaterialController::$uri is deprecated in APPPATH\Controllers\MaterialController.php on line 17.
 1 SYSTEMPATH\CodeIgniter.php(903): App\Controllers\MaterialController->__construct()
 2 SYSTEMPATH\CodeIgniter.php(500): CodeIgniter\CodeIgniter->createController()
 3 SYSTEMPATH\CodeIgniter.php(355): CodeIgniter\CodeIgniter->handleRequest(null, Object(Config\Cache), false)
 4 SYSTEMPATH\Boot.php(325): CodeIgniter\CodeIgniter->run()
 5 SYSTEMPATH\Boot.php(67): CodeIgniter\Boot::runCodeIgniter(Object(CodeIgniter\CodeIgniter))
 6 FCPATH\index.php(56): CodeIgniter\Boot::bootWeb(Object(Config\Paths))
WARNING - 2025-08-05 11:39:50 --> [DEPRECATED] Creation of dynamic property App\Controllers\MaterialController::$form_validation is deprecated in APPPATH\Controllers\MaterialController.php on line 19.
 1 SYSTEMPATH\CodeIgniter.php(903): App\Controllers\MaterialController->__construct()
 2 SYSTEMPATH\CodeIgniter.php(500): CodeIgniter\CodeIgniter->createController()
 3 SYSTEMPATH\CodeIgniter.php(355): CodeIgniter\CodeIgniter->handleRequest(null, Object(Config\Cache), false)
 4 SYSTEMPATH\Boot.php(325): CodeIgniter\CodeIgniter->run()
 5 SYSTEMPATH\Boot.php(67): CodeIgniter\Boot::runCodeIgniter(Object(CodeIgniter\CodeIgniter))
 6 FCPATH\index.php(56): CodeIgniter\Boot::bootWeb(Object(Config\Paths))
WARNING - 2025-08-05 11:39:50 --> [DEPRECATED] Creation of dynamic property App\Controllers\MaterialController::$userValidation is deprecated in APPPATH\Controllers\MaterialController.php on line 20.
 1 SYSTEMPATH\CodeIgniter.php(903): App\Controllers\MaterialController->__construct()
 2 SYSTEMPATH\CodeIgniter.php(500): CodeIgniter\CodeIgniter->createController()
 3 SYSTEMPATH\CodeIgniter.php(355): CodeIgniter\CodeIgniter->handleRequest(null, Object(Config\Cache), false)
 4 SYSTEMPATH\Boot.php(325): CodeIgniter\CodeIgniter->run()
 5 SYSTEMPATH\Boot.php(67): CodeIgniter\Boot::runCodeIgniter(Object(CodeIgniter\CodeIgniter))
 6 FCPATH\index.php(56): CodeIgniter\Boot::bootWeb(Object(Config\Paths))
INFO - 2025-08-05 11:39:51 --> Session: Class initialized using 'CodeIgniter\Session\Handlers\FileHandler' driver.
WARNING - 2025-08-05 11:39:51 --> [DEPRECATED] Creation of dynamic property App\Controllers\MaterialController::$db is deprecated in APPPATH\Controllers\MaterialController.php on line 15.
 1 SYSTEMPATH\CodeIgniter.php(903): App\Controllers\MaterialController->__construct()
 2 SYSTEMPATH\CodeIgniter.php(500): CodeIgniter\CodeIgniter->createController()
 3 SYSTEMPATH\CodeIgniter.php(355): CodeIgniter\CodeIgniter->handleRequest(null, Object(Config\Cache), false)
 4 SYSTEMPATH\Boot.php(325): CodeIgniter\CodeIgniter->run()
 5 SYSTEMPATH\Boot.php(67): CodeIgniter\Boot::runCodeIgniter(Object(CodeIgniter\CodeIgniter))
 6 FCPATH\index.php(56): CodeIgniter\Boot::bootWeb(Object(Config\Paths))
WARNING - 2025-08-05 11:39:51 --> [DEPRECATED] Creation of dynamic property App\Controllers\MaterialController::$session is deprecated in APPPATH\Controllers\MaterialController.php on line 16.
 1 SYSTEMPATH\CodeIgniter.php(903): App\Controllers\MaterialController->__construct()
 2 SYSTEMPATH\CodeIgniter.php(500): CodeIgniter\CodeIgniter->createController()
 3 SYSTEMPATH\CodeIgniter.php(355): CodeIgniter\CodeIgniter->handleRequest(null, Object(Config\Cache), false)
 4 SYSTEMPATH\Boot.php(325): CodeIgniter\CodeIgniter->run()
 5 SYSTEMPATH\Boot.php(67): CodeIgniter\Boot::runCodeIgniter(Object(CodeIgniter\CodeIgniter))
 6 FCPATH\index.php(56): CodeIgniter\Boot::bootWeb(Object(Config\Paths))
WARNING - 2025-08-05 11:39:51 --> [DEPRECATED] Creation of dynamic property App\Controllers\MaterialController::$uri is deprecated in APPPATH\Controllers\MaterialController.php on line 17.
 1 SYSTEMPATH\CodeIgniter.php(903): App\Controllers\MaterialController->__construct()
 2 SYSTEMPATH\CodeIgniter.php(500): CodeIgniter\CodeIgniter->createController()
 3 SYSTEMPATH\CodeIgniter.php(355): CodeIgniter\CodeIgniter->handleRequest(null, Object(Config\Cache), false)
 4 SYSTEMPATH\Boot.php(325): CodeIgniter\CodeIgniter->run()
 5 SYSTEMPATH\Boot.php(67): CodeIgniter\Boot::runCodeIgniter(Object(CodeIgniter\CodeIgniter))
 6 FCPATH\index.php(56): CodeIgniter\Boot::bootWeb(Object(Config\Paths))
WARNING - 2025-08-05 11:39:51 --> [DEPRECATED] Creation of dynamic property App\Controllers\MaterialController::$form_validation is deprecated in APPPATH\Controllers\MaterialController.php on line 19.
 1 SYSTEMPATH\CodeIgniter.php(903): App\Controllers\MaterialController->__construct()
 2 SYSTEMPATH\CodeIgniter.php(500): CodeIgniter\CodeIgniter->createController()
 3 SYSTEMPATH\CodeIgniter.php(355): CodeIgniter\CodeIgniter->handleRequest(null, Object(Config\Cache), false)
 4 SYSTEMPATH\Boot.php(325): CodeIgniter\CodeIgniter->run()
 5 SYSTEMPATH\Boot.php(67): CodeIgniter\Boot::runCodeIgniter(Object(CodeIgniter\CodeIgniter))
 6 FCPATH\index.php(56): CodeIgniter\Boot::bootWeb(Object(Config\Paths))
WARNING - 2025-08-05 11:39:51 --> [DEPRECATED] Creation of dynamic property App\Controllers\MaterialController::$userValidation is deprecated in APPPATH\Controllers\MaterialController.php on line 20.
 1 SYSTEMPATH\CodeIgniter.php(903): App\Controllers\MaterialController->__construct()
 2 SYSTEMPATH\CodeIgniter.php(500): CodeIgniter\CodeIgniter->createController()
 3 SYSTEMPATH\CodeIgniter.php(355): CodeIgniter\CodeIgniter->handleRequest(null, Object(Config\Cache), false)
 4 SYSTEMPATH\Boot.php(325): CodeIgniter\CodeIgniter->run()
 5 SYSTEMPATH\Boot.php(67): CodeIgniter\Boot::runCodeIgniter(Object(CodeIgniter\CodeIgniter))
 6 FCPATH\index.php(56): CodeIgniter\Boot::bootWeb(Object(Config\Paths))
INFO - 2025-08-05 11:39:51 --> Session: Class initialized using 'CodeIgniter\Session\Handlers\FileHandler' driver.
WARNING - 2025-08-05 11:39:51 --> [DEPRECATED] Creation of dynamic property App\Controllers\MaterialController::$db is deprecated in APPPATH\Controllers\MaterialController.php on line 15.
 1 SYSTEMPATH\CodeIgniter.php(903): App\Controllers\MaterialController->__construct()
 2 SYSTEMPATH\CodeIgniter.php(500): CodeIgniter\CodeIgniter->createController()
 3 SYSTEMPATH\CodeIgniter.php(355): CodeIgniter\CodeIgniter->handleRequest(null, Object(Config\Cache), false)
 4 SYSTEMPATH\Boot.php(325): CodeIgniter\CodeIgniter->run()
 5 SYSTEMPATH\Boot.php(67): CodeIgniter\Boot::runCodeIgniter(Object(CodeIgniter\CodeIgniter))
 6 FCPATH\index.php(56): CodeIgniter\Boot::bootWeb(Object(Config\Paths))
WARNING - 2025-08-05 11:39:51 --> [DEPRECATED] Creation of dynamic property App\Controllers\MaterialController::$session is deprecated in APPPATH\Controllers\MaterialController.php on line 16.
 1 SYSTEMPATH\CodeIgniter.php(903): App\Controllers\MaterialController->__construct()
 2 SYSTEMPATH\CodeIgniter.php(500): CodeIgniter\CodeIgniter->createController()
 3 SYSTEMPATH\CodeIgniter.php(355): CodeIgniter\CodeIgniter->handleRequest(null, Object(Config\Cache), false)
 4 SYSTEMPATH\Boot.php(325): CodeIgniter\CodeIgniter->run()
 5 SYSTEMPATH\Boot.php(67): CodeIgniter\Boot::runCodeIgniter(Object(CodeIgniter\CodeIgniter))
 6 FCPATH\index.php(56): CodeIgniter\Boot::bootWeb(Object(Config\Paths))
WARNING - 2025-08-05 11:39:51 --> [DEPRECATED] Creation of dynamic property App\Controllers\MaterialController::$uri is deprecated in APPPATH\Controllers\MaterialController.php on line 17.
 1 SYSTEMPATH\CodeIgniter.php(903): App\Controllers\MaterialController->__construct()
 2 SYSTEMPATH\CodeIgniter.php(500): CodeIgniter\CodeIgniter->createController()
 3 SYSTEMPATH\CodeIgniter.php(355): CodeIgniter\CodeIgniter->handleRequest(null, Object(Config\Cache), false)
 4 SYSTEMPATH\Boot.php(325): CodeIgniter\CodeIgniter->run()
 5 SYSTEMPATH\Boot.php(67): CodeIgniter\Boot::runCodeIgniter(Object(CodeIgniter\CodeIgniter))
 6 FCPATH\index.php(56): CodeIgniter\Boot::bootWeb(Object(Config\Paths))
WARNING - 2025-08-05 11:39:51 --> [DEPRECATED] Creation of dynamic property App\Controllers\MaterialController::$form_validation is deprecated in APPPATH\Controllers\MaterialController.php on line 19.
 1 SYSTEMPATH\CodeIgniter.php(903): App\Controllers\MaterialController->__construct()
 2 SYSTEMPATH\CodeIgniter.php(500): CodeIgniter\CodeIgniter->createController()
 3 SYSTEMPATH\CodeIgniter.php(355): CodeIgniter\CodeIgniter->handleRequest(null, Object(Config\Cache), false)
 4 SYSTEMPATH\Boot.php(325): CodeIgniter\CodeIgniter->run()
 5 SYSTEMPATH\Boot.php(67): CodeIgniter\Boot::runCodeIgniter(Object(CodeIgniter\CodeIgniter))
 6 FCPATH\index.php(56): CodeIgniter\Boot::bootWeb(Object(Config\Paths))
WARNING - 2025-08-05 11:39:51 --> [DEPRECATED] Creation of dynamic property App\Controllers\MaterialController::$userValidation is deprecated in APPPATH\Controllers\MaterialController.php on line 20.
 1 SYSTEMPATH\CodeIgniter.php(903): App\Controllers\MaterialController->__construct()
 2 SYSTEMPATH\CodeIgniter.php(500): CodeIgniter\CodeIgniter->createController()
 3 SYSTEMPATH\CodeIgniter.php(355): CodeIgniter\CodeIgniter->handleRequest(null, Object(Config\Cache), false)
 4 SYSTEMPATH\Boot.php(325): CodeIgniter\CodeIgniter->run()
 5 SYSTEMPATH\Boot.php(67): CodeIgniter\Boot::runCodeIgniter(Object(CodeIgniter\CodeIgniter))
 6 FCPATH\index.php(56): CodeIgniter\Boot::bootWeb(Object(Config\Paths))
INFO - 2025-08-05 11:39:52 --> Session: Class initialized using 'CodeIgniter\Session\Handlers\FileHandler' driver.
WARNING - 2025-08-05 11:39:52 --> [DEPRECATED] Creation of dynamic property App\Controllers\MaterialController::$db is deprecated in APPPATH\Controllers\MaterialController.php on line 15.
 1 SYSTEMPATH\CodeIgniter.php(903): App\Controllers\MaterialController->__construct()
 2 SYSTEMPATH\CodeIgniter.php(500): CodeIgniter\CodeIgniter->createController()
 3 SYSTEMPATH\CodeIgniter.php(355): CodeIgniter\CodeIgniter->handleRequest(null, Object(Config\Cache), false)
 4 SYSTEMPATH\Boot.php(325): CodeIgniter\CodeIgniter->run()
 5 SYSTEMPATH\Boot.php(67): CodeIgniter\Boot::runCodeIgniter(Object(CodeIgniter\CodeIgniter))
 6 FCPATH\index.php(56): CodeIgniter\Boot::bootWeb(Object(Config\Paths))
WARNING - 2025-08-05 11:39:52 --> [DEPRECATED] Creation of dynamic property App\Controllers\MaterialController::$session is deprecated in APPPATH\Controllers\MaterialController.php on line 16.
 1 SYSTEMPATH\CodeIgniter.php(903): App\Controllers\MaterialController->__construct()
 2 SYSTEMPATH\CodeIgniter.php(500): CodeIgniter\CodeIgniter->createController()
 3 SYSTEMPATH\CodeIgniter.php(355): CodeIgniter\CodeIgniter->handleRequest(null, Object(Config\Cache), false)
 4 SYSTEMPATH\Boot.php(325): CodeIgniter\CodeIgniter->run()
 5 SYSTEMPATH\Boot.php(67): CodeIgniter\Boot::runCodeIgniter(Object(CodeIgniter\CodeIgniter))
 6 FCPATH\index.php(56): CodeIgniter\Boot::bootWeb(Object(Config\Paths))
WARNING - 2025-08-05 11:39:52 --> [DEPRECATED] Creation of dynamic property App\Controllers\MaterialController::$uri is deprecated in APPPATH\Controllers\MaterialController.php on line 17.
 1 SYSTEMPATH\CodeIgniter.php(903): App\Controllers\MaterialController->__construct()
 2 SYSTEMPATH\CodeIgniter.php(500): CodeIgniter\CodeIgniter->createController()
 3 SYSTEMPATH\CodeIgniter.php(355): CodeIgniter\CodeIgniter->handleRequest(null, Object(Config\Cache), false)
 4 SYSTEMPATH\Boot.php(325): CodeIgniter\CodeIgniter->run()
 5 SYSTEMPATH\Boot.php(67): CodeIgniter\Boot::runCodeIgniter(Object(CodeIgniter\CodeIgniter))
 6 FCPATH\index.php(56): CodeIgniter\Boot::bootWeb(Object(Config\Paths))
WARNING - 2025-08-05 11:39:52 --> [DEPRECATED] Creation of dynamic property App\Controllers\MaterialController::$form_validation is deprecated in APPPATH\Controllers\MaterialController.php on line 19.
 1 SYSTEMPATH\CodeIgniter.php(903): App\Controllers\MaterialController->__construct()
 2 SYSTEMPATH\CodeIgniter.php(500): CodeIgniter\CodeIgniter->createController()
 3 SYSTEMPATH\CodeIgniter.php(355): CodeIgniter\CodeIgniter->handleRequest(null, Object(Config\Cache), false)
 4 SYSTEMPATH\Boot.php(325): CodeIgniter\CodeIgniter->run()
 5 SYSTEMPATH\Boot.php(67): CodeIgniter\Boot::runCodeIgniter(Object(CodeIgniter\CodeIgniter))
 6 FCPATH\index.php(56): CodeIgniter\Boot::bootWeb(Object(Config\Paths))
WARNING - 2025-08-05 11:39:52 --> [DEPRECATED] Creation of dynamic property App\Controllers\MaterialController::$userValidation is deprecated in APPPATH\Controllers\MaterialController.php on line 20.
 1 SYSTEMPATH\CodeIgniter.php(903): App\Controllers\MaterialController->__construct()
 2 SYSTEMPATH\CodeIgniter.php(500): CodeIgniter\CodeIgniter->createController()
 3 SYSTEMPATH\CodeIgniter.php(355): CodeIgniter\CodeIgniter->handleRequest(null, Object(Config\Cache), false)
 4 SYSTEMPATH\Boot.php(325): CodeIgniter\CodeIgniter->run()
 5 SYSTEMPATH\Boot.php(67): CodeIgniter\Boot::runCodeIgniter(Object(CodeIgniter\CodeIgniter))
 6 FCPATH\index.php(56): CodeIgniter\Boot::bootWeb(Object(Config\Paths))
INFO - 2025-08-05 11:39:54 --> Session: Class initialized using 'CodeIgniter\Session\Handlers\FileHandler' driver.
WARNING - 2025-08-05 11:39:54 --> [DEPRECATED] Creation of dynamic property App\Controllers\MaterialController::$db is deprecated in APPPATH\Controllers\MaterialController.php on line 15.
 1 SYSTEMPATH\CodeIgniter.php(903): App\Controllers\MaterialController->__construct()
 2 SYSTEMPATH\CodeIgniter.php(500): CodeIgniter\CodeIgniter->createController()
 3 SYSTEMPATH\CodeIgniter.php(355): CodeIgniter\CodeIgniter->handleRequest(null, Object(Config\Cache), false)
 4 SYSTEMPATH\Boot.php(325): CodeIgniter\CodeIgniter->run()
 5 SYSTEMPATH\Boot.php(67): CodeIgniter\Boot::runCodeIgniter(Object(CodeIgniter\CodeIgniter))
 6 FCPATH\index.php(56): CodeIgniter\Boot::bootWeb(Object(Config\Paths))
WARNING - 2025-08-05 11:39:54 --> [DEPRECATED] Creation of dynamic property App\Controllers\MaterialController::$session is deprecated in APPPATH\Controllers\MaterialController.php on line 16.
 1 SYSTEMPATH\CodeIgniter.php(903): App\Controllers\MaterialController->__construct()
 2 SYSTEMPATH\CodeIgniter.php(500): CodeIgniter\CodeIgniter->createController()
 3 SYSTEMPATH\CodeIgniter.php(355): CodeIgniter\CodeIgniter->handleRequest(null, Object(Config\Cache), false)
 4 SYSTEMPATH\Boot.php(325): CodeIgniter\CodeIgniter->run()
 5 SYSTEMPATH\Boot.php(67): CodeIgniter\Boot::runCodeIgniter(Object(CodeIgniter\CodeIgniter))
 6 FCPATH\index.php(56): CodeIgniter\Boot::bootWeb(Object(Config\Paths))
WARNING - 2025-08-05 11:39:54 --> [DEPRECATED] Creation of dynamic property App\Controllers\MaterialController::$uri is deprecated in APPPATH\Controllers\MaterialController.php on line 17.
 1 SYSTEMPATH\CodeIgniter.php(903): App\Controllers\MaterialController->__construct()
 2 SYSTEMPATH\CodeIgniter.php(500): CodeIgniter\CodeIgniter->createController()
 3 SYSTEMPATH\CodeIgniter.php(355): CodeIgniter\CodeIgniter->handleRequest(null, Object(Config\Cache), false)
 4 SYSTEMPATH\Boot.php(325): CodeIgniter\CodeIgniter->run()
 5 SYSTEMPATH\Boot.php(67): CodeIgniter\Boot::runCodeIgniter(Object(CodeIgniter\CodeIgniter))
 6 FCPATH\index.php(56): CodeIgniter\Boot::bootWeb(Object(Config\Paths))
WARNING - 2025-08-05 11:39:54 --> [DEPRECATED] Creation of dynamic property App\Controllers\MaterialController::$form_validation is deprecated in APPPATH\Controllers\MaterialController.php on line 19.
 1 SYSTEMPATH\CodeIgniter.php(903): App\Controllers\MaterialController->__construct()
 2 SYSTEMPATH\CodeIgniter.php(500): CodeIgniter\CodeIgniter->createController()
 3 SYSTEMPATH\CodeIgniter.php(355): CodeIgniter\CodeIgniter->handleRequest(null, Object(Config\Cache), false)
 4 SYSTEMPATH\Boot.php(325): CodeIgniter\CodeIgniter->run()
 5 SYSTEMPATH\Boot.php(67): CodeIgniter\Boot::runCodeIgniter(Object(CodeIgniter\CodeIgniter))
 6 FCPATH\index.php(56): CodeIgniter\Boot::bootWeb(Object(Config\Paths))
WARNING - 2025-08-05 11:39:54 --> [DEPRECATED] Creation of dynamic property App\Controllers\MaterialController::$userValidation is deprecated in APPPATH\Controllers\MaterialController.php on line 20.
 1 SYSTEMPATH\CodeIgniter.php(903): App\Controllers\MaterialController->__construct()
 2 SYSTEMPATH\CodeIgniter.php(500): CodeIgniter\CodeIgniter->createController()
 3 SYSTEMPATH\CodeIgniter.php(355): CodeIgniter\CodeIgniter->handleRequest(null, Object(Config\Cache), false)
 4 SYSTEMPATH\Boot.php(325): CodeIgniter\CodeIgniter->run()
 5 SYSTEMPATH\Boot.php(67): CodeIgniter\Boot::runCodeIgniter(Object(CodeIgniter\CodeIgniter))
 6 FCPATH\index.php(56): CodeIgniter\Boot::bootWeb(Object(Config\Paths))
INFO - 2025-08-05 11:40:00 --> Session: Class initialized using 'CodeIgniter\Session\Handlers\FileHandler' driver.
WARNING - 2025-08-05 11:40:00 --> [DEPRECATED] Creation of dynamic property App\Controllers\MaterialController::$db is deprecated in APPPATH\Controllers\MaterialController.php on line 15.
 1 SYSTEMPATH\CodeIgniter.php(903): App\Controllers\MaterialController->__construct()
 2 SYSTEMPATH\CodeIgniter.php(500): CodeIgniter\CodeIgniter->createController()
 3 SYSTEMPATH\CodeIgniter.php(355): CodeIgniter\CodeIgniter->handleRequest(null, Object(Config\Cache), false)
 4 SYSTEMPATH\Boot.php(325): CodeIgniter\CodeIgniter->run()
 5 SYSTEMPATH\Boot.php(67): CodeIgniter\Boot::runCodeIgniter(Object(CodeIgniter\CodeIgniter))
 6 FCPATH\index.php(56): CodeIgniter\Boot::bootWeb(Object(Config\Paths))
WARNING - 2025-08-05 11:40:00 --> [DEPRECATED] Creation of dynamic property App\Controllers\MaterialController::$session is deprecated in APPPATH\Controllers\MaterialController.php on line 16.
 1 SYSTEMPATH\CodeIgniter.php(903): App\Controllers\MaterialController->__construct()
 2 SYSTEMPATH\CodeIgniter.php(500): CodeIgniter\CodeIgniter->createController()
 3 SYSTEMPATH\CodeIgniter.php(355): CodeIgniter\CodeIgniter->handleRequest(null, Object(Config\Cache), false)
 4 SYSTEMPATH\Boot.php(325): CodeIgniter\CodeIgniter->run()
 5 SYSTEMPATH\Boot.php(67): CodeIgniter\Boot::runCodeIgniter(Object(CodeIgniter\CodeIgniter))
 6 FCPATH\index.php(56): CodeIgniter\Boot::bootWeb(Object(Config\Paths))
WARNING - 2025-08-05 11:40:00 --> [DEPRECATED] Creation of dynamic property App\Controllers\MaterialController::$uri is deprecated in APPPATH\Controllers\MaterialController.php on line 17.
 1 SYSTEMPATH\CodeIgniter.php(903): App\Controllers\MaterialController->__construct()
 2 SYSTEMPATH\CodeIgniter.php(500): CodeIgniter\CodeIgniter->createController()
 3 SYSTEMPATH\CodeIgniter.php(355): CodeIgniter\CodeIgniter->handleRequest(null, Object(Config\Cache), false)
 4 SYSTEMPATH\Boot.php(325): CodeIgniter\CodeIgniter->run()
 5 SYSTEMPATH\Boot.php(67): CodeIgniter\Boot::runCodeIgniter(Object(CodeIgniter\CodeIgniter))
 6 FCPATH\index.php(56): CodeIgniter\Boot::bootWeb(Object(Config\Paths))
WARNING - 2025-08-05 11:40:00 --> [DEPRECATED] Creation of dynamic property App\Controllers\MaterialController::$form_validation is deprecated in APPPATH\Controllers\MaterialController.php on line 19.
 1 SYSTEMPATH\CodeIgniter.php(903): App\Controllers\MaterialController->__construct()
 2 SYSTEMPATH\CodeIgniter.php(500): CodeIgniter\CodeIgniter->createController()
 3 SYSTEMPATH\CodeIgniter.php(355): CodeIgniter\CodeIgniter->handleRequest(null, Object(Config\Cache), false)
 4 SYSTEMPATH\Boot.php(325): CodeIgniter\CodeIgniter->run()
 5 SYSTEMPATH\Boot.php(67): CodeIgniter\Boot::runCodeIgniter(Object(CodeIgniter\CodeIgniter))
 6 FCPATH\index.php(56): CodeIgniter\Boot::bootWeb(Object(Config\Paths))
WARNING - 2025-08-05 11:40:00 --> [DEPRECATED] Creation of dynamic property App\Controllers\MaterialController::$userValidation is deprecated in APPPATH\Controllers\MaterialController.php on line 20.
 1 SYSTEMPATH\CodeIgniter.php(903): App\Controllers\MaterialController->__construct()
 2 SYSTEMPATH\CodeIgniter.php(500): CodeIgniter\CodeIgniter->createController()
 3 SYSTEMPATH\CodeIgniter.php(355): CodeIgniter\CodeIgniter->handleRequest(null, Object(Config\Cache), false)
 4 SYSTEMPATH\Boot.php(325): CodeIgniter\CodeIgniter->run()
 5 SYSTEMPATH\Boot.php(67): CodeIgniter\Boot::runCodeIgniter(Object(CodeIgniter\CodeIgniter))
 6 FCPATH\index.php(56): CodeIgniter\Boot::bootWeb(Object(Config\Paths))
INFO - 2025-08-05 11:40:08 --> Session: Class initialized using 'CodeIgniter\Session\Handlers\FileHandler' driver.
WARNING - 2025-08-05 11:40:08 --> [DEPRECATED] Creation of dynamic property App\Controllers\MaterialController::$db is deprecated in APPPATH\Controllers\MaterialController.php on line 15.
 1 SYSTEMPATH\CodeIgniter.php(903): App\Controllers\MaterialController->__construct()
 2 SYSTEMPATH\CodeIgniter.php(500): CodeIgniter\CodeIgniter->createController()
 3 SYSTEMPATH\CodeIgniter.php(355): CodeIgniter\CodeIgniter->handleRequest(null, Object(Config\Cache), false)
 4 SYSTEMPATH\Boot.php(325): CodeIgniter\CodeIgniter->run()
 5 SYSTEMPATH\Boot.php(67): CodeIgniter\Boot::runCodeIgniter(Object(CodeIgniter\CodeIgniter))
 6 FCPATH\index.php(56): CodeIgniter\Boot::bootWeb(Object(Config\Paths))
WARNING - 2025-08-05 11:40:08 --> [DEPRECATED] Creation of dynamic property App\Controllers\MaterialController::$session is deprecated in APPPATH\Controllers\MaterialController.php on line 16.
 1 SYSTEMPATH\CodeIgniter.php(903): App\Controllers\MaterialController->__construct()
 2 SYSTEMPATH\CodeIgniter.php(500): CodeIgniter\CodeIgniter->createController()
 3 SYSTEMPATH\CodeIgniter.php(355): CodeIgniter\CodeIgniter->handleRequest(null, Object(Config\Cache), false)
 4 SYSTEMPATH\Boot.php(325): CodeIgniter\CodeIgniter->run()
 5 SYSTEMPATH\Boot.php(67): CodeIgniter\Boot::runCodeIgniter(Object(CodeIgniter\CodeIgniter))
 6 FCPATH\index.php(56): CodeIgniter\Boot::bootWeb(Object(Config\Paths))
WARNING - 2025-08-05 11:40:08 --> [DEPRECATED] Creation of dynamic property App\Controllers\MaterialController::$uri is deprecated in APPPATH\Controllers\MaterialController.php on line 17.
 1 SYSTEMPATH\CodeIgniter.php(903): App\Controllers\MaterialController->__construct()
 2 SYSTEMPATH\CodeIgniter.php(500): CodeIgniter\CodeIgniter->createController()
 3 SYSTEMPATH\CodeIgniter.php(355): CodeIgniter\CodeIgniter->handleRequest(null, Object(Config\Cache), false)
 4 SYSTEMPATH\Boot.php(325): CodeIgniter\CodeIgniter->run()
 5 SYSTEMPATH\Boot.php(67): CodeIgniter\Boot::runCodeIgniter(Object(CodeIgniter\CodeIgniter))
 6 FCPATH\index.php(56): CodeIgniter\Boot::bootWeb(Object(Config\Paths))
WARNING - 2025-08-05 11:40:08 --> [DEPRECATED] Creation of dynamic property App\Controllers\MaterialController::$form_validation is deprecated in APPPATH\Controllers\MaterialController.php on line 19.
 1 SYSTEMPATH\CodeIgniter.php(903): App\Controllers\MaterialController->__construct()
 2 SYSTEMPATH\CodeIgniter.php(500): CodeIgniter\CodeIgniter->createController()
 3 SYSTEMPATH\CodeIgniter.php(355): CodeIgniter\CodeIgniter->handleRequest(null, Object(Config\Cache), false)
 4 SYSTEMPATH\Boot.php(325): CodeIgniter\CodeIgniter->run()
 5 SYSTEMPATH\Boot.php(67): CodeIgniter\Boot::runCodeIgniter(Object(CodeIgniter\CodeIgniter))
 6 FCPATH\index.php(56): CodeIgniter\Boot::bootWeb(Object(Config\Paths))
WARNING - 2025-08-05 11:40:08 --> [DEPRECATED] Creation of dynamic property App\Controllers\MaterialController::$userValidation is deprecated in APPPATH\Controllers\MaterialController.php on line 20.
 1 SYSTEMPATH\CodeIgniter.php(903): App\Controllers\MaterialController->__construct()
 2 SYSTEMPATH\CodeIgniter.php(500): CodeIgniter\CodeIgniter->createController()
 3 SYSTEMPATH\CodeIgniter.php(355): CodeIgniter\CodeIgniter->handleRequest(null, Object(Config\Cache), false)
 4 SYSTEMPATH\Boot.php(325): CodeIgniter\CodeIgniter->run()
 5 SYSTEMPATH\Boot.php(67): CodeIgniter\Boot::runCodeIgniter(Object(CodeIgniter\CodeIgniter))
 6 FCPATH\index.php(56): CodeIgniter\Boot::bootWeb(Object(Config\Paths))
INFO - 2025-08-05 11:42:03 --> Session: Class initialized using 'CodeIgniter\Session\Handlers\FileHandler' driver.
WARNING - 2025-08-05 11:42:03 --> [DEPRECATED] Creation of dynamic property App\Controllers\MaterialController::$db is deprecated in APPPATH\Controllers\MaterialController.php on line 15.
 1 SYSTEMPATH\CodeIgniter.php(903): App\Controllers\MaterialController->__construct()
 2 SYSTEMPATH\CodeIgniter.php(500): CodeIgniter\CodeIgniter->createController()
 3 SYSTEMPATH\CodeIgniter.php(355): CodeIgniter\CodeIgniter->handleRequest(null, Object(Config\Cache), false)
 4 SYSTEMPATH\Boot.php(325): CodeIgniter\CodeIgniter->run()
 5 SYSTEMPATH\Boot.php(67): CodeIgniter\Boot::runCodeIgniter(Object(CodeIgniter\CodeIgniter))
 6 FCPATH\index.php(56): CodeIgniter\Boot::bootWeb(Object(Config\Paths))
WARNING - 2025-08-05 11:42:03 --> [DEPRECATED] Creation of dynamic property App\Controllers\MaterialController::$session is deprecated in APPPATH\Controllers\MaterialController.php on line 16.
 1 SYSTEMPATH\CodeIgniter.php(903): App\Controllers\MaterialController->__construct()
 2 SYSTEMPATH\CodeIgniter.php(500): CodeIgniter\CodeIgniter->createController()
 3 SYSTEMPATH\CodeIgniter.php(355): CodeIgniter\CodeIgniter->handleRequest(null, Object(Config\Cache), false)
 4 SYSTEMPATH\Boot.php(325): CodeIgniter\CodeIgniter->run()
 5 SYSTEMPATH\Boot.php(67): CodeIgniter\Boot::runCodeIgniter(Object(CodeIgniter\CodeIgniter))
 6 FCPATH\index.php(56): CodeIgniter\Boot::bootWeb(Object(Config\Paths))
WARNING - 2025-08-05 11:42:03 --> [DEPRECATED] Creation of dynamic property App\Controllers\MaterialController::$uri is deprecated in APPPATH\Controllers\MaterialController.php on line 17.
 1 SYSTEMPATH\CodeIgniter.php(903): App\Controllers\MaterialController->__construct()
 2 SYSTEMPATH\CodeIgniter.php(500): CodeIgniter\CodeIgniter->createController()
 3 SYSTEMPATH\CodeIgniter.php(355): CodeIgniter\CodeIgniter->handleRequest(null, Object(Config\Cache), false)
 4 SYSTEMPATH\Boot.php(325): CodeIgniter\CodeIgniter->run()
 5 SYSTEMPATH\Boot.php(67): CodeIgniter\Boot::runCodeIgniter(Object(CodeIgniter\CodeIgniter))
 6 FCPATH\index.php(56): CodeIgniter\Boot::bootWeb(Object(Config\Paths))
WARNING - 2025-08-05 11:42:03 --> [DEPRECATED] Creation of dynamic property App\Controllers\MaterialController::$form_validation is deprecated in APPPATH\Controllers\MaterialController.php on line 19.
 1 SYSTEMPATH\CodeIgniter.php(903): App\Controllers\MaterialController->__construct()
 2 SYSTEMPATH\CodeIgniter.php(500): CodeIgniter\CodeIgniter->createController()
 3 SYSTEMPATH\CodeIgniter.php(355): CodeIgniter\CodeIgniter->handleRequest(null, Object(Config\Cache), false)
 4 SYSTEMPATH\Boot.php(325): CodeIgniter\CodeIgniter->run()
 5 SYSTEMPATH\Boot.php(67): CodeIgniter\Boot::runCodeIgniter(Object(CodeIgniter\CodeIgniter))
 6 FCPATH\index.php(56): CodeIgniter\Boot::bootWeb(Object(Config\Paths))
WARNING - 2025-08-05 11:42:03 --> [DEPRECATED] Creation of dynamic property App\Controllers\MaterialController::$userValidation is deprecated in APPPATH\Controllers\MaterialController.php on line 20.
 1 SYSTEMPATH\CodeIgniter.php(903): App\Controllers\MaterialController->__construct()
 2 SYSTEMPATH\CodeIgniter.php(500): CodeIgniter\CodeIgniter->createController()
 3 SYSTEMPATH\CodeIgniter.php(355): CodeIgniter\CodeIgniter->handleRequest(null, Object(Config\Cache), false)
 4 SYSTEMPATH\Boot.php(325): CodeIgniter\CodeIgniter->run()
 5 SYSTEMPATH\Boot.php(67): CodeIgniter\Boot::runCodeIgniter(Object(CodeIgniter\CodeIgniter))
 6 FCPATH\index.php(56): CodeIgniter\Boot::bootWeb(Object(Config\Paths))
INFO - 2025-08-05 11:42:04 --> Session: Class initialized using 'CodeIgniter\Session\Handlers\FileHandler' driver.
WARNING - 2025-08-05 11:42:04 --> [DEPRECATED] Creation of dynamic property App\Controllers\MaterialController::$db is deprecated in APPPATH\Controllers\MaterialController.php on line 15.
 1 SYSTEMPATH\CodeIgniter.php(903): App\Controllers\MaterialController->__construct()
 2 SYSTEMPATH\CodeIgniter.php(500): CodeIgniter\CodeIgniter->createController()
 3 SYSTEMPATH\CodeIgniter.php(355): CodeIgniter\CodeIgniter->handleRequest(null, Object(Config\Cache), false)
 4 SYSTEMPATH\Boot.php(325): CodeIgniter\CodeIgniter->run()
 5 SYSTEMPATH\Boot.php(67): CodeIgniter\Boot::runCodeIgniter(Object(CodeIgniter\CodeIgniter))
 6 FCPATH\index.php(56): CodeIgniter\Boot::bootWeb(Object(Config\Paths))
WARNING - 2025-08-05 11:42:04 --> [DEPRECATED] Creation of dynamic property App\Controllers\MaterialController::$session is deprecated in APPPATH\Controllers\MaterialController.php on line 16.
 1 SYSTEMPATH\CodeIgniter.php(903): App\Controllers\MaterialController->__construct()
 2 SYSTEMPATH\CodeIgniter.php(500): CodeIgniter\CodeIgniter->createController()
 3 SYSTEMPATH\CodeIgniter.php(355): CodeIgniter\CodeIgniter->handleRequest(null, Object(Config\Cache), false)
 4 SYSTEMPATH\Boot.php(325): CodeIgniter\CodeIgniter->run()
 5 SYSTEMPATH\Boot.php(67): CodeIgniter\Boot::runCodeIgniter(Object(CodeIgniter\CodeIgniter))
 6 FCPATH\index.php(56): CodeIgniter\Boot::bootWeb(Object(Config\Paths))
WARNING - 2025-08-05 11:42:04 --> [DEPRECATED] Creation of dynamic property App\Controllers\MaterialController::$uri is deprecated in APPPATH\Controllers\MaterialController.php on line 17.
 1 SYSTEMPATH\CodeIgniter.php(903): App\Controllers\MaterialController->__construct()
 2 SYSTEMPATH\CodeIgniter.php(500): CodeIgniter\CodeIgniter->createController()
 3 SYSTEMPATH\CodeIgniter.php(355): CodeIgniter\CodeIgniter->handleRequest(null, Object(Config\Cache), false)
 4 SYSTEMPATH\Boot.php(325): CodeIgniter\CodeIgniter->run()
 5 SYSTEMPATH\Boot.php(67): CodeIgniter\Boot::runCodeIgniter(Object(CodeIgniter\CodeIgniter))
 6 FCPATH\index.php(56): CodeIgniter\Boot::bootWeb(Object(Config\Paths))
WARNING - 2025-08-05 11:42:04 --> [DEPRECATED] Creation of dynamic property App\Controllers\MaterialController::$form_validation is deprecated in APPPATH\Controllers\MaterialController.php on line 19.
 1 SYSTEMPATH\CodeIgniter.php(903): App\Controllers\MaterialController->__construct()
 2 SYSTEMPATH\CodeIgniter.php(500): CodeIgniter\CodeIgniter->createController()
 3 SYSTEMPATH\CodeIgniter.php(355): CodeIgniter\CodeIgniter->handleRequest(null, Object(Config\Cache), false)
 4 SYSTEMPATH\Boot.php(325): CodeIgniter\CodeIgniter->run()
 5 SYSTEMPATH\Boot.php(67): CodeIgniter\Boot::runCodeIgniter(Object(CodeIgniter\CodeIgniter))
 6 FCPATH\index.php(56): CodeIgniter\Boot::bootWeb(Object(Config\Paths))
WARNING - 2025-08-05 11:42:04 --> [DEPRECATED] Creation of dynamic property App\Controllers\MaterialController::$userValidation is deprecated in APPPATH\Controllers\MaterialController.php on line 20.
 1 SYSTEMPATH\CodeIgniter.php(903): App\Controllers\MaterialController->__construct()
 2 SYSTEMPATH\CodeIgniter.php(500): CodeIgniter\CodeIgniter->createController()
 3 SYSTEMPATH\CodeIgniter.php(355): CodeIgniter\CodeIgniter->handleRequest(null, Object(Config\Cache), false)
 4 SYSTEMPATH\Boot.php(325): CodeIgniter\CodeIgniter->run()
 5 SYSTEMPATH\Boot.php(67): CodeIgniter\Boot::runCodeIgniter(Object(CodeIgniter\CodeIgniter))
 6 FCPATH\index.php(56): CodeIgniter\Boot::bootWeb(Object(Config\Paths))
INFO - 2025-08-05 11:42:04 --> Session: Class initialized using 'CodeIgniter\Session\Handlers\FileHandler' driver.
WARNING - 2025-08-05 11:42:04 --> [DEPRECATED] Creation of dynamic property App\Controllers\MaterialController::$db is deprecated in APPPATH\Controllers\MaterialController.php on line 15.
 1 SYSTEMPATH\CodeIgniter.php(903): App\Controllers\MaterialController->__construct()
 2 SYSTEMPATH\CodeIgniter.php(500): CodeIgniter\CodeIgniter->createController()
 3 SYSTEMPATH\CodeIgniter.php(355): CodeIgniter\CodeIgniter->handleRequest(null, Object(Config\Cache), false)
 4 SYSTEMPATH\Boot.php(325): CodeIgniter\CodeIgniter->run()
 5 SYSTEMPATH\Boot.php(67): CodeIgniter\Boot::runCodeIgniter(Object(CodeIgniter\CodeIgniter))
 6 FCPATH\index.php(56): CodeIgniter\Boot::bootWeb(Object(Config\Paths))
WARNING - 2025-08-05 11:42:04 --> [DEPRECATED] Creation of dynamic property App\Controllers\MaterialController::$session is deprecated in APPPATH\Controllers\MaterialController.php on line 16.
 1 SYSTEMPATH\CodeIgniter.php(903): App\Controllers\MaterialController->__construct()
 2 SYSTEMPATH\CodeIgniter.php(500): CodeIgniter\CodeIgniter->createController()
 3 SYSTEMPATH\CodeIgniter.php(355): CodeIgniter\CodeIgniter->handleRequest(null, Object(Config\Cache), false)
 4 SYSTEMPATH\Boot.php(325): CodeIgniter\CodeIgniter->run()
 5 SYSTEMPATH\Boot.php(67): CodeIgniter\Boot::runCodeIgniter(Object(CodeIgniter\CodeIgniter))
 6 FCPATH\index.php(56): CodeIgniter\Boot::bootWeb(Object(Config\Paths))
WARNING - 2025-08-05 11:42:04 --> [DEPRECATED] Creation of dynamic property App\Controllers\MaterialController::$uri is deprecated in APPPATH\Controllers\MaterialController.php on line 17.
 1 SYSTEMPATH\CodeIgniter.php(903): App\Controllers\MaterialController->__construct()
 2 SYSTEMPATH\CodeIgniter.php(500): CodeIgniter\CodeIgniter->createController()
 3 SYSTEMPATH\CodeIgniter.php(355): CodeIgniter\CodeIgniter->handleRequest(null, Object(Config\Cache), false)
 4 SYSTEMPATH\Boot.php(325): CodeIgniter\CodeIgniter->run()
 5 SYSTEMPATH\Boot.php(67): CodeIgniter\Boot::runCodeIgniter(Object(CodeIgniter\CodeIgniter))
 6 FCPATH\index.php(56): CodeIgniter\Boot::bootWeb(Object(Config\Paths))
WARNING - 2025-08-05 11:42:04 --> [DEPRECATED] Creation of dynamic property App\Controllers\MaterialController::$form_validation is deprecated in APPPATH\Controllers\MaterialController.php on line 19.
 1 SYSTEMPATH\CodeIgniter.php(903): App\Controllers\MaterialController->__construct()
 2 SYSTEMPATH\CodeIgniter.php(500): CodeIgniter\CodeIgniter->createController()
 3 SYSTEMPATH\CodeIgniter.php(355): CodeIgniter\CodeIgniter->handleRequest(null, Object(Config\Cache), false)
 4 SYSTEMPATH\Boot.php(325): CodeIgniter\CodeIgniter->run()
 5 SYSTEMPATH\Boot.php(67): CodeIgniter\Boot::runCodeIgniter(Object(CodeIgniter\CodeIgniter))
 6 FCPATH\index.php(56): CodeIgniter\Boot::bootWeb(Object(Config\Paths))
WARNING - 2025-08-05 11:42:04 --> [DEPRECATED] Creation of dynamic property App\Controllers\MaterialController::$userValidation is deprecated in APPPATH\Controllers\MaterialController.php on line 20.
 1 SYSTEMPATH\CodeIgniter.php(903): App\Controllers\MaterialController->__construct()
 2 SYSTEMPATH\CodeIgniter.php(500): CodeIgniter\CodeIgniter->createController()
 3 SYSTEMPATH\CodeIgniter.php(355): CodeIgniter\CodeIgniter->handleRequest(null, Object(Config\Cache), false)
 4 SYSTEMPATH\Boot.php(325): CodeIgniter\CodeIgniter->run()
 5 SYSTEMPATH\Boot.php(67): CodeIgniter\Boot::runCodeIgniter(Object(CodeIgniter\CodeIgniter))
 6 FCPATH\index.php(56): CodeIgniter\Boot::bootWeb(Object(Config\Paths))
INFO - 2025-08-05 11:42:05 --> Session: Class initialized using 'CodeIgniter\Session\Handlers\FileHandler' driver.
WARNING - 2025-08-05 11:42:05 --> [DEPRECATED] Creation of dynamic property App\Controllers\MaterialController::$db is deprecated in APPPATH\Controllers\MaterialController.php on line 15.
 1 SYSTEMPATH\CodeIgniter.php(903): App\Controllers\MaterialController->__construct()
 2 SYSTEMPATH\CodeIgniter.php(500): CodeIgniter\CodeIgniter->createController()
 3 SYSTEMPATH\CodeIgniter.php(355): CodeIgniter\CodeIgniter->handleRequest(null, Object(Config\Cache), false)
 4 SYSTEMPATH\Boot.php(325): CodeIgniter\CodeIgniter->run()
 5 SYSTEMPATH\Boot.php(67): CodeIgniter\Boot::runCodeIgniter(Object(CodeIgniter\CodeIgniter))
 6 FCPATH\index.php(56): CodeIgniter\Boot::bootWeb(Object(Config\Paths))
WARNING - 2025-08-05 11:42:05 --> [DEPRECATED] Creation of dynamic property App\Controllers\MaterialController::$session is deprecated in APPPATH\Controllers\MaterialController.php on line 16.
 1 SYSTEMPATH\CodeIgniter.php(903): App\Controllers\MaterialController->__construct()
 2 SYSTEMPATH\CodeIgniter.php(500): CodeIgniter\CodeIgniter->createController()
 3 SYSTEMPATH\CodeIgniter.php(355): CodeIgniter\CodeIgniter->handleRequest(null, Object(Config\Cache), false)
 4 SYSTEMPATH\Boot.php(325): CodeIgniter\CodeIgniter->run()
 5 SYSTEMPATH\Boot.php(67): CodeIgniter\Boot::runCodeIgniter(Object(CodeIgniter\CodeIgniter))
 6 FCPATH\index.php(56): CodeIgniter\Boot::bootWeb(Object(Config\Paths))
WARNING - 2025-08-05 11:42:05 --> [DEPRECATED] Creation of dynamic property App\Controllers\MaterialController::$uri is deprecated in APPPATH\Controllers\MaterialController.php on line 17.
 1 SYSTEMPATH\CodeIgniter.php(903): App\Controllers\MaterialController->__construct()
 2 SYSTEMPATH\CodeIgniter.php(500): CodeIgniter\CodeIgniter->createController()
 3 SYSTEMPATH\CodeIgniter.php(355): CodeIgniter\CodeIgniter->handleRequest(null, Object(Config\Cache), false)
 4 SYSTEMPATH\Boot.php(325): CodeIgniter\CodeIgniter->run()
 5 SYSTEMPATH\Boot.php(67): CodeIgniter\Boot::runCodeIgniter(Object(CodeIgniter\CodeIgniter))
 6 FCPATH\index.php(56): CodeIgniter\Boot::bootWeb(Object(Config\Paths))
WARNING - 2025-08-05 11:42:05 --> [DEPRECATED] Creation of dynamic property App\Controllers\MaterialController::$form_validation is deprecated in APPPATH\Controllers\MaterialController.php on line 19.
 1 SYSTEMPATH\CodeIgniter.php(903): App\Controllers\MaterialController->__construct()
 2 SYSTEMPATH\CodeIgniter.php(500): CodeIgniter\CodeIgniter->createController()
 3 SYSTEMPATH\CodeIgniter.php(355): CodeIgniter\CodeIgniter->handleRequest(null, Object(Config\Cache), false)
 4 SYSTEMPATH\Boot.php(325): CodeIgniter\CodeIgniter->run()
 5 SYSTEMPATH\Boot.php(67): CodeIgniter\Boot::runCodeIgniter(Object(CodeIgniter\CodeIgniter))
 6 FCPATH\index.php(56): CodeIgniter\Boot::bootWeb(Object(Config\Paths))
WARNING - 2025-08-05 11:42:05 --> [DEPRECATED] Creation of dynamic property App\Controllers\MaterialController::$userValidation is deprecated in APPPATH\Controllers\MaterialController.php on line 20.
 1 SYSTEMPATH\CodeIgniter.php(903): App\Controllers\MaterialController->__construct()
 2 SYSTEMPATH\CodeIgniter.php(500): CodeIgniter\CodeIgniter->createController()
 3 SYSTEMPATH\CodeIgniter.php(355): CodeIgniter\CodeIgniter->handleRequest(null, Object(Config\Cache), false)
 4 SYSTEMPATH\Boot.php(325): CodeIgniter\CodeIgniter->run()
 5 SYSTEMPATH\Boot.php(67): CodeIgniter\Boot::runCodeIgniter(Object(CodeIgniter\CodeIgniter))
 6 FCPATH\index.php(56): CodeIgniter\Boot::bootWeb(Object(Config\Paths))
INFO - 2025-08-05 11:42:05 --> Session: Class initialized using 'CodeIgniter\Session\Handlers\FileHandler' driver.
WARNING - 2025-08-05 11:42:05 --> [DEPRECATED] Creation of dynamic property App\Controllers\MaterialController::$db is deprecated in APPPATH\Controllers\MaterialController.php on line 15.
 1 SYSTEMPATH\CodeIgniter.php(903): App\Controllers\MaterialController->__construct()
 2 SYSTEMPATH\CodeIgniter.php(500): CodeIgniter\CodeIgniter->createController()
 3 SYSTEMPATH\CodeIgniter.php(355): CodeIgniter\CodeIgniter->handleRequest(null, Object(Config\Cache), false)
 4 SYSTEMPATH\Boot.php(325): CodeIgniter\CodeIgniter->run()
 5 SYSTEMPATH\Boot.php(67): CodeIgniter\Boot::runCodeIgniter(Object(CodeIgniter\CodeIgniter))
 6 FCPATH\index.php(56): CodeIgniter\Boot::bootWeb(Object(Config\Paths))
WARNING - 2025-08-05 11:42:05 --> [DEPRECATED] Creation of dynamic property App\Controllers\MaterialController::$session is deprecated in APPPATH\Controllers\MaterialController.php on line 16.
 1 SYSTEMPATH\CodeIgniter.php(903): App\Controllers\MaterialController->__construct()
 2 SYSTEMPATH\CodeIgniter.php(500): CodeIgniter\CodeIgniter->createController()
 3 SYSTEMPATH\CodeIgniter.php(355): CodeIgniter\CodeIgniter->handleRequest(null, Object(Config\Cache), false)
 4 SYSTEMPATH\Boot.php(325): CodeIgniter\CodeIgniter->run()
 5 SYSTEMPATH\Boot.php(67): CodeIgniter\Boot::runCodeIgniter(Object(CodeIgniter\CodeIgniter))
 6 FCPATH\index.php(56): CodeIgniter\Boot::bootWeb(Object(Config\Paths))
WARNING - 2025-08-05 11:42:05 --> [DEPRECATED] Creation of dynamic property App\Controllers\MaterialController::$uri is deprecated in APPPATH\Controllers\MaterialController.php on line 17.
 1 SYSTEMPATH\CodeIgniter.php(903): App\Controllers\MaterialController->__construct()
 2 SYSTEMPATH\CodeIgniter.php(500): CodeIgniter\CodeIgniter->createController()
 3 SYSTEMPATH\CodeIgniter.php(355): CodeIgniter\CodeIgniter->handleRequest(null, Object(Config\Cache), false)
 4 SYSTEMPATH\Boot.php(325): CodeIgniter\CodeIgniter->run()
 5 SYSTEMPATH\Boot.php(67): CodeIgniter\Boot::runCodeIgniter(Object(CodeIgniter\CodeIgniter))
 6 FCPATH\index.php(56): CodeIgniter\Boot::bootWeb(Object(Config\Paths))
WARNING - 2025-08-05 11:42:05 --> [DEPRECATED] Creation of dynamic property App\Controllers\MaterialController::$form_validation is deprecated in APPPATH\Controllers\MaterialController.php on line 19.
 1 SYSTEMPATH\CodeIgniter.php(903): App\Controllers\MaterialController->__construct()
 2 SYSTEMPATH\CodeIgniter.php(500): CodeIgniter\CodeIgniter->createController()
 3 SYSTEMPATH\CodeIgniter.php(355): CodeIgniter\CodeIgniter->handleRequest(null, Object(Config\Cache), false)
 4 SYSTEMPATH\Boot.php(325): CodeIgniter\CodeIgniter->run()
 5 SYSTEMPATH\Boot.php(67): CodeIgniter\Boot::runCodeIgniter(Object(CodeIgniter\CodeIgniter))
 6 FCPATH\index.php(56): CodeIgniter\Boot::bootWeb(Object(Config\Paths))
WARNING - 2025-08-05 11:42:05 --> [DEPRECATED] Creation of dynamic property App\Controllers\MaterialController::$userValidation is deprecated in APPPATH\Controllers\MaterialController.php on line 20.
 1 SYSTEMPATH\CodeIgniter.php(903): App\Controllers\MaterialController->__construct()
 2 SYSTEMPATH\CodeIgniter.php(500): CodeIgniter\CodeIgniter->createController()
 3 SYSTEMPATH\CodeIgniter.php(355): CodeIgniter\CodeIgniter->handleRequest(null, Object(Config\Cache), false)
 4 SYSTEMPATH\Boot.php(325): CodeIgniter\CodeIgniter->run()
 5 SYSTEMPATH\Boot.php(67): CodeIgniter\Boot::runCodeIgniter(Object(CodeIgniter\CodeIgniter))
 6 FCPATH\index.php(56): CodeIgniter\Boot::bootWeb(Object(Config\Paths))
INFO - 2025-08-05 11:42:06 --> Session: Class initialized using 'CodeIgniter\Session\Handlers\FileHandler' driver.
WARNING - 2025-08-05 11:42:06 --> [DEPRECATED] Creation of dynamic property App\Controllers\MaterialController::$db is deprecated in APPPATH\Controllers\MaterialController.php on line 15.
 1 SYSTEMPATH\CodeIgniter.php(903): App\Controllers\MaterialController->__construct()
 2 SYSTEMPATH\CodeIgniter.php(500): CodeIgniter\CodeIgniter->createController()
 3 SYSTEMPATH\CodeIgniter.php(355): CodeIgniter\CodeIgniter->handleRequest(null, Object(Config\Cache), false)
 4 SYSTEMPATH\Boot.php(325): CodeIgniter\CodeIgniter->run()
 5 SYSTEMPATH\Boot.php(67): CodeIgniter\Boot::runCodeIgniter(Object(CodeIgniter\CodeIgniter))
 6 FCPATH\index.php(56): CodeIgniter\Boot::bootWeb(Object(Config\Paths))
WARNING - 2025-08-05 11:42:06 --> [DEPRECATED] Creation of dynamic property App\Controllers\MaterialController::$session is deprecated in APPPATH\Controllers\MaterialController.php on line 16.
 1 SYSTEMPATH\CodeIgniter.php(903): App\Controllers\MaterialController->__construct()
 2 SYSTEMPATH\CodeIgniter.php(500): CodeIgniter\CodeIgniter->createController()
 3 SYSTEMPATH\CodeIgniter.php(355): CodeIgniter\CodeIgniter->handleRequest(null, Object(Config\Cache), false)
 4 SYSTEMPATH\Boot.php(325): CodeIgniter\CodeIgniter->run()
 5 SYSTEMPATH\Boot.php(67): CodeIgniter\Boot::runCodeIgniter(Object(CodeIgniter\CodeIgniter))
 6 FCPATH\index.php(56): CodeIgniter\Boot::bootWeb(Object(Config\Paths))
WARNING - 2025-08-05 11:42:06 --> [DEPRECATED] Creation of dynamic property App\Controllers\MaterialController::$uri is deprecated in APPPATH\Controllers\MaterialController.php on line 17.
 1 SYSTEMPATH\CodeIgniter.php(903): App\Controllers\MaterialController->__construct()
 2 SYSTEMPATH\CodeIgniter.php(500): CodeIgniter\CodeIgniter->createController()
 3 SYSTEMPATH\CodeIgniter.php(355): CodeIgniter\CodeIgniter->handleRequest(null, Object(Config\Cache), false)
 4 SYSTEMPATH\Boot.php(325): CodeIgniter\CodeIgniter->run()
 5 SYSTEMPATH\Boot.php(67): CodeIgniter\Boot::runCodeIgniter(Object(CodeIgniter\CodeIgniter))
 6 FCPATH\index.php(56): CodeIgniter\Boot::bootWeb(Object(Config\Paths))
WARNING - 2025-08-05 11:42:06 --> [DEPRECATED] Creation of dynamic property App\Controllers\MaterialController::$form_validation is deprecated in APPPATH\Controllers\MaterialController.php on line 19.
 1 SYSTEMPATH\CodeIgniter.php(903): App\Controllers\MaterialController->__construct()
 2 SYSTEMPATH\CodeIgniter.php(500): CodeIgniter\CodeIgniter->createController()
 3 SYSTEMPATH\CodeIgniter.php(355): CodeIgniter\CodeIgniter->handleRequest(null, Object(Config\Cache), false)
 4 SYSTEMPATH\Boot.php(325): CodeIgniter\CodeIgniter->run()
 5 SYSTEMPATH\Boot.php(67): CodeIgniter\Boot::runCodeIgniter(Object(CodeIgniter\CodeIgniter))
 6 FCPATH\index.php(56): CodeIgniter\Boot::bootWeb(Object(Config\Paths))
WARNING - 2025-08-05 11:42:06 --> [DEPRECATED] Creation of dynamic property App\Controllers\MaterialController::$userValidation is deprecated in APPPATH\Controllers\MaterialController.php on line 20.
 1 SYSTEMPATH\CodeIgniter.php(903): App\Controllers\MaterialController->__construct()
 2 SYSTEMPATH\CodeIgniter.php(500): CodeIgniter\CodeIgniter->createController()
 3 SYSTEMPATH\CodeIgniter.php(355): CodeIgniter\CodeIgniter->handleRequest(null, Object(Config\Cache), false)
 4 SYSTEMPATH\Boot.php(325): CodeIgniter\CodeIgniter->run()
 5 SYSTEMPATH\Boot.php(67): CodeIgniter\Boot::runCodeIgniter(Object(CodeIgniter\CodeIgniter))
 6 FCPATH\index.php(56): CodeIgniter\Boot::bootWeb(Object(Config\Paths))
INFO - 2025-08-05 11:42:06 --> Session: Class initialized using 'CodeIgniter\Session\Handlers\FileHandler' driver.
WARNING - 2025-08-05 11:42:06 --> [DEPRECATED] Creation of dynamic property App\Controllers\MaterialController::$db is deprecated in APPPATH\Controllers\MaterialController.php on line 15.
 1 SYSTEMPATH\CodeIgniter.php(903): App\Controllers\MaterialController->__construct()
 2 SYSTEMPATH\CodeIgniter.php(500): CodeIgniter\CodeIgniter->createController()
 3 SYSTEMPATH\CodeIgniter.php(355): CodeIgniter\CodeIgniter->handleRequest(null, Object(Config\Cache), false)
 4 SYSTEMPATH\Boot.php(325): CodeIgniter\CodeIgniter->run()
 5 SYSTEMPATH\Boot.php(67): CodeIgniter\Boot::runCodeIgniter(Object(CodeIgniter\CodeIgniter))
 6 FCPATH\index.php(56): CodeIgniter\Boot::bootWeb(Object(Config\Paths))
WARNING - 2025-08-05 11:42:06 --> [DEPRECATED] Creation of dynamic property App\Controllers\MaterialController::$session is deprecated in APPPATH\Controllers\MaterialController.php on line 16.
 1 SYSTEMPATH\CodeIgniter.php(903): App\Controllers\MaterialController->__construct()
 2 SYSTEMPATH\CodeIgniter.php(500): CodeIgniter\CodeIgniter->createController()
 3 SYSTEMPATH\CodeIgniter.php(355): CodeIgniter\CodeIgniter->handleRequest(null, Object(Config\Cache), false)
 4 SYSTEMPATH\Boot.php(325): CodeIgniter\CodeIgniter->run()
 5 SYSTEMPATH\Boot.php(67): CodeIgniter\Boot::runCodeIgniter(Object(CodeIgniter\CodeIgniter))
 6 FCPATH\index.php(56): CodeIgniter\Boot::bootWeb(Object(Config\Paths))
WARNING - 2025-08-05 11:42:06 --> [DEPRECATED] Creation of dynamic property App\Controllers\MaterialController::$uri is deprecated in APPPATH\Controllers\MaterialController.php on line 17.
 1 SYSTEMPATH\CodeIgniter.php(903): App\Controllers\MaterialController->__construct()
 2 SYSTEMPATH\CodeIgniter.php(500): CodeIgniter\CodeIgniter->createController()
 3 SYSTEMPATH\CodeIgniter.php(355): CodeIgniter\CodeIgniter->handleRequest(null, Object(Config\Cache), false)
 4 SYSTEMPATH\Boot.php(325): CodeIgniter\CodeIgniter->run()
 5 SYSTEMPATH\Boot.php(67): CodeIgniter\Boot::runCodeIgniter(Object(CodeIgniter\CodeIgniter))
 6 FCPATH\index.php(56): CodeIgniter\Boot::bootWeb(Object(Config\Paths))
WARNING - 2025-08-05 11:42:06 --> [DEPRECATED] Creation of dynamic property App\Controllers\MaterialController::$form_validation is deprecated in APPPATH\Controllers\MaterialController.php on line 19.
 1 SYSTEMPATH\CodeIgniter.php(903): App\Controllers\MaterialController->__construct()
 2 SYSTEMPATH\CodeIgniter.php(500): CodeIgniter\CodeIgniter->createController()
 3 SYSTEMPATH\CodeIgniter.php(355): CodeIgniter\CodeIgniter->handleRequest(null, Object(Config\Cache), false)
 4 SYSTEMPATH\Boot.php(325): CodeIgniter\CodeIgniter->run()
 5 SYSTEMPATH\Boot.php(67): CodeIgniter\Boot::runCodeIgniter(Object(CodeIgniter\CodeIgniter))
 6 FCPATH\index.php(56): CodeIgniter\Boot::bootWeb(Object(Config\Paths))
WARNING - 2025-08-05 11:42:06 --> [DEPRECATED] Creation of dynamic property App\Controllers\MaterialController::$userValidation is deprecated in APPPATH\Controllers\MaterialController.php on line 20.
 1 SYSTEMPATH\CodeIgniter.php(903): App\Controllers\MaterialController->__construct()
 2 SYSTEMPATH\CodeIgniter.php(500): CodeIgniter\CodeIgniter->createController()
 3 SYSTEMPATH\CodeIgniter.php(355): CodeIgniter\CodeIgniter->handleRequest(null, Object(Config\Cache), false)
 4 SYSTEMPATH\Boot.php(325): CodeIgniter\CodeIgniter->run()
 5 SYSTEMPATH\Boot.php(67): CodeIgniter\Boot::runCodeIgniter(Object(CodeIgniter\CodeIgniter))
 6 FCPATH\index.php(56): CodeIgniter\Boot::bootWeb(Object(Config\Paths))
INFO - 2025-08-05 11:42:07 --> Session: Class initialized using 'CodeIgniter\Session\Handlers\FileHandler' driver.
WARNING - 2025-08-05 11:42:07 --> [DEPRECATED] Creation of dynamic property App\Controllers\MaterialController::$db is deprecated in APPPATH\Controllers\MaterialController.php on line 15.
 1 SYSTEMPATH\CodeIgniter.php(903): App\Controllers\MaterialController->__construct()
 2 SYSTEMPATH\CodeIgniter.php(500): CodeIgniter\CodeIgniter->createController()
 3 SYSTEMPATH\CodeIgniter.php(355): CodeIgniter\CodeIgniter->handleRequest(null, Object(Config\Cache), false)
 4 SYSTEMPATH\Boot.php(325): CodeIgniter\CodeIgniter->run()
 5 SYSTEMPATH\Boot.php(67): CodeIgniter\Boot::runCodeIgniter(Object(CodeIgniter\CodeIgniter))
 6 FCPATH\index.php(56): CodeIgniter\Boot::bootWeb(Object(Config\Paths))
WARNING - 2025-08-05 11:42:07 --> [DEPRECATED] Creation of dynamic property App\Controllers\MaterialController::$session is deprecated in APPPATH\Controllers\MaterialController.php on line 16.
 1 SYSTEMPATH\CodeIgniter.php(903): App\Controllers\MaterialController->__construct()
 2 SYSTEMPATH\CodeIgniter.php(500): CodeIgniter\CodeIgniter->createController()
 3 SYSTEMPATH\CodeIgniter.php(355): CodeIgniter\CodeIgniter->handleRequest(null, Object(Config\Cache), false)
 4 SYSTEMPATH\Boot.php(325): CodeIgniter\CodeIgniter->run()
 5 SYSTEMPATH\Boot.php(67): CodeIgniter\Boot::runCodeIgniter(Object(CodeIgniter\CodeIgniter))
 6 FCPATH\index.php(56): CodeIgniter\Boot::bootWeb(Object(Config\Paths))
WARNING - 2025-08-05 11:42:07 --> [DEPRECATED] Creation of dynamic property App\Controllers\MaterialController::$uri is deprecated in APPPATH\Controllers\MaterialController.php on line 17.
 1 SYSTEMPATH\CodeIgniter.php(903): App\Controllers\MaterialController->__construct()
 2 SYSTEMPATH\CodeIgniter.php(500): CodeIgniter\CodeIgniter->createController()
 3 SYSTEMPATH\CodeIgniter.php(355): CodeIgniter\CodeIgniter->handleRequest(null, Object(Config\Cache), false)
 4 SYSTEMPATH\Boot.php(325): CodeIgniter\CodeIgniter->run()
 5 SYSTEMPATH\Boot.php(67): CodeIgniter\Boot::runCodeIgniter(Object(CodeIgniter\CodeIgniter))
 6 FCPATH\index.php(56): CodeIgniter\Boot::bootWeb(Object(Config\Paths))
WARNING - 2025-08-05 11:42:07 --> [DEPRECATED] Creation of dynamic property App\Controllers\MaterialController::$form_validation is deprecated in APPPATH\Controllers\MaterialController.php on line 19.
 1 SYSTEMPATH\CodeIgniter.php(903): App\Controllers\MaterialController->__construct()
 2 SYSTEMPATH\CodeIgniter.php(500): CodeIgniter\CodeIgniter->createController()
 3 SYSTEMPATH\CodeIgniter.php(355): CodeIgniter\CodeIgniter->handleRequest(null, Object(Config\Cache), false)
 4 SYSTEMPATH\Boot.php(325): CodeIgniter\CodeIgniter->run()
 5 SYSTEMPATH\Boot.php(67): CodeIgniter\Boot::runCodeIgniter(Object(CodeIgniter\CodeIgniter))
 6 FCPATH\index.php(56): CodeIgniter\Boot::bootWeb(Object(Config\Paths))
WARNING - 2025-08-05 11:42:07 --> [DEPRECATED] Creation of dynamic property App\Controllers\MaterialController::$userValidation is deprecated in APPPATH\Controllers\MaterialController.php on line 20.
 1 SYSTEMPATH\CodeIgniter.php(903): App\Controllers\MaterialController->__construct()
 2 SYSTEMPATH\CodeIgniter.php(500): CodeIgniter\CodeIgniter->createController()
 3 SYSTEMPATH\CodeIgniter.php(355): CodeIgniter\CodeIgniter->handleRequest(null, Object(Config\Cache), false)
 4 SYSTEMPATH\Boot.php(325): CodeIgniter\CodeIgniter->run()
 5 SYSTEMPATH\Boot.php(67): CodeIgniter\Boot::runCodeIgniter(Object(CodeIgniter\CodeIgniter))
 6 FCPATH\index.php(56): CodeIgniter\Boot::bootWeb(Object(Config\Paths))
INFO - 2025-08-05 11:42:09 --> Session: Class initialized using 'CodeIgniter\Session\Handlers\FileHandler' driver.
WARNING - 2025-08-05 11:42:09 --> [DEPRECATED] Creation of dynamic property App\Controllers\MaterialController::$db is deprecated in APPPATH\Controllers\MaterialController.php on line 15.
 1 SYSTEMPATH\CodeIgniter.php(903): App\Controllers\MaterialController->__construct()
 2 SYSTEMPATH\CodeIgniter.php(500): CodeIgniter\CodeIgniter->createController()
 3 SYSTEMPATH\CodeIgniter.php(355): CodeIgniter\CodeIgniter->handleRequest(null, Object(Config\Cache), false)
 4 SYSTEMPATH\Boot.php(325): CodeIgniter\CodeIgniter->run()
 5 SYSTEMPATH\Boot.php(67): CodeIgniter\Boot::runCodeIgniter(Object(CodeIgniter\CodeIgniter))
 6 FCPATH\index.php(56): CodeIgniter\Boot::bootWeb(Object(Config\Paths))
WARNING - 2025-08-05 11:42:09 --> [DEPRECATED] Creation of dynamic property App\Controllers\MaterialController::$session is deprecated in APPPATH\Controllers\MaterialController.php on line 16.
 1 SYSTEMPATH\CodeIgniter.php(903): App\Controllers\MaterialController->__construct()
 2 SYSTEMPATH\CodeIgniter.php(500): CodeIgniter\CodeIgniter->createController()
 3 SYSTEMPATH\CodeIgniter.php(355): CodeIgniter\CodeIgniter->handleRequest(null, Object(Config\Cache), false)
 4 SYSTEMPATH\Boot.php(325): CodeIgniter\CodeIgniter->run()
 5 SYSTEMPATH\Boot.php(67): CodeIgniter\Boot::runCodeIgniter(Object(CodeIgniter\CodeIgniter))
 6 FCPATH\index.php(56): CodeIgniter\Boot::bootWeb(Object(Config\Paths))
WARNING - 2025-08-05 11:42:09 --> [DEPRECATED] Creation of dynamic property App\Controllers\MaterialController::$uri is deprecated in APPPATH\Controllers\MaterialController.php on line 17.
 1 SYSTEMPATH\CodeIgniter.php(903): App\Controllers\MaterialController->__construct()
 2 SYSTEMPATH\CodeIgniter.php(500): CodeIgniter\CodeIgniter->createController()
 3 SYSTEMPATH\CodeIgniter.php(355): CodeIgniter\CodeIgniter->handleRequest(null, Object(Config\Cache), false)
 4 SYSTEMPATH\Boot.php(325): CodeIgniter\CodeIgniter->run()
 5 SYSTEMPATH\Boot.php(67): CodeIgniter\Boot::runCodeIgniter(Object(CodeIgniter\CodeIgniter))
 6 FCPATH\index.php(56): CodeIgniter\Boot::bootWeb(Object(Config\Paths))
WARNING - 2025-08-05 11:42:09 --> [DEPRECATED] Creation of dynamic property App\Controllers\MaterialController::$form_validation is deprecated in APPPATH\Controllers\MaterialController.php on line 19.
 1 SYSTEMPATH\CodeIgniter.php(903): App\Controllers\MaterialController->__construct()
 2 SYSTEMPATH\CodeIgniter.php(500): CodeIgniter\CodeIgniter->createController()
 3 SYSTEMPATH\CodeIgniter.php(355): CodeIgniter\CodeIgniter->handleRequest(null, Object(Config\Cache), false)
 4 SYSTEMPATH\Boot.php(325): CodeIgniter\CodeIgniter->run()
 5 SYSTEMPATH\Boot.php(67): CodeIgniter\Boot::runCodeIgniter(Object(CodeIgniter\CodeIgniter))
 6 FCPATH\index.php(56): CodeIgniter\Boot::bootWeb(Object(Config\Paths))
WARNING - 2025-08-05 11:42:09 --> [DEPRECATED] Creation of dynamic property App\Controllers\MaterialController::$userValidation is deprecated in APPPATH\Controllers\MaterialController.php on line 20.
 1 SYSTEMPATH\CodeIgniter.php(903): App\Controllers\MaterialController->__construct()
 2 SYSTEMPATH\CodeIgniter.php(500): CodeIgniter\CodeIgniter->createController()
 3 SYSTEMPATH\CodeIgniter.php(355): CodeIgniter\CodeIgniter->handleRequest(null, Object(Config\Cache), false)
 4 SYSTEMPATH\Boot.php(325): CodeIgniter\CodeIgniter->run()
 5 SYSTEMPATH\Boot.php(67): CodeIgniter\Boot::runCodeIgniter(Object(CodeIgniter\CodeIgniter))
 6 FCPATH\index.php(56): CodeIgniter\Boot::bootWeb(Object(Config\Paths))
INFO - 2025-08-05 11:42:10 --> Session: Class initialized using 'CodeIgniter\Session\Handlers\FileHandler' driver.
WARNING - 2025-08-05 11:42:10 --> [DEPRECATED] Creation of dynamic property App\Controllers\MaterialController::$db is deprecated in APPPATH\Controllers\MaterialController.php on line 15.
 1 SYSTEMPATH\CodeIgniter.php(903): App\Controllers\MaterialController->__construct()
 2 SYSTEMPATH\CodeIgniter.php(500): CodeIgniter\CodeIgniter->createController()
 3 SYSTEMPATH\CodeIgniter.php(355): CodeIgniter\CodeIgniter->handleRequest(null, Object(Config\Cache), false)
 4 SYSTEMPATH\Boot.php(325): CodeIgniter\CodeIgniter->run()
 5 SYSTEMPATH\Boot.php(67): CodeIgniter\Boot::runCodeIgniter(Object(CodeIgniter\CodeIgniter))
 6 FCPATH\index.php(56): CodeIgniter\Boot::bootWeb(Object(Config\Paths))
WARNING - 2025-08-05 11:42:10 --> [DEPRECATED] Creation of dynamic property App\Controllers\MaterialController::$session is deprecated in APPPATH\Controllers\MaterialController.php on line 16.
 1 SYSTEMPATH\CodeIgniter.php(903): App\Controllers\MaterialController->__construct()
 2 SYSTEMPATH\CodeIgniter.php(500): CodeIgniter\CodeIgniter->createController()
 3 SYSTEMPATH\CodeIgniter.php(355): CodeIgniter\CodeIgniter->handleRequest(null, Object(Config\Cache), false)
 4 SYSTEMPATH\Boot.php(325): CodeIgniter\CodeIgniter->run()
 5 SYSTEMPATH\Boot.php(67): CodeIgniter\Boot::runCodeIgniter(Object(CodeIgniter\CodeIgniter))
 6 FCPATH\index.php(56): CodeIgniter\Boot::bootWeb(Object(Config\Paths))
WARNING - 2025-08-05 11:42:10 --> [DEPRECATED] Creation of dynamic property App\Controllers\MaterialController::$uri is deprecated in APPPATH\Controllers\MaterialController.php on line 17.
 1 SYSTEMPATH\CodeIgniter.php(903): App\Controllers\MaterialController->__construct()
 2 SYSTEMPATH\CodeIgniter.php(500): CodeIgniter\CodeIgniter->createController()
 3 SYSTEMPATH\CodeIgniter.php(355): CodeIgniter\CodeIgniter->handleRequest(null, Object(Config\Cache), false)
 4 SYSTEMPATH\Boot.php(325): CodeIgniter\CodeIgniter->run()
 5 SYSTEMPATH\Boot.php(67): CodeIgniter\Boot::runCodeIgniter(Object(CodeIgniter\CodeIgniter))
 6 FCPATH\index.php(56): CodeIgniter\Boot::bootWeb(Object(Config\Paths))
WARNING - 2025-08-05 11:42:10 --> [DEPRECATED] Creation of dynamic property App\Controllers\MaterialController::$form_validation is deprecated in APPPATH\Controllers\MaterialController.php on line 19.
 1 SYSTEMPATH\CodeIgniter.php(903): App\Controllers\MaterialController->__construct()
 2 SYSTEMPATH\CodeIgniter.php(500): CodeIgniter\CodeIgniter->createController()
 3 SYSTEMPATH\CodeIgniter.php(355): CodeIgniter\CodeIgniter->handleRequest(null, Object(Config\Cache), false)
 4 SYSTEMPATH\Boot.php(325): CodeIgniter\CodeIgniter->run()
 5 SYSTEMPATH\Boot.php(67): CodeIgniter\Boot::runCodeIgniter(Object(CodeIgniter\CodeIgniter))
 6 FCPATH\index.php(56): CodeIgniter\Boot::bootWeb(Object(Config\Paths))
WARNING - 2025-08-05 11:42:10 --> [DEPRECATED] Creation of dynamic property App\Controllers\MaterialController::$userValidation is deprecated in APPPATH\Controllers\MaterialController.php on line 20.
 1 SYSTEMPATH\CodeIgniter.php(903): App\Controllers\MaterialController->__construct()
 2 SYSTEMPATH\CodeIgniter.php(500): CodeIgniter\CodeIgniter->createController()
 3 SYSTEMPATH\CodeIgniter.php(355): CodeIgniter\CodeIgniter->handleRequest(null, Object(Config\Cache), false)
 4 SYSTEMPATH\Boot.php(325): CodeIgniter\CodeIgniter->run()
 5 SYSTEMPATH\Boot.php(67): CodeIgniter\Boot::runCodeIgniter(Object(CodeIgniter\CodeIgniter))
 6 FCPATH\index.php(56): CodeIgniter\Boot::bootWeb(Object(Config\Paths))
INFO - 2025-08-05 11:42:10 --> Session: Class initialized using 'CodeIgniter\Session\Handlers\FileHandler' driver.
WARNING - 2025-08-05 11:42:10 --> [DEPRECATED] Creation of dynamic property App\Controllers\MaterialController::$db is deprecated in APPPATH\Controllers\MaterialController.php on line 15.
 1 SYSTEMPATH\CodeIgniter.php(903): App\Controllers\MaterialController->__construct()
 2 SYSTEMPATH\CodeIgniter.php(500): CodeIgniter\CodeIgniter->createController()
 3 SYSTEMPATH\CodeIgniter.php(355): CodeIgniter\CodeIgniter->handleRequest(null, Object(Config\Cache), false)
 4 SYSTEMPATH\Boot.php(325): CodeIgniter\CodeIgniter->run()
 5 SYSTEMPATH\Boot.php(67): CodeIgniter\Boot::runCodeIgniter(Object(CodeIgniter\CodeIgniter))
 6 FCPATH\index.php(56): CodeIgniter\Boot::bootWeb(Object(Config\Paths))
WARNING - 2025-08-05 11:42:10 --> [DEPRECATED] Creation of dynamic property App\Controllers\MaterialController::$session is deprecated in APPPATH\Controllers\MaterialController.php on line 16.
 1 SYSTEMPATH\CodeIgniter.php(903): App\Controllers\MaterialController->__construct()
 2 SYSTEMPATH\CodeIgniter.php(500): CodeIgniter\CodeIgniter->createController()
 3 SYSTEMPATH\CodeIgniter.php(355): CodeIgniter\CodeIgniter->handleRequest(null, Object(Config\Cache), false)
 4 SYSTEMPATH\Boot.php(325): CodeIgniter\CodeIgniter->run()
 5 SYSTEMPATH\Boot.php(67): CodeIgniter\Boot::runCodeIgniter(Object(CodeIgniter\CodeIgniter))
 6 FCPATH\index.php(56): CodeIgniter\Boot::bootWeb(Object(Config\Paths))
WARNING - 2025-08-05 11:42:10 --> [DEPRECATED] Creation of dynamic property App\Controllers\MaterialController::$uri is deprecated in APPPATH\Controllers\MaterialController.php on line 17.
 1 SYSTEMPATH\CodeIgniter.php(903): App\Controllers\MaterialController->__construct()
 2 SYSTEMPATH\CodeIgniter.php(500): CodeIgniter\CodeIgniter->createController()
 3 SYSTEMPATH\CodeIgniter.php(355): CodeIgniter\CodeIgniter->handleRequest(null, Object(Config\Cache), false)
 4 SYSTEMPATH\Boot.php(325): CodeIgniter\CodeIgniter->run()
 5 SYSTEMPATH\Boot.php(67): CodeIgniter\Boot::runCodeIgniter(Object(CodeIgniter\CodeIgniter))
 6 FCPATH\index.php(56): CodeIgniter\Boot::bootWeb(Object(Config\Paths))
WARNING - 2025-08-05 11:42:10 --> [DEPRECATED] Creation of dynamic property App\Controllers\MaterialController::$form_validation is deprecated in APPPATH\Controllers\MaterialController.php on line 19.
 1 SYSTEMPATH\CodeIgniter.php(903): App\Controllers\MaterialController->__construct()
 2 SYSTEMPATH\CodeIgniter.php(500): CodeIgniter\CodeIgniter->createController()
 3 SYSTEMPATH\CodeIgniter.php(355): CodeIgniter\CodeIgniter->handleRequest(null, Object(Config\Cache), false)
 4 SYSTEMPATH\Boot.php(325): CodeIgniter\CodeIgniter->run()
 5 SYSTEMPATH\Boot.php(67): CodeIgniter\Boot::runCodeIgniter(Object(CodeIgniter\CodeIgniter))
 6 FCPATH\index.php(56): CodeIgniter\Boot::bootWeb(Object(Config\Paths))
WARNING - 2025-08-05 11:42:10 --> [DEPRECATED] Creation of dynamic property App\Controllers\MaterialController::$userValidation is deprecated in APPPATH\Controllers\MaterialController.php on line 20.
 1 SYSTEMPATH\CodeIgniter.php(903): App\Controllers\MaterialController->__construct()
 2 SYSTEMPATH\CodeIgniter.php(500): CodeIgniter\CodeIgniter->createController()
 3 SYSTEMPATH\CodeIgniter.php(355): CodeIgniter\CodeIgniter->handleRequest(null, Object(Config\Cache), false)
 4 SYSTEMPATH\Boot.php(325): CodeIgniter\CodeIgniter->run()
 5 SYSTEMPATH\Boot.php(67): CodeIgniter\Boot::runCodeIgniter(Object(CodeIgniter\CodeIgniter))
 6 FCPATH\index.php(56): CodeIgniter\Boot::bootWeb(Object(Config\Paths))
INFO - 2025-08-05 11:42:12 --> Session: Class initialized using 'CodeIgniter\Session\Handlers\FileHandler' driver.
WARNING - 2025-08-05 11:42:12 --> [DEPRECATED] Creation of dynamic property App\Controllers\MaterialController::$db is deprecated in APPPATH\Controllers\MaterialController.php on line 15.
 1 SYSTEMPATH\CodeIgniter.php(903): App\Controllers\MaterialController->__construct()
 2 SYSTEMPATH\CodeIgniter.php(500): CodeIgniter\CodeIgniter->createController()
 3 SYSTEMPATH\CodeIgniter.php(355): CodeIgniter\CodeIgniter->handleRequest(null, Object(Config\Cache), false)
 4 SYSTEMPATH\Boot.php(325): CodeIgniter\CodeIgniter->run()
 5 SYSTEMPATH\Boot.php(67): CodeIgniter\Boot::runCodeIgniter(Object(CodeIgniter\CodeIgniter))
 6 FCPATH\index.php(56): CodeIgniter\Boot::bootWeb(Object(Config\Paths))
WARNING - 2025-08-05 11:42:12 --> [DEPRECATED] Creation of dynamic property App\Controllers\MaterialController::$session is deprecated in APPPATH\Controllers\MaterialController.php on line 16.
 1 SYSTEMPATH\CodeIgniter.php(903): App\Controllers\MaterialController->__construct()
 2 SYSTEMPATH\CodeIgniter.php(500): CodeIgniter\CodeIgniter->createController()
 3 SYSTEMPATH\CodeIgniter.php(355): CodeIgniter\CodeIgniter->handleRequest(null, Object(Config\Cache), false)
 4 SYSTEMPATH\Boot.php(325): CodeIgniter\CodeIgniter->run()
 5 SYSTEMPATH\Boot.php(67): CodeIgniter\Boot::runCodeIgniter(Object(CodeIgniter\CodeIgniter))
 6 FCPATH\index.php(56): CodeIgniter\Boot::bootWeb(Object(Config\Paths))
WARNING - 2025-08-05 11:42:12 --> [DEPRECATED] Creation of dynamic property App\Controllers\MaterialController::$uri is deprecated in APPPATH\Controllers\MaterialController.php on line 17.
 1 SYSTEMPATH\CodeIgniter.php(903): App\Controllers\MaterialController->__construct()
 2 SYSTEMPATH\CodeIgniter.php(500): CodeIgniter\CodeIgniter->createController()
 3 SYSTEMPATH\CodeIgniter.php(355): CodeIgniter\CodeIgniter->handleRequest(null, Object(Config\Cache), false)
 4 SYSTEMPATH\Boot.php(325): CodeIgniter\CodeIgniter->run()
 5 SYSTEMPATH\Boot.php(67): CodeIgniter\Boot::runCodeIgniter(Object(CodeIgniter\CodeIgniter))
 6 FCPATH\index.php(56): CodeIgniter\Boot::bootWeb(Object(Config\Paths))
WARNING - 2025-08-05 11:42:12 --> [DEPRECATED] Creation of dynamic property App\Controllers\MaterialController::$form_validation is deprecated in APPPATH\Controllers\MaterialController.php on line 19.
 1 SYSTEMPATH\CodeIgniter.php(903): App\Controllers\MaterialController->__construct()
 2 SYSTEMPATH\CodeIgniter.php(500): CodeIgniter\CodeIgniter->createController()
 3 SYSTEMPATH\CodeIgniter.php(355): CodeIgniter\CodeIgniter->handleRequest(null, Object(Config\Cache), false)
 4 SYSTEMPATH\Boot.php(325): CodeIgniter\CodeIgniter->run()
 5 SYSTEMPATH\Boot.php(67): CodeIgniter\Boot::runCodeIgniter(Object(CodeIgniter\CodeIgniter))
 6 FCPATH\index.php(56): CodeIgniter\Boot::bootWeb(Object(Config\Paths))
WARNING - 2025-08-05 11:42:12 --> [DEPRECATED] Creation of dynamic property App\Controllers\MaterialController::$userValidation is deprecated in APPPATH\Controllers\MaterialController.php on line 20.
 1 SYSTEMPATH\CodeIgniter.php(903): App\Controllers\MaterialController->__construct()
 2 SYSTEMPATH\CodeIgniter.php(500): CodeIgniter\CodeIgniter->createController()
 3 SYSTEMPATH\CodeIgniter.php(355): CodeIgniter\CodeIgniter->handleRequest(null, Object(Config\Cache), false)
 4 SYSTEMPATH\Boot.php(325): CodeIgniter\CodeIgniter->run()
 5 SYSTEMPATH\Boot.php(67): CodeIgniter\Boot::runCodeIgniter(Object(CodeIgniter\CodeIgniter))
 6 FCPATH\index.php(56): CodeIgniter\Boot::bootWeb(Object(Config\Paths))
INFO - 2025-08-05 11:42:12 --> Session: Class initialized using 'CodeIgniter\Session\Handlers\FileHandler' driver.
WARNING - 2025-08-05 11:42:12 --> [DEPRECATED] Creation of dynamic property App\Controllers\MaterialController::$db is deprecated in APPPATH\Controllers\MaterialController.php on line 15.
 1 SYSTEMPATH\CodeIgniter.php(903): App\Controllers\MaterialController->__construct()
 2 SYSTEMPATH\CodeIgniter.php(500): CodeIgniter\CodeIgniter->createController()
 3 SYSTEMPATH\CodeIgniter.php(355): CodeIgniter\CodeIgniter->handleRequest(null, Object(Config\Cache), false)
 4 SYSTEMPATH\Boot.php(325): CodeIgniter\CodeIgniter->run()
 5 SYSTEMPATH\Boot.php(67): CodeIgniter\Boot::runCodeIgniter(Object(CodeIgniter\CodeIgniter))
 6 FCPATH\index.php(56): CodeIgniter\Boot::bootWeb(Object(Config\Paths))
WARNING - 2025-08-05 11:42:12 --> [DEPRECATED] Creation of dynamic property App\Controllers\MaterialController::$session is deprecated in APPPATH\Controllers\MaterialController.php on line 16.
 1 SYSTEMPATH\CodeIgniter.php(903): App\Controllers\MaterialController->__construct()
 2 SYSTEMPATH\CodeIgniter.php(500): CodeIgniter\CodeIgniter->createController()
 3 SYSTEMPATH\CodeIgniter.php(355): CodeIgniter\CodeIgniter->handleRequest(null, Object(Config\Cache), false)
 4 SYSTEMPATH\Boot.php(325): CodeIgniter\CodeIgniter->run()
 5 SYSTEMPATH\Boot.php(67): CodeIgniter\Boot::runCodeIgniter(Object(CodeIgniter\CodeIgniter))
 6 FCPATH\index.php(56): CodeIgniter\Boot::bootWeb(Object(Config\Paths))
WARNING - 2025-08-05 11:42:12 --> [DEPRECATED] Creation of dynamic property App\Controllers\MaterialController::$uri is deprecated in APPPATH\Controllers\MaterialController.php on line 17.
 1 SYSTEMPATH\CodeIgniter.php(903): App\Controllers\MaterialController->__construct()
 2 SYSTEMPATH\CodeIgniter.php(500): CodeIgniter\CodeIgniter->createController()
 3 SYSTEMPATH\CodeIgniter.php(355): CodeIgniter\CodeIgniter->handleRequest(null, Object(Config\Cache), false)
 4 SYSTEMPATH\Boot.php(325): CodeIgniter\CodeIgniter->run()
 5 SYSTEMPATH\Boot.php(67): CodeIgniter\Boot::runCodeIgniter(Object(CodeIgniter\CodeIgniter))
 6 FCPATH\index.php(56): CodeIgniter\Boot::bootWeb(Object(Config\Paths))
WARNING - 2025-08-05 11:42:12 --> [DEPRECATED] Creation of dynamic property App\Controllers\MaterialController::$form_validation is deprecated in APPPATH\Controllers\MaterialController.php on line 19.
 1 SYSTEMPATH\CodeIgniter.php(903): App\Controllers\MaterialController->__construct()
 2 SYSTEMPATH\CodeIgniter.php(500): CodeIgniter\CodeIgniter->createController()
 3 SYSTEMPATH\CodeIgniter.php(355): CodeIgniter\CodeIgniter->handleRequest(null, Object(Config\Cache), false)
 4 SYSTEMPATH\Boot.php(325): CodeIgniter\CodeIgniter->run()
 5 SYSTEMPATH\Boot.php(67): CodeIgniter\Boot::runCodeIgniter(Object(CodeIgniter\CodeIgniter))
 6 FCPATH\index.php(56): CodeIgniter\Boot::bootWeb(Object(Config\Paths))
WARNING - 2025-08-05 11:42:12 --> [DEPRECATED] Creation of dynamic property App\Controllers\MaterialController::$userValidation is deprecated in APPPATH\Controllers\MaterialController.php on line 20.
 1 SYSTEMPATH\CodeIgniter.php(903): App\Controllers\MaterialController->__construct()
 2 SYSTEMPATH\CodeIgniter.php(500): CodeIgniter\CodeIgniter->createController()
 3 SYSTEMPATH\CodeIgniter.php(355): CodeIgniter\CodeIgniter->handleRequest(null, Object(Config\Cache), false)
 4 SYSTEMPATH\Boot.php(325): CodeIgniter\CodeIgniter->run()
 5 SYSTEMPATH\Boot.php(67): CodeIgniter\Boot::runCodeIgniter(Object(CodeIgniter\CodeIgniter))
 6 FCPATH\index.php(56): CodeIgniter\Boot::bootWeb(Object(Config\Paths))
INFO - 2025-08-05 11:42:13 --> Session: Class initialized using 'CodeIgniter\Session\Handlers\FileHandler' driver.
WARNING - 2025-08-05 11:42:13 --> [DEPRECATED] Creation of dynamic property App\Controllers\MaterialController::$db is deprecated in APPPATH\Controllers\MaterialController.php on line 15.
 1 SYSTEMPATH\CodeIgniter.php(903): App\Controllers\MaterialController->__construct()
 2 SYSTEMPATH\CodeIgniter.php(500): CodeIgniter\CodeIgniter->createController()
 3 SYSTEMPATH\CodeIgniter.php(355): CodeIgniter\CodeIgniter->handleRequest(null, Object(Config\Cache), false)
 4 SYSTEMPATH\Boot.php(325): CodeIgniter\CodeIgniter->run()
 5 SYSTEMPATH\Boot.php(67): CodeIgniter\Boot::runCodeIgniter(Object(CodeIgniter\CodeIgniter))
 6 FCPATH\index.php(56): CodeIgniter\Boot::bootWeb(Object(Config\Paths))
WARNING - 2025-08-05 11:42:13 --> [DEPRECATED] Creation of dynamic property App\Controllers\MaterialController::$session is deprecated in APPPATH\Controllers\MaterialController.php on line 16.
 1 SYSTEMPATH\CodeIgniter.php(903): App\Controllers\MaterialController->__construct()
 2 SYSTEMPATH\CodeIgniter.php(500): CodeIgniter\CodeIgniter->createController()
 3 SYSTEMPATH\CodeIgniter.php(355): CodeIgniter\CodeIgniter->handleRequest(null, Object(Config\Cache), false)
 4 SYSTEMPATH\Boot.php(325): CodeIgniter\CodeIgniter->run()
 5 SYSTEMPATH\Boot.php(67): CodeIgniter\Boot::runCodeIgniter(Object(CodeIgniter\CodeIgniter))
 6 FCPATH\index.php(56): CodeIgniter\Boot::bootWeb(Object(Config\Paths))
WARNING - 2025-08-05 11:42:13 --> [DEPRECATED] Creation of dynamic property App\Controllers\MaterialController::$uri is deprecated in APPPATH\Controllers\MaterialController.php on line 17.
 1 SYSTEMPATH\CodeIgniter.php(903): App\Controllers\MaterialController->__construct()
 2 SYSTEMPATH\CodeIgniter.php(500): CodeIgniter\CodeIgniter->createController()
 3 SYSTEMPATH\CodeIgniter.php(355): CodeIgniter\CodeIgniter->handleRequest(null, Object(Config\Cache), false)
 4 SYSTEMPATH\Boot.php(325): CodeIgniter\CodeIgniter->run()
 5 SYSTEMPATH\Boot.php(67): CodeIgniter\Boot::runCodeIgniter(Object(CodeIgniter\CodeIgniter))
 6 FCPATH\index.php(56): CodeIgniter\Boot::bootWeb(Object(Config\Paths))
WARNING - 2025-08-05 11:42:13 --> [DEPRECATED] Creation of dynamic property App\Controllers\MaterialController::$form_validation is deprecated in APPPATH\Controllers\MaterialController.php on line 19.
 1 SYSTEMPATH\CodeIgniter.php(903): App\Controllers\MaterialController->__construct()
 2 SYSTEMPATH\CodeIgniter.php(500): CodeIgniter\CodeIgniter->createController()
 3 SYSTEMPATH\CodeIgniter.php(355): CodeIgniter\CodeIgniter->handleRequest(null, Object(Config\Cache), false)
 4 SYSTEMPATH\Boot.php(325): CodeIgniter\CodeIgniter->run()
 5 SYSTEMPATH\Boot.php(67): CodeIgniter\Boot::runCodeIgniter(Object(CodeIgniter\CodeIgniter))
 6 FCPATH\index.php(56): CodeIgniter\Boot::bootWeb(Object(Config\Paths))
WARNING - 2025-08-05 11:42:13 --> [DEPRECATED] Creation of dynamic property App\Controllers\MaterialController::$userValidation is deprecated in APPPATH\Controllers\MaterialController.php on line 20.
 1 SYSTEMPATH\CodeIgniter.php(903): App\Controllers\MaterialController->__construct()
 2 SYSTEMPATH\CodeIgniter.php(500): CodeIgniter\CodeIgniter->createController()
 3 SYSTEMPATH\CodeIgniter.php(355): CodeIgniter\CodeIgniter->handleRequest(null, Object(Config\Cache), false)
 4 SYSTEMPATH\Boot.php(325): CodeIgniter\CodeIgniter->run()
 5 SYSTEMPATH\Boot.php(67): CodeIgniter\Boot::runCodeIgniter(Object(CodeIgniter\CodeIgniter))
 6 FCPATH\index.php(56): CodeIgniter\Boot::bootWeb(Object(Config\Paths))
INFO - 2025-08-05 11:42:13 --> Session: Class initialized using 'CodeIgniter\Session\Handlers\FileHandler' driver.
WARNING - 2025-08-05 11:42:13 --> [DEPRECATED] Creation of dynamic property App\Controllers\MaterialController::$db is deprecated in APPPATH\Controllers\MaterialController.php on line 15.
 1 SYSTEMPATH\CodeIgniter.php(903): App\Controllers\MaterialController->__construct()
 2 SYSTEMPATH\CodeIgniter.php(500): CodeIgniter\CodeIgniter->createController()
 3 SYSTEMPATH\CodeIgniter.php(355): CodeIgniter\CodeIgniter->handleRequest(null, Object(Config\Cache), false)
 4 SYSTEMPATH\Boot.php(325): CodeIgniter\CodeIgniter->run()
 5 SYSTEMPATH\Boot.php(67): CodeIgniter\Boot::runCodeIgniter(Object(CodeIgniter\CodeIgniter))
 6 FCPATH\index.php(56): CodeIgniter\Boot::bootWeb(Object(Config\Paths))
WARNING - 2025-08-05 11:42:13 --> [DEPRECATED] Creation of dynamic property App\Controllers\MaterialController::$session is deprecated in APPPATH\Controllers\MaterialController.php on line 16.
 1 SYSTEMPATH\CodeIgniter.php(903): App\Controllers\MaterialController->__construct()
 2 SYSTEMPATH\CodeIgniter.php(500): CodeIgniter\CodeIgniter->createController()
 3 SYSTEMPATH\CodeIgniter.php(355): CodeIgniter\CodeIgniter->handleRequest(null, Object(Config\Cache), false)
 4 SYSTEMPATH\Boot.php(325): CodeIgniter\CodeIgniter->run()
 5 SYSTEMPATH\Boot.php(67): CodeIgniter\Boot::runCodeIgniter(Object(CodeIgniter\CodeIgniter))
 6 FCPATH\index.php(56): CodeIgniter\Boot::bootWeb(Object(Config\Paths))
WARNING - 2025-08-05 11:42:13 --> [DEPRECATED] Creation of dynamic property App\Controllers\MaterialController::$uri is deprecated in APPPATH\Controllers\MaterialController.php on line 17.
 1 SYSTEMPATH\CodeIgniter.php(903): App\Controllers\MaterialController->__construct()
 2 SYSTEMPATH\CodeIgniter.php(500): CodeIgniter\CodeIgniter->createController()
 3 SYSTEMPATH\CodeIgniter.php(355): CodeIgniter\CodeIgniter->handleRequest(null, Object(Config\Cache), false)
 4 SYSTEMPATH\Boot.php(325): CodeIgniter\CodeIgniter->run()
 5 SYSTEMPATH\Boot.php(67): CodeIgniter\Boot::runCodeIgniter(Object(CodeIgniter\CodeIgniter))
 6 FCPATH\index.php(56): CodeIgniter\Boot::bootWeb(Object(Config\Paths))
WARNING - 2025-08-05 11:42:13 --> [DEPRECATED] Creation of dynamic property App\Controllers\MaterialController::$form_validation is deprecated in APPPATH\Controllers\MaterialController.php on line 19.
 1 SYSTEMPATH\CodeIgniter.php(903): App\Controllers\MaterialController->__construct()
 2 SYSTEMPATH\CodeIgniter.php(500): CodeIgniter\CodeIgniter->createController()
 3 SYSTEMPATH\CodeIgniter.php(355): CodeIgniter\CodeIgniter->handleRequest(null, Object(Config\Cache), false)
 4 SYSTEMPATH\Boot.php(325): CodeIgniter\CodeIgniter->run()
 5 SYSTEMPATH\Boot.php(67): CodeIgniter\Boot::runCodeIgniter(Object(CodeIgniter\CodeIgniter))
 6 FCPATH\index.php(56): CodeIgniter\Boot::bootWeb(Object(Config\Paths))
WARNING - 2025-08-05 11:42:13 --> [DEPRECATED] Creation of dynamic property App\Controllers\MaterialController::$userValidation is deprecated in APPPATH\Controllers\MaterialController.php on line 20.
 1 SYSTEMPATH\CodeIgniter.php(903): App\Controllers\MaterialController->__construct()
 2 SYSTEMPATH\CodeIgniter.php(500): CodeIgniter\CodeIgniter->createController()
 3 SYSTEMPATH\CodeIgniter.php(355): CodeIgniter\CodeIgniter->handleRequest(null, Object(Config\Cache), false)
 4 SYSTEMPATH\Boot.php(325): CodeIgniter\CodeIgniter->run()
 5 SYSTEMPATH\Boot.php(67): CodeIgniter\Boot::runCodeIgniter(Object(CodeIgniter\CodeIgniter))
 6 FCPATH\index.php(56): CodeIgniter\Boot::bootWeb(Object(Config\Paths))
INFO - 2025-08-05 11:42:18 --> Session: Class initialized using 'CodeIgniter\Session\Handlers\FileHandler' driver.
WARNING - 2025-08-05 11:42:18 --> [DEPRECATED] Creation of dynamic property App\Controllers\MaterialController::$db is deprecated in APPPATH\Controllers\MaterialController.php on line 15.
 1 SYSTEMPATH\CodeIgniter.php(903): App\Controllers\MaterialController->__construct()
 2 SYSTEMPATH\CodeIgniter.php(500): CodeIgniter\CodeIgniter->createController()
 3 SYSTEMPATH\CodeIgniter.php(355): CodeIgniter\CodeIgniter->handleRequest(null, Object(Config\Cache), false)
 4 SYSTEMPATH\Boot.php(325): CodeIgniter\CodeIgniter->run()
 5 SYSTEMPATH\Boot.php(67): CodeIgniter\Boot::runCodeIgniter(Object(CodeIgniter\CodeIgniter))
 6 FCPATH\index.php(56): CodeIgniter\Boot::bootWeb(Object(Config\Paths))
WARNING - 2025-08-05 11:42:18 --> [DEPRECATED] Creation of dynamic property App\Controllers\MaterialController::$session is deprecated in APPPATH\Controllers\MaterialController.php on line 16.
 1 SYSTEMPATH\CodeIgniter.php(903): App\Controllers\MaterialController->__construct()
 2 SYSTEMPATH\CodeIgniter.php(500): CodeIgniter\CodeIgniter->createController()
 3 SYSTEMPATH\CodeIgniter.php(355): CodeIgniter\CodeIgniter->handleRequest(null, Object(Config\Cache), false)
 4 SYSTEMPATH\Boot.php(325): CodeIgniter\CodeIgniter->run()
 5 SYSTEMPATH\Boot.php(67): CodeIgniter\Boot::runCodeIgniter(Object(CodeIgniter\CodeIgniter))
 6 FCPATH\index.php(56): CodeIgniter\Boot::bootWeb(Object(Config\Paths))
WARNING - 2025-08-05 11:42:18 --> [DEPRECATED] Creation of dynamic property App\Controllers\MaterialController::$uri is deprecated in APPPATH\Controllers\MaterialController.php on line 17.
 1 SYSTEMPATH\CodeIgniter.php(903): App\Controllers\MaterialController->__construct()
 2 SYSTEMPATH\CodeIgniter.php(500): CodeIgniter\CodeIgniter->createController()
 3 SYSTEMPATH\CodeIgniter.php(355): CodeIgniter\CodeIgniter->handleRequest(null, Object(Config\Cache), false)
 4 SYSTEMPATH\Boot.php(325): CodeIgniter\CodeIgniter->run()
 5 SYSTEMPATH\Boot.php(67): CodeIgniter\Boot::runCodeIgniter(Object(CodeIgniter\CodeIgniter))
 6 FCPATH\index.php(56): CodeIgniter\Boot::bootWeb(Object(Config\Paths))
WARNING - 2025-08-05 11:42:18 --> [DEPRECATED] Creation of dynamic property App\Controllers\MaterialController::$form_validation is deprecated in APPPATH\Controllers\MaterialController.php on line 19.
 1 SYSTEMPATH\CodeIgniter.php(903): App\Controllers\MaterialController->__construct()
 2 SYSTEMPATH\CodeIgniter.php(500): CodeIgniter\CodeIgniter->createController()
 3 SYSTEMPATH\CodeIgniter.php(355): CodeIgniter\CodeIgniter->handleRequest(null, Object(Config\Cache), false)
 4 SYSTEMPATH\Boot.php(325): CodeIgniter\CodeIgniter->run()
 5 SYSTEMPATH\Boot.php(67): CodeIgniter\Boot::runCodeIgniter(Object(CodeIgniter\CodeIgniter))
 6 FCPATH\index.php(56): CodeIgniter\Boot::bootWeb(Object(Config\Paths))
WARNING - 2025-08-05 11:42:18 --> [DEPRECATED] Creation of dynamic property App\Controllers\MaterialController::$userValidation is deprecated in APPPATH\Controllers\MaterialController.php on line 20.
 1 SYSTEMPATH\CodeIgniter.php(903): App\Controllers\MaterialController->__construct()
 2 SYSTEMPATH\CodeIgniter.php(500): CodeIgniter\CodeIgniter->createController()
 3 SYSTEMPATH\CodeIgniter.php(355): CodeIgniter\CodeIgniter->handleRequest(null, Object(Config\Cache), false)
 4 SYSTEMPATH\Boot.php(325): CodeIgniter\CodeIgniter->run()
 5 SYSTEMPATH\Boot.php(67): CodeIgniter\Boot::runCodeIgniter(Object(CodeIgniter\CodeIgniter))
 6 FCPATH\index.php(56): CodeIgniter\Boot::bootWeb(Object(Config\Paths))
INFO - 2025-08-05 11:42:19 --> Session: Class initialized using 'CodeIgniter\Session\Handlers\FileHandler' driver.
WARNING - 2025-08-05 11:42:19 --> [DEPRECATED] Creation of dynamic property App\Controllers\MaterialController::$db is deprecated in APPPATH\Controllers\MaterialController.php on line 15.
 1 SYSTEMPATH\CodeIgniter.php(903): App\Controllers\MaterialController->__construct()
 2 SYSTEMPATH\CodeIgniter.php(500): CodeIgniter\CodeIgniter->createController()
 3 SYSTEMPATH\CodeIgniter.php(355): CodeIgniter\CodeIgniter->handleRequest(null, Object(Config\Cache), false)
 4 SYSTEMPATH\Boot.php(325): CodeIgniter\CodeIgniter->run()
 5 SYSTEMPATH\Boot.php(67): CodeIgniter\Boot::runCodeIgniter(Object(CodeIgniter\CodeIgniter))
 6 FCPATH\index.php(56): CodeIgniter\Boot::bootWeb(Object(Config\Paths))
WARNING - 2025-08-05 11:42:19 --> [DEPRECATED] Creation of dynamic property App\Controllers\MaterialController::$session is deprecated in APPPATH\Controllers\MaterialController.php on line 16.
 1 SYSTEMPATH\CodeIgniter.php(903): App\Controllers\MaterialController->__construct()
 2 SYSTEMPATH\CodeIgniter.php(500): CodeIgniter\CodeIgniter->createController()
 3 SYSTEMPATH\CodeIgniter.php(355): CodeIgniter\CodeIgniter->handleRequest(null, Object(Config\Cache), false)
 4 SYSTEMPATH\Boot.php(325): CodeIgniter\CodeIgniter->run()
 5 SYSTEMPATH\Boot.php(67): CodeIgniter\Boot::runCodeIgniter(Object(CodeIgniter\CodeIgniter))
 6 FCPATH\index.php(56): CodeIgniter\Boot::bootWeb(Object(Config\Paths))
WARNING - 2025-08-05 11:42:19 --> [DEPRECATED] Creation of dynamic property App\Controllers\MaterialController::$uri is deprecated in APPPATH\Controllers\MaterialController.php on line 17.
 1 SYSTEMPATH\CodeIgniter.php(903): App\Controllers\MaterialController->__construct()
 2 SYSTEMPATH\CodeIgniter.php(500): CodeIgniter\CodeIgniter->createController()
 3 SYSTEMPATH\CodeIgniter.php(355): CodeIgniter\CodeIgniter->handleRequest(null, Object(Config\Cache), false)
 4 SYSTEMPATH\Boot.php(325): CodeIgniter\CodeIgniter->run()
 5 SYSTEMPATH\Boot.php(67): CodeIgniter\Boot::runCodeIgniter(Object(CodeIgniter\CodeIgniter))
 6 FCPATH\index.php(56): CodeIgniter\Boot::bootWeb(Object(Config\Paths))
WARNING - 2025-08-05 11:42:19 --> [DEPRECATED] Creation of dynamic property App\Controllers\MaterialController::$form_validation is deprecated in APPPATH\Controllers\MaterialController.php on line 19.
 1 SYSTEMPATH\CodeIgniter.php(903): App\Controllers\MaterialController->__construct()
 2 SYSTEMPATH\CodeIgniter.php(500): CodeIgniter\CodeIgniter->createController()
 3 SYSTEMPATH\CodeIgniter.php(355): CodeIgniter\CodeIgniter->handleRequest(null, Object(Config\Cache), false)
 4 SYSTEMPATH\Boot.php(325): CodeIgniter\CodeIgniter->run()
 5 SYSTEMPATH\Boot.php(67): CodeIgniter\Boot::runCodeIgniter(Object(CodeIgniter\CodeIgniter))
 6 FCPATH\index.php(56): CodeIgniter\Boot::bootWeb(Object(Config\Paths))
WARNING - 2025-08-05 11:42:19 --> [DEPRECATED] Creation of dynamic property App\Controllers\MaterialController::$userValidation is deprecated in APPPATH\Controllers\MaterialController.php on line 20.
 1 SYSTEMPATH\CodeIgniter.php(903): App\Controllers\MaterialController->__construct()
 2 SYSTEMPATH\CodeIgniter.php(500): CodeIgniter\CodeIgniter->createController()
 3 SYSTEMPATH\CodeIgniter.php(355): CodeIgniter\CodeIgniter->handleRequest(null, Object(Config\Cache), false)
 4 SYSTEMPATH\Boot.php(325): CodeIgniter\CodeIgniter->run()
 5 SYSTEMPATH\Boot.php(67): CodeIgniter\Boot::runCodeIgniter(Object(CodeIgniter\CodeIgniter))
 6 FCPATH\index.php(56): CodeIgniter\Boot::bootWeb(Object(Config\Paths))
INFO - 2025-08-05 11:42:19 --> Session: Class initialized using 'CodeIgniter\Session\Handlers\FileHandler' driver.
WARNING - 2025-08-05 11:42:19 --> [DEPRECATED] Creation of dynamic property App\Controllers\MaterialController::$db is deprecated in APPPATH\Controllers\MaterialController.php on line 15.
 1 SYSTEMPATH\CodeIgniter.php(903): App\Controllers\MaterialController->__construct()
 2 SYSTEMPATH\CodeIgniter.php(500): CodeIgniter\CodeIgniter->createController()
 3 SYSTEMPATH\CodeIgniter.php(355): CodeIgniter\CodeIgniter->handleRequest(null, Object(Config\Cache), false)
 4 SYSTEMPATH\Boot.php(325): CodeIgniter\CodeIgniter->run()
 5 SYSTEMPATH\Boot.php(67): CodeIgniter\Boot::runCodeIgniter(Object(CodeIgniter\CodeIgniter))
 6 FCPATH\index.php(56): CodeIgniter\Boot::bootWeb(Object(Config\Paths))
WARNING - 2025-08-05 11:42:19 --> [DEPRECATED] Creation of dynamic property App\Controllers\MaterialController::$session is deprecated in APPPATH\Controllers\MaterialController.php on line 16.
 1 SYSTEMPATH\CodeIgniter.php(903): App\Controllers\MaterialController->__construct()
 2 SYSTEMPATH\CodeIgniter.php(500): CodeIgniter\CodeIgniter->createController()
 3 SYSTEMPATH\CodeIgniter.php(355): CodeIgniter\CodeIgniter->handleRequest(null, Object(Config\Cache), false)
 4 SYSTEMPATH\Boot.php(325): CodeIgniter\CodeIgniter->run()
 5 SYSTEMPATH\Boot.php(67): CodeIgniter\Boot::runCodeIgniter(Object(CodeIgniter\CodeIgniter))
 6 FCPATH\index.php(56): CodeIgniter\Boot::bootWeb(Object(Config\Paths))
WARNING - 2025-08-05 11:42:19 --> [DEPRECATED] Creation of dynamic property App\Controllers\MaterialController::$uri is deprecated in APPPATH\Controllers\MaterialController.php on line 17.
 1 SYSTEMPATH\CodeIgniter.php(903): App\Controllers\MaterialController->__construct()
 2 SYSTEMPATH\CodeIgniter.php(500): CodeIgniter\CodeIgniter->createController()
 3 SYSTEMPATH\CodeIgniter.php(355): CodeIgniter\CodeIgniter->handleRequest(null, Object(Config\Cache), false)
 4 SYSTEMPATH\Boot.php(325): CodeIgniter\CodeIgniter->run()
 5 SYSTEMPATH\Boot.php(67): CodeIgniter\Boot::runCodeIgniter(Object(CodeIgniter\CodeIgniter))
 6 FCPATH\index.php(56): CodeIgniter\Boot::bootWeb(Object(Config\Paths))
WARNING - 2025-08-05 11:42:19 --> [DEPRECATED] Creation of dynamic property App\Controllers\MaterialController::$form_validation is deprecated in APPPATH\Controllers\MaterialController.php on line 19.
 1 SYSTEMPATH\CodeIgniter.php(903): App\Controllers\MaterialController->__construct()
 2 SYSTEMPATH\CodeIgniter.php(500): CodeIgniter\CodeIgniter->createController()
 3 SYSTEMPATH\CodeIgniter.php(355): CodeIgniter\CodeIgniter->handleRequest(null, Object(Config\Cache), false)
 4 SYSTEMPATH\Boot.php(325): CodeIgniter\CodeIgniter->run()
 5 SYSTEMPATH\Boot.php(67): CodeIgniter\Boot::runCodeIgniter(Object(CodeIgniter\CodeIgniter))
 6 FCPATH\index.php(56): CodeIgniter\Boot::bootWeb(Object(Config\Paths))
WARNING - 2025-08-05 11:42:19 --> [DEPRECATED] Creation of dynamic property App\Controllers\MaterialController::$userValidation is deprecated in APPPATH\Controllers\MaterialController.php on line 20.
 1 SYSTEMPATH\CodeIgniter.php(903): App\Controllers\MaterialController->__construct()
 2 SYSTEMPATH\CodeIgniter.php(500): CodeIgniter\CodeIgniter->createController()
 3 SYSTEMPATH\CodeIgniter.php(355): CodeIgniter\CodeIgniter->handleRequest(null, Object(Config\Cache), false)
 4 SYSTEMPATH\Boot.php(325): CodeIgniter\CodeIgniter->run()
 5 SYSTEMPATH\Boot.php(67): CodeIgniter\Boot::runCodeIgniter(Object(CodeIgniter\CodeIgniter))
 6 FCPATH\index.php(56): CodeIgniter\Boot::bootWeb(Object(Config\Paths))
INFO - 2025-08-05 11:42:20 --> Session: Class initialized using 'CodeIgniter\Session\Handlers\FileHandler' driver.
WARNING - 2025-08-05 11:42:20 --> [DEPRECATED] Creation of dynamic property App\Controllers\MaterialController::$db is deprecated in APPPATH\Controllers\MaterialController.php on line 15.
 1 SYSTEMPATH\CodeIgniter.php(903): App\Controllers\MaterialController->__construct()
 2 SYSTEMPATH\CodeIgniter.php(500): CodeIgniter\CodeIgniter->createController()
 3 SYSTEMPATH\CodeIgniter.php(355): CodeIgniter\CodeIgniter->handleRequest(null, Object(Config\Cache), false)
 4 SYSTEMPATH\Boot.php(325): CodeIgniter\CodeIgniter->run()
 5 SYSTEMPATH\Boot.php(67): CodeIgniter\Boot::runCodeIgniter(Object(CodeIgniter\CodeIgniter))
 6 FCPATH\index.php(56): CodeIgniter\Boot::bootWeb(Object(Config\Paths))
WARNING - 2025-08-05 11:42:20 --> [DEPRECATED] Creation of dynamic property App\Controllers\MaterialController::$session is deprecated in APPPATH\Controllers\MaterialController.php on line 16.
 1 SYSTEMPATH\CodeIgniter.php(903): App\Controllers\MaterialController->__construct()
 2 SYSTEMPATH\CodeIgniter.php(500): CodeIgniter\CodeIgniter->createController()
 3 SYSTEMPATH\CodeIgniter.php(355): CodeIgniter\CodeIgniter->handleRequest(null, Object(Config\Cache), false)
 4 SYSTEMPATH\Boot.php(325): CodeIgniter\CodeIgniter->run()
 5 SYSTEMPATH\Boot.php(67): CodeIgniter\Boot::runCodeIgniter(Object(CodeIgniter\CodeIgniter))
 6 FCPATH\index.php(56): CodeIgniter\Boot::bootWeb(Object(Config\Paths))
WARNING - 2025-08-05 11:42:20 --> [DEPRECATED] Creation of dynamic property App\Controllers\MaterialController::$uri is deprecated in APPPATH\Controllers\MaterialController.php on line 17.
 1 SYSTEMPATH\CodeIgniter.php(903): App\Controllers\MaterialController->__construct()
 2 SYSTEMPATH\CodeIgniter.php(500): CodeIgniter\CodeIgniter->createController()
 3 SYSTEMPATH\CodeIgniter.php(355): CodeIgniter\CodeIgniter->handleRequest(null, Object(Config\Cache), false)
 4 SYSTEMPATH\Boot.php(325): CodeIgniter\CodeIgniter->run()
 5 SYSTEMPATH\Boot.php(67): CodeIgniter\Boot::runCodeIgniter(Object(CodeIgniter\CodeIgniter))
 6 FCPATH\index.php(56): CodeIgniter\Boot::bootWeb(Object(Config\Paths))
WARNING - 2025-08-05 11:42:20 --> [DEPRECATED] Creation of dynamic property App\Controllers\MaterialController::$form_validation is deprecated in APPPATH\Controllers\MaterialController.php on line 19.
 1 SYSTEMPATH\CodeIgniter.php(903): App\Controllers\MaterialController->__construct()
 2 SYSTEMPATH\CodeIgniter.php(500): CodeIgniter\CodeIgniter->createController()
 3 SYSTEMPATH\CodeIgniter.php(355): CodeIgniter\CodeIgniter->handleRequest(null, Object(Config\Cache), false)
 4 SYSTEMPATH\Boot.php(325): CodeIgniter\CodeIgniter->run()
 5 SYSTEMPATH\Boot.php(67): CodeIgniter\Boot::runCodeIgniter(Object(CodeIgniter\CodeIgniter))
 6 FCPATH\index.php(56): CodeIgniter\Boot::bootWeb(Object(Config\Paths))
WARNING - 2025-08-05 11:42:20 --> [DEPRECATED] Creation of dynamic property App\Controllers\MaterialController::$userValidation is deprecated in APPPATH\Controllers\MaterialController.php on line 20.
 1 SYSTEMPATH\CodeIgniter.php(903): App\Controllers\MaterialController->__construct()
 2 SYSTEMPATH\CodeIgniter.php(500): CodeIgniter\CodeIgniter->createController()
 3 SYSTEMPATH\CodeIgniter.php(355): CodeIgniter\CodeIgniter->handleRequest(null, Object(Config\Cache), false)
 4 SYSTEMPATH\Boot.php(325): CodeIgniter\CodeIgniter->run()
 5 SYSTEMPATH\Boot.php(67): CodeIgniter\Boot::runCodeIgniter(Object(CodeIgniter\CodeIgniter))
 6 FCPATH\index.php(56): CodeIgniter\Boot::bootWeb(Object(Config\Paths))
INFO - 2025-08-05 11:42:22 --> Session: Class initialized using 'CodeIgniter\Session\Handlers\FileHandler' driver.
WARNING - 2025-08-05 11:42:22 --> [DEPRECATED] Creation of dynamic property App\Controllers\MaterialController::$db is deprecated in APPPATH\Controllers\MaterialController.php on line 15.
 1 SYSTEMPATH\CodeIgniter.php(903): App\Controllers\MaterialController->__construct()
 2 SYSTEMPATH\CodeIgniter.php(500): CodeIgniter\CodeIgniter->createController()
 3 SYSTEMPATH\CodeIgniter.php(355): CodeIgniter\CodeIgniter->handleRequest(null, Object(Config\Cache), false)
 4 SYSTEMPATH\Boot.php(325): CodeIgniter\CodeIgniter->run()
 5 SYSTEMPATH\Boot.php(67): CodeIgniter\Boot::runCodeIgniter(Object(CodeIgniter\CodeIgniter))
 6 FCPATH\index.php(56): CodeIgniter\Boot::bootWeb(Object(Config\Paths))
WARNING - 2025-08-05 11:42:22 --> [DEPRECATED] Creation of dynamic property App\Controllers\MaterialController::$session is deprecated in APPPATH\Controllers\MaterialController.php on line 16.
 1 SYSTEMPATH\CodeIgniter.php(903): App\Controllers\MaterialController->__construct()
 2 SYSTEMPATH\CodeIgniter.php(500): CodeIgniter\CodeIgniter->createController()
 3 SYSTEMPATH\CodeIgniter.php(355): CodeIgniter\CodeIgniter->handleRequest(null, Object(Config\Cache), false)
 4 SYSTEMPATH\Boot.php(325): CodeIgniter\CodeIgniter->run()
 5 SYSTEMPATH\Boot.php(67): CodeIgniter\Boot::runCodeIgniter(Object(CodeIgniter\CodeIgniter))
 6 FCPATH\index.php(56): CodeIgniter\Boot::bootWeb(Object(Config\Paths))
WARNING - 2025-08-05 11:42:22 --> [DEPRECATED] Creation of dynamic property App\Controllers\MaterialController::$uri is deprecated in APPPATH\Controllers\MaterialController.php on line 17.
 1 SYSTEMPATH\CodeIgniter.php(903): App\Controllers\MaterialController->__construct()
 2 SYSTEMPATH\CodeIgniter.php(500): CodeIgniter\CodeIgniter->createController()
 3 SYSTEMPATH\CodeIgniter.php(355): CodeIgniter\CodeIgniter->handleRequest(null, Object(Config\Cache), false)
 4 SYSTEMPATH\Boot.php(325): CodeIgniter\CodeIgniter->run()
 5 SYSTEMPATH\Boot.php(67): CodeIgniter\Boot::runCodeIgniter(Object(CodeIgniter\CodeIgniter))
 6 FCPATH\index.php(56): CodeIgniter\Boot::bootWeb(Object(Config\Paths))
WARNING - 2025-08-05 11:42:22 --> [DEPRECATED] Creation of dynamic property App\Controllers\MaterialController::$form_validation is deprecated in APPPATH\Controllers\MaterialController.php on line 19.
 1 SYSTEMPATH\CodeIgniter.php(903): App\Controllers\MaterialController->__construct()
 2 SYSTEMPATH\CodeIgniter.php(500): CodeIgniter\CodeIgniter->createController()
 3 SYSTEMPATH\CodeIgniter.php(355): CodeIgniter\CodeIgniter->handleRequest(null, Object(Config\Cache), false)
 4 SYSTEMPATH\Boot.php(325): CodeIgniter\CodeIgniter->run()
 5 SYSTEMPATH\Boot.php(67): CodeIgniter\Boot::runCodeIgniter(Object(CodeIgniter\CodeIgniter))
 6 FCPATH\index.php(56): CodeIgniter\Boot::bootWeb(Object(Config\Paths))
WARNING - 2025-08-05 11:42:22 --> [DEPRECATED] Creation of dynamic property App\Controllers\MaterialController::$userValidation is deprecated in APPPATH\Controllers\MaterialController.php on line 20.
 1 SYSTEMPATH\CodeIgniter.php(903): App\Controllers\MaterialController->__construct()
 2 SYSTEMPATH\CodeIgniter.php(500): CodeIgniter\CodeIgniter->createController()
 3 SYSTEMPATH\CodeIgniter.php(355): CodeIgniter\CodeIgniter->handleRequest(null, Object(Config\Cache), false)
 4 SYSTEMPATH\Boot.php(325): CodeIgniter\CodeIgniter->run()
 5 SYSTEMPATH\Boot.php(67): CodeIgniter\Boot::runCodeIgniter(Object(CodeIgniter\CodeIgniter))
 6 FCPATH\index.php(56): CodeIgniter\Boot::bootWeb(Object(Config\Paths))
INFO - 2025-08-05 11:42:23 --> Session: Class initialized using 'CodeIgniter\Session\Handlers\FileHandler' driver.
WARNING - 2025-08-05 11:42:23 --> [DEPRECATED] Creation of dynamic property App\Controllers\MaterialController::$db is deprecated in APPPATH\Controllers\MaterialController.php on line 15.
 1 SYSTEMPATH\CodeIgniter.php(903): App\Controllers\MaterialController->__construct()
 2 SYSTEMPATH\CodeIgniter.php(500): CodeIgniter\CodeIgniter->createController()
 3 SYSTEMPATH\CodeIgniter.php(355): CodeIgniter\CodeIgniter->handleRequest(null, Object(Config\Cache), false)
 4 SYSTEMPATH\Boot.php(325): CodeIgniter\CodeIgniter->run()
 5 SYSTEMPATH\Boot.php(67): CodeIgniter\Boot::runCodeIgniter(Object(CodeIgniter\CodeIgniter))
 6 FCPATH\index.php(56): CodeIgniter\Boot::bootWeb(Object(Config\Paths))
WARNING - 2025-08-05 11:42:23 --> [DEPRECATED] Creation of dynamic property App\Controllers\MaterialController::$session is deprecated in APPPATH\Controllers\MaterialController.php on line 16.
 1 SYSTEMPATH\CodeIgniter.php(903): App\Controllers\MaterialController->__construct()
 2 SYSTEMPATH\CodeIgniter.php(500): CodeIgniter\CodeIgniter->createController()
 3 SYSTEMPATH\CodeIgniter.php(355): CodeIgniter\CodeIgniter->handleRequest(null, Object(Config\Cache), false)
 4 SYSTEMPATH\Boot.php(325): CodeIgniter\CodeIgniter->run()
 5 SYSTEMPATH\Boot.php(67): CodeIgniter\Boot::runCodeIgniter(Object(CodeIgniter\CodeIgniter))
 6 FCPATH\index.php(56): CodeIgniter\Boot::bootWeb(Object(Config\Paths))
WARNING - 2025-08-05 11:42:23 --> [DEPRECATED] Creation of dynamic property App\Controllers\MaterialController::$uri is deprecated in APPPATH\Controllers\MaterialController.php on line 17.
 1 SYSTEMPATH\CodeIgniter.php(903): App\Controllers\MaterialController->__construct()
 2 SYSTEMPATH\CodeIgniter.php(500): CodeIgniter\CodeIgniter->createController()
 3 SYSTEMPATH\CodeIgniter.php(355): CodeIgniter\CodeIgniter->handleRequest(null, Object(Config\Cache), false)
 4 SYSTEMPATH\Boot.php(325): CodeIgniter\CodeIgniter->run()
 5 SYSTEMPATH\Boot.php(67): CodeIgniter\Boot::runCodeIgniter(Object(CodeIgniter\CodeIgniter))
 6 FCPATH\index.php(56): CodeIgniter\Boot::bootWeb(Object(Config\Paths))
WARNING - 2025-08-05 11:42:23 --> [DEPRECATED] Creation of dynamic property App\Controllers\MaterialController::$form_validation is deprecated in APPPATH\Controllers\MaterialController.php on line 19.
 1 SYSTEMPATH\CodeIgniter.php(903): App\Controllers\MaterialController->__construct()
 2 SYSTEMPATH\CodeIgniter.php(500): CodeIgniter\CodeIgniter->createController()
 3 SYSTEMPATH\CodeIgniter.php(355): CodeIgniter\CodeIgniter->handleRequest(null, Object(Config\Cache), false)
 4 SYSTEMPATH\Boot.php(325): CodeIgniter\CodeIgniter->run()
 5 SYSTEMPATH\Boot.php(67): CodeIgniter\Boot::runCodeIgniter(Object(CodeIgniter\CodeIgniter))
 6 FCPATH\index.php(56): CodeIgniter\Boot::bootWeb(Object(Config\Paths))
WARNING - 2025-08-05 11:42:23 --> [DEPRECATED] Creation of dynamic property App\Controllers\MaterialController::$userValidation is deprecated in APPPATH\Controllers\MaterialController.php on line 20.
 1 SYSTEMPATH\CodeIgniter.php(903): App\Controllers\MaterialController->__construct()
 2 SYSTEMPATH\CodeIgniter.php(500): CodeIgniter\CodeIgniter->createController()
 3 SYSTEMPATH\CodeIgniter.php(355): CodeIgniter\CodeIgniter->handleRequest(null, Object(Config\Cache), false)
 4 SYSTEMPATH\Boot.php(325): CodeIgniter\CodeIgniter->run()
 5 SYSTEMPATH\Boot.php(67): CodeIgniter\Boot::runCodeIgniter(Object(CodeIgniter\CodeIgniter))
 6 FCPATH\index.php(56): CodeIgniter\Boot::bootWeb(Object(Config\Paths))
INFO - 2025-08-05 11:42:23 --> Session: Class initialized using 'CodeIgniter\Session\Handlers\FileHandler' driver.
WARNING - 2025-08-05 11:42:23 --> [DEPRECATED] Creation of dynamic property App\Controllers\MaterialController::$db is deprecated in APPPATH\Controllers\MaterialController.php on line 15.
 1 SYSTEMPATH\CodeIgniter.php(903): App\Controllers\MaterialController->__construct()
 2 SYSTEMPATH\CodeIgniter.php(500): CodeIgniter\CodeIgniter->createController()
 3 SYSTEMPATH\CodeIgniter.php(355): CodeIgniter\CodeIgniter->handleRequest(null, Object(Config\Cache), false)
 4 SYSTEMPATH\Boot.php(325): CodeIgniter\CodeIgniter->run()
 5 SYSTEMPATH\Boot.php(67): CodeIgniter\Boot::runCodeIgniter(Object(CodeIgniter\CodeIgniter))
 6 FCPATH\index.php(56): CodeIgniter\Boot::bootWeb(Object(Config\Paths))
WARNING - 2025-08-05 11:42:23 --> [DEPRECATED] Creation of dynamic property App\Controllers\MaterialController::$session is deprecated in APPPATH\Controllers\MaterialController.php on line 16.
 1 SYSTEMPATH\CodeIgniter.php(903): App\Controllers\MaterialController->__construct()
 2 SYSTEMPATH\CodeIgniter.php(500): CodeIgniter\CodeIgniter->createController()
 3 SYSTEMPATH\CodeIgniter.php(355): CodeIgniter\CodeIgniter->handleRequest(null, Object(Config\Cache), false)
 4 SYSTEMPATH\Boot.php(325): CodeIgniter\CodeIgniter->run()
 5 SYSTEMPATH\Boot.php(67): CodeIgniter\Boot::runCodeIgniter(Object(CodeIgniter\CodeIgniter))
 6 FCPATH\index.php(56): CodeIgniter\Boot::bootWeb(Object(Config\Paths))
WARNING - 2025-08-05 11:42:23 --> [DEPRECATED] Creation of dynamic property App\Controllers\MaterialController::$uri is deprecated in APPPATH\Controllers\MaterialController.php on line 17.
 1 SYSTEMPATH\CodeIgniter.php(903): App\Controllers\MaterialController->__construct()
 2 SYSTEMPATH\CodeIgniter.php(500): CodeIgniter\CodeIgniter->createController()
 3 SYSTEMPATH\CodeIgniter.php(355): CodeIgniter\CodeIgniter->handleRequest(null, Object(Config\Cache), false)
 4 SYSTEMPATH\Boot.php(325): CodeIgniter\CodeIgniter->run()
 5 SYSTEMPATH\Boot.php(67): CodeIgniter\Boot::runCodeIgniter(Object(CodeIgniter\CodeIgniter))
 6 FCPATH\index.php(56): CodeIgniter\Boot::bootWeb(Object(Config\Paths))
WARNING - 2025-08-05 11:42:23 --> [DEPRECATED] Creation of dynamic property App\Controllers\MaterialController::$form_validation is deprecated in APPPATH\Controllers\MaterialController.php on line 19.
 1 SYSTEMPATH\CodeIgniter.php(903): App\Controllers\MaterialController->__construct()
 2 SYSTEMPATH\CodeIgniter.php(500): CodeIgniter\CodeIgniter->createController()
 3 SYSTEMPATH\CodeIgniter.php(355): CodeIgniter\CodeIgniter->handleRequest(null, Object(Config\Cache), false)
 4 SYSTEMPATH\Boot.php(325): CodeIgniter\CodeIgniter->run()
 5 SYSTEMPATH\Boot.php(67): CodeIgniter\Boot::runCodeIgniter(Object(CodeIgniter\CodeIgniter))
 6 FCPATH\index.php(56): CodeIgniter\Boot::bootWeb(Object(Config\Paths))
WARNING - 2025-08-05 11:42:23 --> [DEPRECATED] Creation of dynamic property App\Controllers\MaterialController::$userValidation is deprecated in APPPATH\Controllers\MaterialController.php on line 20.
 1 SYSTEMPATH\CodeIgniter.php(903): App\Controllers\MaterialController->__construct()
 2 SYSTEMPATH\CodeIgniter.php(500): CodeIgniter\CodeIgniter->createController()
 3 SYSTEMPATH\CodeIgniter.php(355): CodeIgniter\CodeIgniter->handleRequest(null, Object(Config\Cache), false)
 4 SYSTEMPATH\Boot.php(325): CodeIgniter\CodeIgniter->run()
 5 SYSTEMPATH\Boot.php(67): CodeIgniter\Boot::runCodeIgniter(Object(CodeIgniter\CodeIgniter))
 6 FCPATH\index.php(56): CodeIgniter\Boot::bootWeb(Object(Config\Paths))
INFO - 2025-08-05 11:42:26 --> Session: Class initialized using 'CodeIgniter\Session\Handlers\FileHandler' driver.
WARNING - 2025-08-05 11:42:26 --> [DEPRECATED] Creation of dynamic property App\Controllers\MaterialController::$db is deprecated in APPPATH\Controllers\MaterialController.php on line 15.
 1 SYSTEMPATH\CodeIgniter.php(903): App\Controllers\MaterialController->__construct()
 2 SYSTEMPATH\CodeIgniter.php(500): CodeIgniter\CodeIgniter->createController()
 3 SYSTEMPATH\CodeIgniter.php(355): CodeIgniter\CodeIgniter->handleRequest(null, Object(Config\Cache), false)
 4 SYSTEMPATH\Boot.php(325): CodeIgniter\CodeIgniter->run()
 5 SYSTEMPATH\Boot.php(67): CodeIgniter\Boot::runCodeIgniter(Object(CodeIgniter\CodeIgniter))
 6 FCPATH\index.php(56): CodeIgniter\Boot::bootWeb(Object(Config\Paths))
WARNING - 2025-08-05 11:42:26 --> [DEPRECATED] Creation of dynamic property App\Controllers\MaterialController::$session is deprecated in APPPATH\Controllers\MaterialController.php on line 16.
 1 SYSTEMPATH\CodeIgniter.php(903): App\Controllers\MaterialController->__construct()
 2 SYSTEMPATH\CodeIgniter.php(500): CodeIgniter\CodeIgniter->createController()
 3 SYSTEMPATH\CodeIgniter.php(355): CodeIgniter\CodeIgniter->handleRequest(null, Object(Config\Cache), false)
 4 SYSTEMPATH\Boot.php(325): CodeIgniter\CodeIgniter->run()
 5 SYSTEMPATH\Boot.php(67): CodeIgniter\Boot::runCodeIgniter(Object(CodeIgniter\CodeIgniter))
 6 FCPATH\index.php(56): CodeIgniter\Boot::bootWeb(Object(Config\Paths))
WARNING - 2025-08-05 11:42:26 --> [DEPRECATED] Creation of dynamic property App\Controllers\MaterialController::$uri is deprecated in APPPATH\Controllers\MaterialController.php on line 17.
 1 SYSTEMPATH\CodeIgniter.php(903): App\Controllers\MaterialController->__construct()
 2 SYSTEMPATH\CodeIgniter.php(500): CodeIgniter\CodeIgniter->createController()
 3 SYSTEMPATH\CodeIgniter.php(355): CodeIgniter\CodeIgniter->handleRequest(null, Object(Config\Cache), false)
 4 SYSTEMPATH\Boot.php(325): CodeIgniter\CodeIgniter->run()
 5 SYSTEMPATH\Boot.php(67): CodeIgniter\Boot::runCodeIgniter(Object(CodeIgniter\CodeIgniter))
 6 FCPATH\index.php(56): CodeIgniter\Boot::bootWeb(Object(Config\Paths))
WARNING - 2025-08-05 11:42:26 --> [DEPRECATED] Creation of dynamic property App\Controllers\MaterialController::$form_validation is deprecated in APPPATH\Controllers\MaterialController.php on line 19.
 1 SYSTEMPATH\CodeIgniter.php(903): App\Controllers\MaterialController->__construct()
 2 SYSTEMPATH\CodeIgniter.php(500): CodeIgniter\CodeIgniter->createController()
 3 SYSTEMPATH\CodeIgniter.php(355): CodeIgniter\CodeIgniter->handleRequest(null, Object(Config\Cache), false)
 4 SYSTEMPATH\Boot.php(325): CodeIgniter\CodeIgniter->run()
 5 SYSTEMPATH\Boot.php(67): CodeIgniter\Boot::runCodeIgniter(Object(CodeIgniter\CodeIgniter))
 6 FCPATH\index.php(56): CodeIgniter\Boot::bootWeb(Object(Config\Paths))
WARNING - 2025-08-05 11:42:26 --> [DEPRECATED] Creation of dynamic property App\Controllers\MaterialController::$userValidation is deprecated in APPPATH\Controllers\MaterialController.php on line 20.
 1 SYSTEMPATH\CodeIgniter.php(903): App\Controllers\MaterialController->__construct()
 2 SYSTEMPATH\CodeIgniter.php(500): CodeIgniter\CodeIgniter->createController()
 3 SYSTEMPATH\CodeIgniter.php(355): CodeIgniter\CodeIgniter->handleRequest(null, Object(Config\Cache), false)
 4 SYSTEMPATH\Boot.php(325): CodeIgniter\CodeIgniter->run()
 5 SYSTEMPATH\Boot.php(67): CodeIgniter\Boot::runCodeIgniter(Object(CodeIgniter\CodeIgniter))
 6 FCPATH\index.php(56): CodeIgniter\Boot::bootWeb(Object(Config\Paths))
INFO - 2025-08-05 11:42:26 --> Session: Class initialized using 'CodeIgniter\Session\Handlers\FileHandler' driver.
WARNING - 2025-08-05 11:42:26 --> [DEPRECATED] Creation of dynamic property App\Controllers\MaterialController::$db is deprecated in APPPATH\Controllers\MaterialController.php on line 15.
 1 SYSTEMPATH\CodeIgniter.php(903): App\Controllers\MaterialController->__construct()
 2 SYSTEMPATH\CodeIgniter.php(500): CodeIgniter\CodeIgniter->createController()
 3 SYSTEMPATH\CodeIgniter.php(355): CodeIgniter\CodeIgniter->handleRequest(null, Object(Config\Cache), false)
 4 SYSTEMPATH\Boot.php(325): CodeIgniter\CodeIgniter->run()
 5 SYSTEMPATH\Boot.php(67): CodeIgniter\Boot::runCodeIgniter(Object(CodeIgniter\CodeIgniter))
 6 FCPATH\index.php(56): CodeIgniter\Boot::bootWeb(Object(Config\Paths))
WARNING - 2025-08-05 11:42:26 --> [DEPRECATED] Creation of dynamic property App\Controllers\MaterialController::$session is deprecated in APPPATH\Controllers\MaterialController.php on line 16.
 1 SYSTEMPATH\CodeIgniter.php(903): App\Controllers\MaterialController->__construct()
 2 SYSTEMPATH\CodeIgniter.php(500): CodeIgniter\CodeIgniter->createController()
 3 SYSTEMPATH\CodeIgniter.php(355): CodeIgniter\CodeIgniter->handleRequest(null, Object(Config\Cache), false)
 4 SYSTEMPATH\Boot.php(325): CodeIgniter\CodeIgniter->run()
 5 SYSTEMPATH\Boot.php(67): CodeIgniter\Boot::runCodeIgniter(Object(CodeIgniter\CodeIgniter))
 6 FCPATH\index.php(56): CodeIgniter\Boot::bootWeb(Object(Config\Paths))
WARNING - 2025-08-05 11:42:26 --> [DEPRECATED] Creation of dynamic property App\Controllers\MaterialController::$uri is deprecated in APPPATH\Controllers\MaterialController.php on line 17.
 1 SYSTEMPATH\CodeIgniter.php(903): App\Controllers\MaterialController->__construct()
 2 SYSTEMPATH\CodeIgniter.php(500): CodeIgniter\CodeIgniter->createController()
 3 SYSTEMPATH\CodeIgniter.php(355): CodeIgniter\CodeIgniter->handleRequest(null, Object(Config\Cache), false)
 4 SYSTEMPATH\Boot.php(325): CodeIgniter\CodeIgniter->run()
 5 SYSTEMPATH\Boot.php(67): CodeIgniter\Boot::runCodeIgniter(Object(CodeIgniter\CodeIgniter))
 6 FCPATH\index.php(56): CodeIgniter\Boot::bootWeb(Object(Config\Paths))
WARNING - 2025-08-05 11:42:26 --> [DEPRECATED] Creation of dynamic property App\Controllers\MaterialController::$form_validation is deprecated in APPPATH\Controllers\MaterialController.php on line 19.
 1 SYSTEMPATH\CodeIgniter.php(903): App\Controllers\MaterialController->__construct()
 2 SYSTEMPATH\CodeIgniter.php(500): CodeIgniter\CodeIgniter->createController()
 3 SYSTEMPATH\CodeIgniter.php(355): CodeIgniter\CodeIgniter->handleRequest(null, Object(Config\Cache), false)
 4 SYSTEMPATH\Boot.php(325): CodeIgniter\CodeIgniter->run()
 5 SYSTEMPATH\Boot.php(67): CodeIgniter\Boot::runCodeIgniter(Object(CodeIgniter\CodeIgniter))
 6 FCPATH\index.php(56): CodeIgniter\Boot::bootWeb(Object(Config\Paths))
WARNING - 2025-08-05 11:42:26 --> [DEPRECATED] Creation of dynamic property App\Controllers\MaterialController::$userValidation is deprecated in APPPATH\Controllers\MaterialController.php on line 20.
 1 SYSTEMPATH\CodeIgniter.php(903): App\Controllers\MaterialController->__construct()
 2 SYSTEMPATH\CodeIgniter.php(500): CodeIgniter\CodeIgniter->createController()
 3 SYSTEMPATH\CodeIgniter.php(355): CodeIgniter\CodeIgniter->handleRequest(null, Object(Config\Cache), false)
 4 SYSTEMPATH\Boot.php(325): CodeIgniter\CodeIgniter->run()
 5 SYSTEMPATH\Boot.php(67): CodeIgniter\Boot::runCodeIgniter(Object(CodeIgniter\CodeIgniter))
 6 FCPATH\index.php(56): CodeIgniter\Boot::bootWeb(Object(Config\Paths))
INFO - 2025-08-05 11:42:26 --> Session: Class initialized using 'CodeIgniter\Session\Handlers\FileHandler' driver.
WARNING - 2025-08-05 11:42:26 --> [DEPRECATED] Creation of dynamic property App\Controllers\MaterialController::$db is deprecated in APPPATH\Controllers\MaterialController.php on line 15.
 1 SYSTEMPATH\CodeIgniter.php(903): App\Controllers\MaterialController->__construct()
 2 SYSTEMPATH\CodeIgniter.php(500): CodeIgniter\CodeIgniter->createController()
 3 SYSTEMPATH\CodeIgniter.php(355): CodeIgniter\CodeIgniter->handleRequest(null, Object(Config\Cache), false)
 4 SYSTEMPATH\Boot.php(325): CodeIgniter\CodeIgniter->run()
 5 SYSTEMPATH\Boot.php(67): CodeIgniter\Boot::runCodeIgniter(Object(CodeIgniter\CodeIgniter))
 6 FCPATH\index.php(56): CodeIgniter\Boot::bootWeb(Object(Config\Paths))
WARNING - 2025-08-05 11:42:26 --> [DEPRECATED] Creation of dynamic property App\Controllers\MaterialController::$session is deprecated in APPPATH\Controllers\MaterialController.php on line 16.
 1 SYSTEMPATH\CodeIgniter.php(903): App\Controllers\MaterialController->__construct()
 2 SYSTEMPATH\CodeIgniter.php(500): CodeIgniter\CodeIgniter->createController()
 3 SYSTEMPATH\CodeIgniter.php(355): CodeIgniter\CodeIgniter->handleRequest(null, Object(Config\Cache), false)
 4 SYSTEMPATH\Boot.php(325): CodeIgniter\CodeIgniter->run()
 5 SYSTEMPATH\Boot.php(67): CodeIgniter\Boot::runCodeIgniter(Object(CodeIgniter\CodeIgniter))
 6 FCPATH\index.php(56): CodeIgniter\Boot::bootWeb(Object(Config\Paths))
WARNING - 2025-08-05 11:42:26 --> [DEPRECATED] Creation of dynamic property App\Controllers\MaterialController::$uri is deprecated in APPPATH\Controllers\MaterialController.php on line 17.
 1 SYSTEMPATH\CodeIgniter.php(903): App\Controllers\MaterialController->__construct()
 2 SYSTEMPATH\CodeIgniter.php(500): CodeIgniter\CodeIgniter->createController()
 3 SYSTEMPATH\CodeIgniter.php(355): CodeIgniter\CodeIgniter->handleRequest(null, Object(Config\Cache), false)
 4 SYSTEMPATH\Boot.php(325): CodeIgniter\CodeIgniter->run()
 5 SYSTEMPATH\Boot.php(67): CodeIgniter\Boot::runCodeIgniter(Object(CodeIgniter\CodeIgniter))
 6 FCPATH\index.php(56): CodeIgniter\Boot::bootWeb(Object(Config\Paths))
WARNING - 2025-08-05 11:42:26 --> [DEPRECATED] Creation of dynamic property App\Controllers\MaterialController::$form_validation is deprecated in APPPATH\Controllers\MaterialController.php on line 19.
 1 SYSTEMPATH\CodeIgniter.php(903): App\Controllers\MaterialController->__construct()
 2 SYSTEMPATH\CodeIgniter.php(500): CodeIgniter\CodeIgniter->createController()
 3 SYSTEMPATH\CodeIgniter.php(355): CodeIgniter\CodeIgniter->handleRequest(null, Object(Config\Cache), false)
 4 SYSTEMPATH\Boot.php(325): CodeIgniter\CodeIgniter->run()
 5 SYSTEMPATH\Boot.php(67): CodeIgniter\Boot::runCodeIgniter(Object(CodeIgniter\CodeIgniter))
 6 FCPATH\index.php(56): CodeIgniter\Boot::bootWeb(Object(Config\Paths))
WARNING - 2025-08-05 11:42:26 --> [DEPRECATED] Creation of dynamic property App\Controllers\MaterialController::$userValidation is deprecated in APPPATH\Controllers\MaterialController.php on line 20.
 1 SYSTEMPATH\CodeIgniter.php(903): App\Controllers\MaterialController->__construct()
 2 SYSTEMPATH\CodeIgniter.php(500): CodeIgniter\CodeIgniter->createController()
 3 SYSTEMPATH\CodeIgniter.php(355): CodeIgniter\CodeIgniter->handleRequest(null, Object(Config\Cache), false)
 4 SYSTEMPATH\Boot.php(325): CodeIgniter\CodeIgniter->run()
 5 SYSTEMPATH\Boot.php(67): CodeIgniter\Boot::runCodeIgniter(Object(CodeIgniter\CodeIgniter))
 6 FCPATH\index.php(56): CodeIgniter\Boot::bootWeb(Object(Config\Paths))
INFO - 2025-08-05 11:42:27 --> Session: Class initialized using 'CodeIgniter\Session\Handlers\FileHandler' driver.
WARNING - 2025-08-05 11:42:27 --> [DEPRECATED] Creation of dynamic property App\Controllers\MaterialController::$db is deprecated in APPPATH\Controllers\MaterialController.php on line 15.
 1 SYSTEMPATH\CodeIgniter.php(903): App\Controllers\MaterialController->__construct()
 2 SYSTEMPATH\CodeIgniter.php(500): CodeIgniter\CodeIgniter->createController()
 3 SYSTEMPATH\CodeIgniter.php(355): CodeIgniter\CodeIgniter->handleRequest(null, Object(Config\Cache), false)
 4 SYSTEMPATH\Boot.php(325): CodeIgniter\CodeIgniter->run()
 5 SYSTEMPATH\Boot.php(67): CodeIgniter\Boot::runCodeIgniter(Object(CodeIgniter\CodeIgniter))
 6 FCPATH\index.php(56): CodeIgniter\Boot::bootWeb(Object(Config\Paths))
WARNING - 2025-08-05 11:42:27 --> [DEPRECATED] Creation of dynamic property App\Controllers\MaterialController::$session is deprecated in APPPATH\Controllers\MaterialController.php on line 16.
 1 SYSTEMPATH\CodeIgniter.php(903): App\Controllers\MaterialController->__construct()
 2 SYSTEMPATH\CodeIgniter.php(500): CodeIgniter\CodeIgniter->createController()
 3 SYSTEMPATH\CodeIgniter.php(355): CodeIgniter\CodeIgniter->handleRequest(null, Object(Config\Cache), false)
 4 SYSTEMPATH\Boot.php(325): CodeIgniter\CodeIgniter->run()
 5 SYSTEMPATH\Boot.php(67): CodeIgniter\Boot::runCodeIgniter(Object(CodeIgniter\CodeIgniter))
 6 FCPATH\index.php(56): CodeIgniter\Boot::bootWeb(Object(Config\Paths))
WARNING - 2025-08-05 11:42:27 --> [DEPRECATED] Creation of dynamic property App\Controllers\MaterialController::$uri is deprecated in APPPATH\Controllers\MaterialController.php on line 17.
 1 SYSTEMPATH\CodeIgniter.php(903): App\Controllers\MaterialController->__construct()
 2 SYSTEMPATH\CodeIgniter.php(500): CodeIgniter\CodeIgniter->createController()
 3 SYSTEMPATH\CodeIgniter.php(355): CodeIgniter\CodeIgniter->handleRequest(null, Object(Config\Cache), false)
 4 SYSTEMPATH\Boot.php(325): CodeIgniter\CodeIgniter->run()
 5 SYSTEMPATH\Boot.php(67): CodeIgniter\Boot::runCodeIgniter(Object(CodeIgniter\CodeIgniter))
 6 FCPATH\index.php(56): CodeIgniter\Boot::bootWeb(Object(Config\Paths))
WARNING - 2025-08-05 11:42:27 --> [DEPRECATED] Creation of dynamic property App\Controllers\MaterialController::$form_validation is deprecated in APPPATH\Controllers\MaterialController.php on line 19.
 1 SYSTEMPATH\CodeIgniter.php(903): App\Controllers\MaterialController->__construct()
 2 SYSTEMPATH\CodeIgniter.php(500): CodeIgniter\CodeIgniter->createController()
 3 SYSTEMPATH\CodeIgniter.php(355): CodeIgniter\CodeIgniter->handleRequest(null, Object(Config\Cache), false)
 4 SYSTEMPATH\Boot.php(325): CodeIgniter\CodeIgniter->run()
 5 SYSTEMPATH\Boot.php(67): CodeIgniter\Boot::runCodeIgniter(Object(CodeIgniter\CodeIgniter))
 6 FCPATH\index.php(56): CodeIgniter\Boot::bootWeb(Object(Config\Paths))
WARNING - 2025-08-05 11:42:27 --> [DEPRECATED] Creation of dynamic property App\Controllers\MaterialController::$userValidation is deprecated in APPPATH\Controllers\MaterialController.php on line 20.
 1 SYSTEMPATH\CodeIgniter.php(903): App\Controllers\MaterialController->__construct()
 2 SYSTEMPATH\CodeIgniter.php(500): CodeIgniter\CodeIgniter->createController()
 3 SYSTEMPATH\CodeIgniter.php(355): CodeIgniter\CodeIgniter->handleRequest(null, Object(Config\Cache), false)
 4 SYSTEMPATH\Boot.php(325): CodeIgniter\CodeIgniter->run()
 5 SYSTEMPATH\Boot.php(67): CodeIgniter\Boot::runCodeIgniter(Object(CodeIgniter\CodeIgniter))
 6 FCPATH\index.php(56): CodeIgniter\Boot::bootWeb(Object(Config\Paths))
INFO - 2025-08-05 11:43:00 --> Session: Class initialized using 'CodeIgniter\Session\Handlers\FileHandler' driver.
WARNING - 2025-08-05 11:43:00 --> [DEPRECATED] Creation of dynamic property App\Controllers\MaterialController::$db is deprecated in APPPATH\Controllers\MaterialController.php on line 15.
 1 SYSTEMPATH\CodeIgniter.php(903): App\Controllers\MaterialController->__construct()
 2 SYSTEMPATH\CodeIgniter.php(500): CodeIgniter\CodeIgniter->createController()
 3 SYSTEMPATH\CodeIgniter.php(355): CodeIgniter\CodeIgniter->handleRequest(null, Object(Config\Cache), false)
 4 SYSTEMPATH\Boot.php(325): CodeIgniter\CodeIgniter->run()
 5 SYSTEMPATH\Boot.php(67): CodeIgniter\Boot::runCodeIgniter(Object(CodeIgniter\CodeIgniter))
 6 FCPATH\index.php(56): CodeIgniter\Boot::bootWeb(Object(Config\Paths))
WARNING - 2025-08-05 11:43:00 --> [DEPRECATED] Creation of dynamic property App\Controllers\MaterialController::$session is deprecated in APPPATH\Controllers\MaterialController.php on line 16.
 1 SYSTEMPATH\CodeIgniter.php(903): App\Controllers\MaterialController->__construct()
 2 SYSTEMPATH\CodeIgniter.php(500): CodeIgniter\CodeIgniter->createController()
 3 SYSTEMPATH\CodeIgniter.php(355): CodeIgniter\CodeIgniter->handleRequest(null, Object(Config\Cache), false)
 4 SYSTEMPATH\Boot.php(325): CodeIgniter\CodeIgniter->run()
 5 SYSTEMPATH\Boot.php(67): CodeIgniter\Boot::runCodeIgniter(Object(CodeIgniter\CodeIgniter))
 6 FCPATH\index.php(56): CodeIgniter\Boot::bootWeb(Object(Config\Paths))
WARNING - 2025-08-05 11:43:00 --> [DEPRECATED] Creation of dynamic property App\Controllers\MaterialController::$uri is deprecated in APPPATH\Controllers\MaterialController.php on line 17.
 1 SYSTEMPATH\CodeIgniter.php(903): App\Controllers\MaterialController->__construct()
 2 SYSTEMPATH\CodeIgniter.php(500): CodeIgniter\CodeIgniter->createController()
 3 SYSTEMPATH\CodeIgniter.php(355): CodeIgniter\CodeIgniter->handleRequest(null, Object(Config\Cache), false)
 4 SYSTEMPATH\Boot.php(325): CodeIgniter\CodeIgniter->run()
 5 SYSTEMPATH\Boot.php(67): CodeIgniter\Boot::runCodeIgniter(Object(CodeIgniter\CodeIgniter))
 6 FCPATH\index.php(56): CodeIgniter\Boot::bootWeb(Object(Config\Paths))
WARNING - 2025-08-05 11:43:00 --> [DEPRECATED] Creation of dynamic property App\Controllers\MaterialController::$form_validation is deprecated in APPPATH\Controllers\MaterialController.php on line 19.
 1 SYSTEMPATH\CodeIgniter.php(903): App\Controllers\MaterialController->__construct()
 2 SYSTEMPATH\CodeIgniter.php(500): CodeIgniter\CodeIgniter->createController()
 3 SYSTEMPATH\CodeIgniter.php(355): CodeIgniter\CodeIgniter->handleRequest(null, Object(Config\Cache), false)
 4 SYSTEMPATH\Boot.php(325): CodeIgniter\CodeIgniter->run()
 5 SYSTEMPATH\Boot.php(67): CodeIgniter\Boot::runCodeIgniter(Object(CodeIgniter\CodeIgniter))
 6 FCPATH\index.php(56): CodeIgniter\Boot::bootWeb(Object(Config\Paths))
WARNING - 2025-08-05 11:43:00 --> [DEPRECATED] Creation of dynamic property App\Controllers\MaterialController::$userValidation is deprecated in APPPATH\Controllers\MaterialController.php on line 20.
 1 SYSTEMPATH\CodeIgniter.php(903): App\Controllers\MaterialController->__construct()
 2 SYSTEMPATH\CodeIgniter.php(500): CodeIgniter\CodeIgniter->createController()
 3 SYSTEMPATH\CodeIgniter.php(355): CodeIgniter\CodeIgniter->handleRequest(null, Object(Config\Cache), false)
 4 SYSTEMPATH\Boot.php(325): CodeIgniter\CodeIgniter->run()
 5 SYSTEMPATH\Boot.php(67): CodeIgniter\Boot::runCodeIgniter(Object(CodeIgniter\CodeIgniter))
 6 FCPATH\index.php(56): CodeIgniter\Boot::bootWeb(Object(Config\Paths))
INFO - 2025-08-05 11:43:01 --> Session: Class initialized using 'CodeIgniter\Session\Handlers\FileHandler' driver.
WARNING - 2025-08-05 11:43:01 --> [DEPRECATED] Creation of dynamic property App\Controllers\MaterialController::$db is deprecated in APPPATH\Controllers\MaterialController.php on line 15.
 1 SYSTEMPATH\CodeIgniter.php(903): App\Controllers\MaterialController->__construct()
 2 SYSTEMPATH\CodeIgniter.php(500): CodeIgniter\CodeIgniter->createController()
 3 SYSTEMPATH\CodeIgniter.php(355): CodeIgniter\CodeIgniter->handleRequest(null, Object(Config\Cache), false)
 4 SYSTEMPATH\Boot.php(325): CodeIgniter\CodeIgniter->run()
 5 SYSTEMPATH\Boot.php(67): CodeIgniter\Boot::runCodeIgniter(Object(CodeIgniter\CodeIgniter))
 6 FCPATH\index.php(56): CodeIgniter\Boot::bootWeb(Object(Config\Paths))
WARNING - 2025-08-05 11:43:01 --> [DEPRECATED] Creation of dynamic property App\Controllers\MaterialController::$session is deprecated in APPPATH\Controllers\MaterialController.php on line 16.
 1 SYSTEMPATH\CodeIgniter.php(903): App\Controllers\MaterialController->__construct()
 2 SYSTEMPATH\CodeIgniter.php(500): CodeIgniter\CodeIgniter->createController()
 3 SYSTEMPATH\CodeIgniter.php(355): CodeIgniter\CodeIgniter->handleRequest(null, Object(Config\Cache), false)
 4 SYSTEMPATH\Boot.php(325): CodeIgniter\CodeIgniter->run()
 5 SYSTEMPATH\Boot.php(67): CodeIgniter\Boot::runCodeIgniter(Object(CodeIgniter\CodeIgniter))
 6 FCPATH\index.php(56): CodeIgniter\Boot::bootWeb(Object(Config\Paths))
WARNING - 2025-08-05 11:43:01 --> [DEPRECATED] Creation of dynamic property App\Controllers\MaterialController::$uri is deprecated in APPPATH\Controllers\MaterialController.php on line 17.
 1 SYSTEMPATH\CodeIgniter.php(903): App\Controllers\MaterialController->__construct()
 2 SYSTEMPATH\CodeIgniter.php(500): CodeIgniter\CodeIgniter->createController()
 3 SYSTEMPATH\CodeIgniter.php(355): CodeIgniter\CodeIgniter->handleRequest(null, Object(Config\Cache), false)
 4 SYSTEMPATH\Boot.php(325): CodeIgniter\CodeIgniter->run()
 5 SYSTEMPATH\Boot.php(67): CodeIgniter\Boot::runCodeIgniter(Object(CodeIgniter\CodeIgniter))
 6 FCPATH\index.php(56): CodeIgniter\Boot::bootWeb(Object(Config\Paths))
WARNING - 2025-08-05 11:43:01 --> [DEPRECATED] Creation of dynamic property App\Controllers\MaterialController::$form_validation is deprecated in APPPATH\Controllers\MaterialController.php on line 19.
 1 SYSTEMPATH\CodeIgniter.php(903): App\Controllers\MaterialController->__construct()
 2 SYSTEMPATH\CodeIgniter.php(500): CodeIgniter\CodeIgniter->createController()
 3 SYSTEMPATH\CodeIgniter.php(355): CodeIgniter\CodeIgniter->handleRequest(null, Object(Config\Cache), false)
 4 SYSTEMPATH\Boot.php(325): CodeIgniter\CodeIgniter->run()
 5 SYSTEMPATH\Boot.php(67): CodeIgniter\Boot::runCodeIgniter(Object(CodeIgniter\CodeIgniter))
 6 FCPATH\index.php(56): CodeIgniter\Boot::bootWeb(Object(Config\Paths))
WARNING - 2025-08-05 11:43:01 --> [DEPRECATED] Creation of dynamic property App\Controllers\MaterialController::$userValidation is deprecated in APPPATH\Controllers\MaterialController.php on line 20.
 1 SYSTEMPATH\CodeIgniter.php(903): App\Controllers\MaterialController->__construct()
 2 SYSTEMPATH\CodeIgniter.php(500): CodeIgniter\CodeIgniter->createController()
 3 SYSTEMPATH\CodeIgniter.php(355): CodeIgniter\CodeIgniter->handleRequest(null, Object(Config\Cache), false)
 4 SYSTEMPATH\Boot.php(325): CodeIgniter\CodeIgniter->run()
 5 SYSTEMPATH\Boot.php(67): CodeIgniter\Boot::runCodeIgniter(Object(CodeIgniter\CodeIgniter))
 6 FCPATH\index.php(56): CodeIgniter\Boot::bootWeb(Object(Config\Paths))
INFO - 2025-08-05 11:43:01 --> Session: Class initialized using 'CodeIgniter\Session\Handlers\FileHandler' driver.
WARNING - 2025-08-05 11:43:01 --> [DEPRECATED] Creation of dynamic property App\Controllers\MaterialController::$db is deprecated in APPPATH\Controllers\MaterialController.php on line 15.
 1 SYSTEMPATH\CodeIgniter.php(903): App\Controllers\MaterialController->__construct()
 2 SYSTEMPATH\CodeIgniter.php(500): CodeIgniter\CodeIgniter->createController()
 3 SYSTEMPATH\CodeIgniter.php(355): CodeIgniter\CodeIgniter->handleRequest(null, Object(Config\Cache), false)
 4 SYSTEMPATH\Boot.php(325): CodeIgniter\CodeIgniter->run()
 5 SYSTEMPATH\Boot.php(67): CodeIgniter\Boot::runCodeIgniter(Object(CodeIgniter\CodeIgniter))
 6 FCPATH\index.php(56): CodeIgniter\Boot::bootWeb(Object(Config\Paths))
WARNING - 2025-08-05 11:43:01 --> [DEPRECATED] Creation of dynamic property App\Controllers\MaterialController::$session is deprecated in APPPATH\Controllers\MaterialController.php on line 16.
 1 SYSTEMPATH\CodeIgniter.php(903): App\Controllers\MaterialController->__construct()
 2 SYSTEMPATH\CodeIgniter.php(500): CodeIgniter\CodeIgniter->createController()
 3 SYSTEMPATH\CodeIgniter.php(355): CodeIgniter\CodeIgniter->handleRequest(null, Object(Config\Cache), false)
 4 SYSTEMPATH\Boot.php(325): CodeIgniter\CodeIgniter->run()
 5 SYSTEMPATH\Boot.php(67): CodeIgniter\Boot::runCodeIgniter(Object(CodeIgniter\CodeIgniter))
 6 FCPATH\index.php(56): CodeIgniter\Boot::bootWeb(Object(Config\Paths))
WARNING - 2025-08-05 11:43:01 --> [DEPRECATED] Creation of dynamic property App\Controllers\MaterialController::$uri is deprecated in APPPATH\Controllers\MaterialController.php on line 17.
 1 SYSTEMPATH\CodeIgniter.php(903): App\Controllers\MaterialController->__construct()
 2 SYSTEMPATH\CodeIgniter.php(500): CodeIgniter\CodeIgniter->createController()
 3 SYSTEMPATH\CodeIgniter.php(355): CodeIgniter\CodeIgniter->handleRequest(null, Object(Config\Cache), false)
 4 SYSTEMPATH\Boot.php(325): CodeIgniter\CodeIgniter->run()
 5 SYSTEMPATH\Boot.php(67): CodeIgniter\Boot::runCodeIgniter(Object(CodeIgniter\CodeIgniter))
 6 FCPATH\index.php(56): CodeIgniter\Boot::bootWeb(Object(Config\Paths))
WARNING - 2025-08-05 11:43:01 --> [DEPRECATED] Creation of dynamic property App\Controllers\MaterialController::$form_validation is deprecated in APPPATH\Controllers\MaterialController.php on line 19.
 1 SYSTEMPATH\CodeIgniter.php(903): App\Controllers\MaterialController->__construct()
 2 SYSTEMPATH\CodeIgniter.php(500): CodeIgniter\CodeIgniter->createController()
 3 SYSTEMPATH\CodeIgniter.php(355): CodeIgniter\CodeIgniter->handleRequest(null, Object(Config\Cache), false)
 4 SYSTEMPATH\Boot.php(325): CodeIgniter\CodeIgniter->run()
 5 SYSTEMPATH\Boot.php(67): CodeIgniter\Boot::runCodeIgniter(Object(CodeIgniter\CodeIgniter))
 6 FCPATH\index.php(56): CodeIgniter\Boot::bootWeb(Object(Config\Paths))
WARNING - 2025-08-05 11:43:01 --> [DEPRECATED] Creation of dynamic property App\Controllers\MaterialController::$userValidation is deprecated in APPPATH\Controllers\MaterialController.php on line 20.
 1 SYSTEMPATH\CodeIgniter.php(903): App\Controllers\MaterialController->__construct()
 2 SYSTEMPATH\CodeIgniter.php(500): CodeIgniter\CodeIgniter->createController()
 3 SYSTEMPATH\CodeIgniter.php(355): CodeIgniter\CodeIgniter->handleRequest(null, Object(Config\Cache), false)
 4 SYSTEMPATH\Boot.php(325): CodeIgniter\CodeIgniter->run()
 5 SYSTEMPATH\Boot.php(67): CodeIgniter\Boot::runCodeIgniter(Object(CodeIgniter\CodeIgniter))
 6 FCPATH\index.php(56): CodeIgniter\Boot::bootWeb(Object(Config\Paths))
INFO - 2025-08-05 11:43:02 --> Session: Class initialized using 'CodeIgniter\Session\Handlers\FileHandler' driver.
WARNING - 2025-08-05 11:43:02 --> [DEPRECATED] Creation of dynamic property App\Controllers\MaterialController::$db is deprecated in APPPATH\Controllers\MaterialController.php on line 15.
 1 SYSTEMPATH\CodeIgniter.php(903): App\Controllers\MaterialController->__construct()
 2 SYSTEMPATH\CodeIgniter.php(500): CodeIgniter\CodeIgniter->createController()
 3 SYSTEMPATH\CodeIgniter.php(355): CodeIgniter\CodeIgniter->handleRequest(null, Object(Config\Cache), false)
 4 SYSTEMPATH\Boot.php(325): CodeIgniter\CodeIgniter->run()
 5 SYSTEMPATH\Boot.php(67): CodeIgniter\Boot::runCodeIgniter(Object(CodeIgniter\CodeIgniter))
 6 FCPATH\index.php(56): CodeIgniter\Boot::bootWeb(Object(Config\Paths))
WARNING - 2025-08-05 11:43:02 --> [DEPRECATED] Creation of dynamic property App\Controllers\MaterialController::$session is deprecated in APPPATH\Controllers\MaterialController.php on line 16.
 1 SYSTEMPATH\CodeIgniter.php(903): App\Controllers\MaterialController->__construct()
 2 SYSTEMPATH\CodeIgniter.php(500): CodeIgniter\CodeIgniter->createController()
 3 SYSTEMPATH\CodeIgniter.php(355): CodeIgniter\CodeIgniter->handleRequest(null, Object(Config\Cache), false)
 4 SYSTEMPATH\Boot.php(325): CodeIgniter\CodeIgniter->run()
 5 SYSTEMPATH\Boot.php(67): CodeIgniter\Boot::runCodeIgniter(Object(CodeIgniter\CodeIgniter))
 6 FCPATH\index.php(56): CodeIgniter\Boot::bootWeb(Object(Config\Paths))
WARNING - 2025-08-05 11:43:02 --> [DEPRECATED] Creation of dynamic property App\Controllers\MaterialController::$uri is deprecated in APPPATH\Controllers\MaterialController.php on line 17.
 1 SYSTEMPATH\CodeIgniter.php(903): App\Controllers\MaterialController->__construct()
 2 SYSTEMPATH\CodeIgniter.php(500): CodeIgniter\CodeIgniter->createController()
 3 SYSTEMPATH\CodeIgniter.php(355): CodeIgniter\CodeIgniter->handleRequest(null, Object(Config\Cache), false)
 4 SYSTEMPATH\Boot.php(325): CodeIgniter\CodeIgniter->run()
 5 SYSTEMPATH\Boot.php(67): CodeIgniter\Boot::runCodeIgniter(Object(CodeIgniter\CodeIgniter))
 6 FCPATH\index.php(56): CodeIgniter\Boot::bootWeb(Object(Config\Paths))
WARNING - 2025-08-05 11:43:02 --> [DEPRECATED] Creation of dynamic property App\Controllers\MaterialController::$form_validation is deprecated in APPPATH\Controllers\MaterialController.php on line 19.
 1 SYSTEMPATH\CodeIgniter.php(903): App\Controllers\MaterialController->__construct()
 2 SYSTEMPATH\CodeIgniter.php(500): CodeIgniter\CodeIgniter->createController()
 3 SYSTEMPATH\CodeIgniter.php(355): CodeIgniter\CodeIgniter->handleRequest(null, Object(Config\Cache), false)
 4 SYSTEMPATH\Boot.php(325): CodeIgniter\CodeIgniter->run()
 5 SYSTEMPATH\Boot.php(67): CodeIgniter\Boot::runCodeIgniter(Object(CodeIgniter\CodeIgniter))
 6 FCPATH\index.php(56): CodeIgniter\Boot::bootWeb(Object(Config\Paths))
WARNING - 2025-08-05 11:43:02 --> [DEPRECATED] Creation of dynamic property App\Controllers\MaterialController::$userValidation is deprecated in APPPATH\Controllers\MaterialController.php on line 20.
 1 SYSTEMPATH\CodeIgniter.php(903): App\Controllers\MaterialController->__construct()
 2 SYSTEMPATH\CodeIgniter.php(500): CodeIgniter\CodeIgniter->createController()
 3 SYSTEMPATH\CodeIgniter.php(355): CodeIgniter\CodeIgniter->handleRequest(null, Object(Config\Cache), false)
 4 SYSTEMPATH\Boot.php(325): CodeIgniter\CodeIgniter->run()
 5 SYSTEMPATH\Boot.php(67): CodeIgniter\Boot::runCodeIgniter(Object(CodeIgniter\CodeIgniter))
 6 FCPATH\index.php(56): CodeIgniter\Boot::bootWeb(Object(Config\Paths))
INFO - 2025-08-05 11:43:02 --> Session: Class initialized using 'CodeIgniter\Session\Handlers\FileHandler' driver.
WARNING - 2025-08-05 11:43:02 --> [DEPRECATED] Creation of dynamic property App\Controllers\MaterialController::$db is deprecated in APPPATH\Controllers\MaterialController.php on line 15.
 1 SYSTEMPATH\CodeIgniter.php(903): App\Controllers\MaterialController->__construct()
 2 SYSTEMPATH\CodeIgniter.php(500): CodeIgniter\CodeIgniter->createController()
 3 SYSTEMPATH\CodeIgniter.php(355): CodeIgniter\CodeIgniter->handleRequest(null, Object(Config\Cache), false)
 4 SYSTEMPATH\Boot.php(325): CodeIgniter\CodeIgniter->run()
 5 SYSTEMPATH\Boot.php(67): CodeIgniter\Boot::runCodeIgniter(Object(CodeIgniter\CodeIgniter))
 6 FCPATH\index.php(56): CodeIgniter\Boot::bootWeb(Object(Config\Paths))
WARNING - 2025-08-05 11:43:02 --> [DEPRECATED] Creation of dynamic property App\Controllers\MaterialController::$session is deprecated in APPPATH\Controllers\MaterialController.php on line 16.
 1 SYSTEMPATH\CodeIgniter.php(903): App\Controllers\MaterialController->__construct()
 2 SYSTEMPATH\CodeIgniter.php(500): CodeIgniter\CodeIgniter->createController()
 3 SYSTEMPATH\CodeIgniter.php(355): CodeIgniter\CodeIgniter->handleRequest(null, Object(Config\Cache), false)
 4 SYSTEMPATH\Boot.php(325): CodeIgniter\CodeIgniter->run()
 5 SYSTEMPATH\Boot.php(67): CodeIgniter\Boot::runCodeIgniter(Object(CodeIgniter\CodeIgniter))
 6 FCPATH\index.php(56): CodeIgniter\Boot::bootWeb(Object(Config\Paths))
WARNING - 2025-08-05 11:43:02 --> [DEPRECATED] Creation of dynamic property App\Controllers\MaterialController::$uri is deprecated in APPPATH\Controllers\MaterialController.php on line 17.
 1 SYSTEMPATH\CodeIgniter.php(903): App\Controllers\MaterialController->__construct()
 2 SYSTEMPATH\CodeIgniter.php(500): CodeIgniter\CodeIgniter->createController()
 3 SYSTEMPATH\CodeIgniter.php(355): CodeIgniter\CodeIgniter->handleRequest(null, Object(Config\Cache), false)
 4 SYSTEMPATH\Boot.php(325): CodeIgniter\CodeIgniter->run()
 5 SYSTEMPATH\Boot.php(67): CodeIgniter\Boot::runCodeIgniter(Object(CodeIgniter\CodeIgniter))
 6 FCPATH\index.php(56): CodeIgniter\Boot::bootWeb(Object(Config\Paths))
WARNING - 2025-08-05 11:43:02 --> [DEPRECATED] Creation of dynamic property App\Controllers\MaterialController::$form_validation is deprecated in APPPATH\Controllers\MaterialController.php on line 19.
 1 SYSTEMPATH\CodeIgniter.php(903): App\Controllers\MaterialController->__construct()
 2 SYSTEMPATH\CodeIgniter.php(500): CodeIgniter\CodeIgniter->createController()
 3 SYSTEMPATH\CodeIgniter.php(355): CodeIgniter\CodeIgniter->handleRequest(null, Object(Config\Cache), false)
 4 SYSTEMPATH\Boot.php(325): CodeIgniter\CodeIgniter->run()
 5 SYSTEMPATH\Boot.php(67): CodeIgniter\Boot::runCodeIgniter(Object(CodeIgniter\CodeIgniter))
 6 FCPATH\index.php(56): CodeIgniter\Boot::bootWeb(Object(Config\Paths))
WARNING - 2025-08-05 11:43:02 --> [DEPRECATED] Creation of dynamic property App\Controllers\MaterialController::$userValidation is deprecated in APPPATH\Controllers\MaterialController.php on line 20.
 1 SYSTEMPATH\CodeIgniter.php(903): App\Controllers\MaterialController->__construct()
 2 SYSTEMPATH\CodeIgniter.php(500): CodeIgniter\CodeIgniter->createController()
 3 SYSTEMPATH\CodeIgniter.php(355): CodeIgniter\CodeIgniter->handleRequest(null, Object(Config\Cache), false)
 4 SYSTEMPATH\Boot.php(325): CodeIgniter\CodeIgniter->run()
 5 SYSTEMPATH\Boot.php(67): CodeIgniter\Boot::runCodeIgniter(Object(CodeIgniter\CodeIgniter))
 6 FCPATH\index.php(56): CodeIgniter\Boot::bootWeb(Object(Config\Paths))
INFO - 2025-08-05 11:43:02 --> Session: Class initialized using 'CodeIgniter\Session\Handlers\FileHandler' driver.
WARNING - 2025-08-05 11:43:02 --> [DEPRECATED] Creation of dynamic property App\Controllers\MaterialController::$db is deprecated in APPPATH\Controllers\MaterialController.php on line 15.
 1 SYSTEMPATH\CodeIgniter.php(903): App\Controllers\MaterialController->__construct()
 2 SYSTEMPATH\CodeIgniter.php(500): CodeIgniter\CodeIgniter->createController()
 3 SYSTEMPATH\CodeIgniter.php(355): CodeIgniter\CodeIgniter->handleRequest(null, Object(Config\Cache), false)
 4 SYSTEMPATH\Boot.php(325): CodeIgniter\CodeIgniter->run()
 5 SYSTEMPATH\Boot.php(67): CodeIgniter\Boot::runCodeIgniter(Object(CodeIgniter\CodeIgniter))
 6 FCPATH\index.php(56): CodeIgniter\Boot::bootWeb(Object(Config\Paths))
WARNING - 2025-08-05 11:43:02 --> [DEPRECATED] Creation of dynamic property App\Controllers\MaterialController::$session is deprecated in APPPATH\Controllers\MaterialController.php on line 16.
 1 SYSTEMPATH\CodeIgniter.php(903): App\Controllers\MaterialController->__construct()
 2 SYSTEMPATH\CodeIgniter.php(500): CodeIgniter\CodeIgniter->createController()
 3 SYSTEMPATH\CodeIgniter.php(355): CodeIgniter\CodeIgniter->handleRequest(null, Object(Config\Cache), false)
 4 SYSTEMPATH\Boot.php(325): CodeIgniter\CodeIgniter->run()
 5 SYSTEMPATH\Boot.php(67): CodeIgniter\Boot::runCodeIgniter(Object(CodeIgniter\CodeIgniter))
 6 FCPATH\index.php(56): CodeIgniter\Boot::bootWeb(Object(Config\Paths))
WARNING - 2025-08-05 11:43:02 --> [DEPRECATED] Creation of dynamic property App\Controllers\MaterialController::$uri is deprecated in APPPATH\Controllers\MaterialController.php on line 17.
 1 SYSTEMPATH\CodeIgniter.php(903): App\Controllers\MaterialController->__construct()
 2 SYSTEMPATH\CodeIgniter.php(500): CodeIgniter\CodeIgniter->createController()
 3 SYSTEMPATH\CodeIgniter.php(355): CodeIgniter\CodeIgniter->handleRequest(null, Object(Config\Cache), false)
 4 SYSTEMPATH\Boot.php(325): CodeIgniter\CodeIgniter->run()
 5 SYSTEMPATH\Boot.php(67): CodeIgniter\Boot::runCodeIgniter(Object(CodeIgniter\CodeIgniter))
 6 FCPATH\index.php(56): CodeIgniter\Boot::bootWeb(Object(Config\Paths))
WARNING - 2025-08-05 11:43:02 --> [DEPRECATED] Creation of dynamic property App\Controllers\MaterialController::$form_validation is deprecated in APPPATH\Controllers\MaterialController.php on line 19.
 1 SYSTEMPATH\CodeIgniter.php(903): App\Controllers\MaterialController->__construct()
 2 SYSTEMPATH\CodeIgniter.php(500): CodeIgniter\CodeIgniter->createController()
 3 SYSTEMPATH\CodeIgniter.php(355): CodeIgniter\CodeIgniter->handleRequest(null, Object(Config\Cache), false)
 4 SYSTEMPATH\Boot.php(325): CodeIgniter\CodeIgniter->run()
 5 SYSTEMPATH\Boot.php(67): CodeIgniter\Boot::runCodeIgniter(Object(CodeIgniter\CodeIgniter))
 6 FCPATH\index.php(56): CodeIgniter\Boot::bootWeb(Object(Config\Paths))
WARNING - 2025-08-05 11:43:02 --> [DEPRECATED] Creation of dynamic property App\Controllers\MaterialController::$userValidation is deprecated in APPPATH\Controllers\MaterialController.php on line 20.
 1 SYSTEMPATH\CodeIgniter.php(903): App\Controllers\MaterialController->__construct()
 2 SYSTEMPATH\CodeIgniter.php(500): CodeIgniter\CodeIgniter->createController()
 3 SYSTEMPATH\CodeIgniter.php(355): CodeIgniter\CodeIgniter->handleRequest(null, Object(Config\Cache), false)
 4 SYSTEMPATH\Boot.php(325): CodeIgniter\CodeIgniter->run()
 5 SYSTEMPATH\Boot.php(67): CodeIgniter\Boot::runCodeIgniter(Object(CodeIgniter\CodeIgniter))
 6 FCPATH\index.php(56): CodeIgniter\Boot::bootWeb(Object(Config\Paths))
INFO - 2025-08-05 11:43:03 --> Session: Class initialized using 'CodeIgniter\Session\Handlers\FileHandler' driver.
WARNING - 2025-08-05 11:43:03 --> [DEPRECATED] Creation of dynamic property App\Controllers\MaterialController::$db is deprecated in APPPATH\Controllers\MaterialController.php on line 15.
 1 SYSTEMPATH\CodeIgniter.php(903): App\Controllers\MaterialController->__construct()
 2 SYSTEMPATH\CodeIgniter.php(500): CodeIgniter\CodeIgniter->createController()
 3 SYSTEMPATH\CodeIgniter.php(355): CodeIgniter\CodeIgniter->handleRequest(null, Object(Config\Cache), false)
 4 SYSTEMPATH\Boot.php(325): CodeIgniter\CodeIgniter->run()
 5 SYSTEMPATH\Boot.php(67): CodeIgniter\Boot::runCodeIgniter(Object(CodeIgniter\CodeIgniter))
 6 FCPATH\index.php(56): CodeIgniter\Boot::bootWeb(Object(Config\Paths))
WARNING - 2025-08-05 11:43:03 --> [DEPRECATED] Creation of dynamic property App\Controllers\MaterialController::$session is deprecated in APPPATH\Controllers\MaterialController.php on line 16.
 1 SYSTEMPATH\CodeIgniter.php(903): App\Controllers\MaterialController->__construct()
 2 SYSTEMPATH\CodeIgniter.php(500): CodeIgniter\CodeIgniter->createController()
 3 SYSTEMPATH\CodeIgniter.php(355): CodeIgniter\CodeIgniter->handleRequest(null, Object(Config\Cache), false)
 4 SYSTEMPATH\Boot.php(325): CodeIgniter\CodeIgniter->run()
 5 SYSTEMPATH\Boot.php(67): CodeIgniter\Boot::runCodeIgniter(Object(CodeIgniter\CodeIgniter))
 6 FCPATH\index.php(56): CodeIgniter\Boot::bootWeb(Object(Config\Paths))
WARNING - 2025-08-05 11:43:03 --> [DEPRECATED] Creation of dynamic property App\Controllers\MaterialController::$uri is deprecated in APPPATH\Controllers\MaterialController.php on line 17.
 1 SYSTEMPATH\CodeIgniter.php(903): App\Controllers\MaterialController->__construct()
 2 SYSTEMPATH\CodeIgniter.php(500): CodeIgniter\CodeIgniter->createController()
 3 SYSTEMPATH\CodeIgniter.php(355): CodeIgniter\CodeIgniter->handleRequest(null, Object(Config\Cache), false)
 4 SYSTEMPATH\Boot.php(325): CodeIgniter\CodeIgniter->run()
 5 SYSTEMPATH\Boot.php(67): CodeIgniter\Boot::runCodeIgniter(Object(CodeIgniter\CodeIgniter))
 6 FCPATH\index.php(56): CodeIgniter\Boot::bootWeb(Object(Config\Paths))
WARNING - 2025-08-05 11:43:03 --> [DEPRECATED] Creation of dynamic property App\Controllers\MaterialController::$form_validation is deprecated in APPPATH\Controllers\MaterialController.php on line 19.
 1 SYSTEMPATH\CodeIgniter.php(903): App\Controllers\MaterialController->__construct()
 2 SYSTEMPATH\CodeIgniter.php(500): CodeIgniter\CodeIgniter->createController()
 3 SYSTEMPATH\CodeIgniter.php(355): CodeIgniter\CodeIgniter->handleRequest(null, Object(Config\Cache), false)
 4 SYSTEMPATH\Boot.php(325): CodeIgniter\CodeIgniter->run()
 5 SYSTEMPATH\Boot.php(67): CodeIgniter\Boot::runCodeIgniter(Object(CodeIgniter\CodeIgniter))
 6 FCPATH\index.php(56): CodeIgniter\Boot::bootWeb(Object(Config\Paths))
WARNING - 2025-08-05 11:43:03 --> [DEPRECATED] Creation of dynamic property App\Controllers\MaterialController::$userValidation is deprecated in APPPATH\Controllers\MaterialController.php on line 20.
 1 SYSTEMPATH\CodeIgniter.php(903): App\Controllers\MaterialController->__construct()
 2 SYSTEMPATH\CodeIgniter.php(500): CodeIgniter\CodeIgniter->createController()
 3 SYSTEMPATH\CodeIgniter.php(355): CodeIgniter\CodeIgniter->handleRequest(null, Object(Config\Cache), false)
 4 SYSTEMPATH\Boot.php(325): CodeIgniter\CodeIgniter->run()
 5 SYSTEMPATH\Boot.php(67): CodeIgniter\Boot::runCodeIgniter(Object(CodeIgniter\CodeIgniter))
 6 FCPATH\index.php(56): CodeIgniter\Boot::bootWeb(Object(Config\Paths))
INFO - 2025-08-05 11:43:03 --> Session: Class initialized using 'CodeIgniter\Session\Handlers\FileHandler' driver.
WARNING - 2025-08-05 11:43:03 --> [DEPRECATED] Creation of dynamic property App\Controllers\MaterialController::$db is deprecated in APPPATH\Controllers\MaterialController.php on line 15.
 1 SYSTEMPATH\CodeIgniter.php(903): App\Controllers\MaterialController->__construct()
 2 SYSTEMPATH\CodeIgniter.php(500): CodeIgniter\CodeIgniter->createController()
 3 SYSTEMPATH\CodeIgniter.php(355): CodeIgniter\CodeIgniter->handleRequest(null, Object(Config\Cache), false)
 4 SYSTEMPATH\Boot.php(325): CodeIgniter\CodeIgniter->run()
 5 SYSTEMPATH\Boot.php(67): CodeIgniter\Boot::runCodeIgniter(Object(CodeIgniter\CodeIgniter))
 6 FCPATH\index.php(56): CodeIgniter\Boot::bootWeb(Object(Config\Paths))
WARNING - 2025-08-05 11:43:03 --> [DEPRECATED] Creation of dynamic property App\Controllers\MaterialController::$session is deprecated in APPPATH\Controllers\MaterialController.php on line 16.
 1 SYSTEMPATH\CodeIgniter.php(903): App\Controllers\MaterialController->__construct()
 2 SYSTEMPATH\CodeIgniter.php(500): CodeIgniter\CodeIgniter->createController()
 3 SYSTEMPATH\CodeIgniter.php(355): CodeIgniter\CodeIgniter->handleRequest(null, Object(Config\Cache), false)
 4 SYSTEMPATH\Boot.php(325): CodeIgniter\CodeIgniter->run()
 5 SYSTEMPATH\Boot.php(67): CodeIgniter\Boot::runCodeIgniter(Object(CodeIgniter\CodeIgniter))
 6 FCPATH\index.php(56): CodeIgniter\Boot::bootWeb(Object(Config\Paths))
WARNING - 2025-08-05 11:43:03 --> [DEPRECATED] Creation of dynamic property App\Controllers\MaterialController::$uri is deprecated in APPPATH\Controllers\MaterialController.php on line 17.
 1 SYSTEMPATH\CodeIgniter.php(903): App\Controllers\MaterialController->__construct()
 2 SYSTEMPATH\CodeIgniter.php(500): CodeIgniter\CodeIgniter->createController()
 3 SYSTEMPATH\CodeIgniter.php(355): CodeIgniter\CodeIgniter->handleRequest(null, Object(Config\Cache), false)
 4 SYSTEMPATH\Boot.php(325): CodeIgniter\CodeIgniter->run()
 5 SYSTEMPATH\Boot.php(67): CodeIgniter\Boot::runCodeIgniter(Object(CodeIgniter\CodeIgniter))
 6 FCPATH\index.php(56): CodeIgniter\Boot::bootWeb(Object(Config\Paths))
WARNING - 2025-08-05 11:43:03 --> [DEPRECATED] Creation of dynamic property App\Controllers\MaterialController::$form_validation is deprecated in APPPATH\Controllers\MaterialController.php on line 19.
 1 SYSTEMPATH\CodeIgniter.php(903): App\Controllers\MaterialController->__construct()
 2 SYSTEMPATH\CodeIgniter.php(500): CodeIgniter\CodeIgniter->createController()
 3 SYSTEMPATH\CodeIgniter.php(355): CodeIgniter\CodeIgniter->handleRequest(null, Object(Config\Cache), false)
 4 SYSTEMPATH\Boot.php(325): CodeIgniter\CodeIgniter->run()
 5 SYSTEMPATH\Boot.php(67): CodeIgniter\Boot::runCodeIgniter(Object(CodeIgniter\CodeIgniter))
 6 FCPATH\index.php(56): CodeIgniter\Boot::bootWeb(Object(Config\Paths))
WARNING - 2025-08-05 11:43:03 --> [DEPRECATED] Creation of dynamic property App\Controllers\MaterialController::$userValidation is deprecated in APPPATH\Controllers\MaterialController.php on line 20.
 1 SYSTEMPATH\CodeIgniter.php(903): App\Controllers\MaterialController->__construct()
 2 SYSTEMPATH\CodeIgniter.php(500): CodeIgniter\CodeIgniter->createController()
 3 SYSTEMPATH\CodeIgniter.php(355): CodeIgniter\CodeIgniter->handleRequest(null, Object(Config\Cache), false)
 4 SYSTEMPATH\Boot.php(325): CodeIgniter\CodeIgniter->run()
 5 SYSTEMPATH\Boot.php(67): CodeIgniter\Boot::runCodeIgniter(Object(CodeIgniter\CodeIgniter))
 6 FCPATH\index.php(56): CodeIgniter\Boot::bootWeb(Object(Config\Paths))
INFO - 2025-08-05 11:43:04 --> Session: Class initialized using 'CodeIgniter\Session\Handlers\FileHandler' driver.
WARNING - 2025-08-05 11:43:04 --> [DEPRECATED] Creation of dynamic property App\Controllers\MaterialController::$db is deprecated in APPPATH\Controllers\MaterialController.php on line 15.
 1 SYSTEMPATH\CodeIgniter.php(903): App\Controllers\MaterialController->__construct()
 2 SYSTEMPATH\CodeIgniter.php(500): CodeIgniter\CodeIgniter->createController()
 3 SYSTEMPATH\CodeIgniter.php(355): CodeIgniter\CodeIgniter->handleRequest(null, Object(Config\Cache), false)
 4 SYSTEMPATH\Boot.php(325): CodeIgniter\CodeIgniter->run()
 5 SYSTEMPATH\Boot.php(67): CodeIgniter\Boot::runCodeIgniter(Object(CodeIgniter\CodeIgniter))
 6 FCPATH\index.php(56): CodeIgniter\Boot::bootWeb(Object(Config\Paths))
WARNING - 2025-08-05 11:43:04 --> [DEPRECATED] Creation of dynamic property App\Controllers\MaterialController::$session is deprecated in APPPATH\Controllers\MaterialController.php on line 16.
 1 SYSTEMPATH\CodeIgniter.php(903): App\Controllers\MaterialController->__construct()
 2 SYSTEMPATH\CodeIgniter.php(500): CodeIgniter\CodeIgniter->createController()
 3 SYSTEMPATH\CodeIgniter.php(355): CodeIgniter\CodeIgniter->handleRequest(null, Object(Config\Cache), false)
 4 SYSTEMPATH\Boot.php(325): CodeIgniter\CodeIgniter->run()
 5 SYSTEMPATH\Boot.php(67): CodeIgniter\Boot::runCodeIgniter(Object(CodeIgniter\CodeIgniter))
 6 FCPATH\index.php(56): CodeIgniter\Boot::bootWeb(Object(Config\Paths))
WARNING - 2025-08-05 11:43:04 --> [DEPRECATED] Creation of dynamic property App\Controllers\MaterialController::$uri is deprecated in APPPATH\Controllers\MaterialController.php on line 17.
 1 SYSTEMPATH\CodeIgniter.php(903): App\Controllers\MaterialController->__construct()
 2 SYSTEMPATH\CodeIgniter.php(500): CodeIgniter\CodeIgniter->createController()
 3 SYSTEMPATH\CodeIgniter.php(355): CodeIgniter\CodeIgniter->handleRequest(null, Object(Config\Cache), false)
 4 SYSTEMPATH\Boot.php(325): CodeIgniter\CodeIgniter->run()
 5 SYSTEMPATH\Boot.php(67): CodeIgniter\Boot::runCodeIgniter(Object(CodeIgniter\CodeIgniter))
 6 FCPATH\index.php(56): CodeIgniter\Boot::bootWeb(Object(Config\Paths))
WARNING - 2025-08-05 11:43:04 --> [DEPRECATED] Creation of dynamic property App\Controllers\MaterialController::$form_validation is deprecated in APPPATH\Controllers\MaterialController.php on line 19.
 1 SYSTEMPATH\CodeIgniter.php(903): App\Controllers\MaterialController->__construct()
 2 SYSTEMPATH\CodeIgniter.php(500): CodeIgniter\CodeIgniter->createController()
 3 SYSTEMPATH\CodeIgniter.php(355): CodeIgniter\CodeIgniter->handleRequest(null, Object(Config\Cache), false)
 4 SYSTEMPATH\Boot.php(325): CodeIgniter\CodeIgniter->run()
 5 SYSTEMPATH\Boot.php(67): CodeIgniter\Boot::runCodeIgniter(Object(CodeIgniter\CodeIgniter))
 6 FCPATH\index.php(56): CodeIgniter\Boot::bootWeb(Object(Config\Paths))
WARNING - 2025-08-05 11:43:04 --> [DEPRECATED] Creation of dynamic property App\Controllers\MaterialController::$userValidation is deprecated in APPPATH\Controllers\MaterialController.php on line 20.
 1 SYSTEMPATH\CodeIgniter.php(903): App\Controllers\MaterialController->__construct()
 2 SYSTEMPATH\CodeIgniter.php(500): CodeIgniter\CodeIgniter->createController()
 3 SYSTEMPATH\CodeIgniter.php(355): CodeIgniter\CodeIgniter->handleRequest(null, Object(Config\Cache), false)
 4 SYSTEMPATH\Boot.php(325): CodeIgniter\CodeIgniter->run()
 5 SYSTEMPATH\Boot.php(67): CodeIgniter\Boot::runCodeIgniter(Object(CodeIgniter\CodeIgniter))
 6 FCPATH\index.php(56): CodeIgniter\Boot::bootWeb(Object(Config\Paths))
INFO - 2025-08-05 11:43:58 --> Session: Class initialized using 'CodeIgniter\Session\Handlers\FileHandler' driver.
WARNING - 2025-08-05 11:43:58 --> [DEPRECATED] Creation of dynamic property App\Controllers\MaterialController::$db is deprecated in APPPATH\Controllers\MaterialController.php on line 15.
 1 SYSTEMPATH\CodeIgniter.php(903): App\Controllers\MaterialController->__construct()
 2 SYSTEMPATH\CodeIgniter.php(500): CodeIgniter\CodeIgniter->createController()
 3 SYSTEMPATH\CodeIgniter.php(355): CodeIgniter\CodeIgniter->handleRequest(null, Object(Config\Cache), false)
 4 SYSTEMPATH\Boot.php(325): CodeIgniter\CodeIgniter->run()
 5 SYSTEMPATH\Boot.php(67): CodeIgniter\Boot::runCodeIgniter(Object(CodeIgniter\CodeIgniter))
 6 FCPATH\index.php(56): CodeIgniter\Boot::bootWeb(Object(Config\Paths))
WARNING - 2025-08-05 11:43:58 --> [DEPRECATED] Creation of dynamic property App\Controllers\MaterialController::$session is deprecated in APPPATH\Controllers\MaterialController.php on line 16.
 1 SYSTEMPATH\CodeIgniter.php(903): App\Controllers\MaterialController->__construct()
 2 SYSTEMPATH\CodeIgniter.php(500): CodeIgniter\CodeIgniter->createController()
 3 SYSTEMPATH\CodeIgniter.php(355): CodeIgniter\CodeIgniter->handleRequest(null, Object(Config\Cache), false)
 4 SYSTEMPATH\Boot.php(325): CodeIgniter\CodeIgniter->run()
 5 SYSTEMPATH\Boot.php(67): CodeIgniter\Boot::runCodeIgniter(Object(CodeIgniter\CodeIgniter))
 6 FCPATH\index.php(56): CodeIgniter\Boot::bootWeb(Object(Config\Paths))
WARNING - 2025-08-05 11:43:58 --> [DEPRECATED] Creation of dynamic property App\Controllers\MaterialController::$uri is deprecated in APPPATH\Controllers\MaterialController.php on line 17.
 1 SYSTEMPATH\CodeIgniter.php(903): App\Controllers\MaterialController->__construct()
 2 SYSTEMPATH\CodeIgniter.php(500): CodeIgniter\CodeIgniter->createController()
 3 SYSTEMPATH\CodeIgniter.php(355): CodeIgniter\CodeIgniter->handleRequest(null, Object(Config\Cache), false)
 4 SYSTEMPATH\Boot.php(325): CodeIgniter\CodeIgniter->run()
 5 SYSTEMPATH\Boot.php(67): CodeIgniter\Boot::runCodeIgniter(Object(CodeIgniter\CodeIgniter))
 6 FCPATH\index.php(56): CodeIgniter\Boot::bootWeb(Object(Config\Paths))
WARNING - 2025-08-05 11:43:58 --> [DEPRECATED] Creation of dynamic property App\Controllers\MaterialController::$form_validation is deprecated in APPPATH\Controllers\MaterialController.php on line 19.
 1 SYSTEMPATH\CodeIgniter.php(903): App\Controllers\MaterialController->__construct()
 2 SYSTEMPATH\CodeIgniter.php(500): CodeIgniter\CodeIgniter->createController()
 3 SYSTEMPATH\CodeIgniter.php(355): CodeIgniter\CodeIgniter->handleRequest(null, Object(Config\Cache), false)
 4 SYSTEMPATH\Boot.php(325): CodeIgniter\CodeIgniter->run()
 5 SYSTEMPATH\Boot.php(67): CodeIgniter\Boot::runCodeIgniter(Object(CodeIgniter\CodeIgniter))
 6 FCPATH\index.php(56): CodeIgniter\Boot::bootWeb(Object(Config\Paths))
WARNING - 2025-08-05 11:43:58 --> [DEPRECATED] Creation of dynamic property App\Controllers\MaterialController::$userValidation is deprecated in APPPATH\Controllers\MaterialController.php on line 20.
 1 SYSTEMPATH\CodeIgniter.php(903): App\Controllers\MaterialController->__construct()
 2 SYSTEMPATH\CodeIgniter.php(500): CodeIgniter\CodeIgniter->createController()
 3 SYSTEMPATH\CodeIgniter.php(355): CodeIgniter\CodeIgniter->handleRequest(null, Object(Config\Cache), false)
 4 SYSTEMPATH\Boot.php(325): CodeIgniter\CodeIgniter->run()
 5 SYSTEMPATH\Boot.php(67): CodeIgniter\Boot::runCodeIgniter(Object(CodeIgniter\CodeIgniter))
 6 FCPATH\index.php(56): CodeIgniter\Boot::bootWeb(Object(Config\Paths))
INFO - 2025-08-05 11:43:58 --> Session: Class initialized using 'CodeIgniter\Session\Handlers\FileHandler' driver.
WARNING - 2025-08-05 11:43:58 --> [DEPRECATED] Creation of dynamic property App\Controllers\MaterialController::$db is deprecated in APPPATH\Controllers\MaterialController.php on line 15.
 1 SYSTEMPATH\CodeIgniter.php(903): App\Controllers\MaterialController->__construct()
 2 SYSTEMPATH\CodeIgniter.php(500): CodeIgniter\CodeIgniter->createController()
 3 SYSTEMPATH\CodeIgniter.php(355): CodeIgniter\CodeIgniter->handleRequest(null, Object(Config\Cache), false)
 4 SYSTEMPATH\Boot.php(325): CodeIgniter\CodeIgniter->run()
 5 SYSTEMPATH\Boot.php(67): CodeIgniter\Boot::runCodeIgniter(Object(CodeIgniter\CodeIgniter))
 6 FCPATH\index.php(56): CodeIgniter\Boot::bootWeb(Object(Config\Paths))
WARNING - 2025-08-05 11:43:58 --> [DEPRECATED] Creation of dynamic property App\Controllers\MaterialController::$session is deprecated in APPPATH\Controllers\MaterialController.php on line 16.
 1 SYSTEMPATH\CodeIgniter.php(903): App\Controllers\MaterialController->__construct()
 2 SYSTEMPATH\CodeIgniter.php(500): CodeIgniter\CodeIgniter->createController()
 3 SYSTEMPATH\CodeIgniter.php(355): CodeIgniter\CodeIgniter->handleRequest(null, Object(Config\Cache), false)
 4 SYSTEMPATH\Boot.php(325): CodeIgniter\CodeIgniter->run()
 5 SYSTEMPATH\Boot.php(67): CodeIgniter\Boot::runCodeIgniter(Object(CodeIgniter\CodeIgniter))
 6 FCPATH\index.php(56): CodeIgniter\Boot::bootWeb(Object(Config\Paths))
WARNING - 2025-08-05 11:43:58 --> [DEPRECATED] Creation of dynamic property App\Controllers\MaterialController::$uri is deprecated in APPPATH\Controllers\MaterialController.php on line 17.
 1 SYSTEMPATH\CodeIgniter.php(903): App\Controllers\MaterialController->__construct()
 2 SYSTEMPATH\CodeIgniter.php(500): CodeIgniter\CodeIgniter->createController()
 3 SYSTEMPATH\CodeIgniter.php(355): CodeIgniter\CodeIgniter->handleRequest(null, Object(Config\Cache), false)
 4 SYSTEMPATH\Boot.php(325): CodeIgniter\CodeIgniter->run()
 5 SYSTEMPATH\Boot.php(67): CodeIgniter\Boot::runCodeIgniter(Object(CodeIgniter\CodeIgniter))
 6 FCPATH\index.php(56): CodeIgniter\Boot::bootWeb(Object(Config\Paths))
WARNING - 2025-08-05 11:43:58 --> [DEPRECATED] Creation of dynamic property App\Controllers\MaterialController::$form_validation is deprecated in APPPATH\Controllers\MaterialController.php on line 19.
 1 SYSTEMPATH\CodeIgniter.php(903): App\Controllers\MaterialController->__construct()
 2 SYSTEMPATH\CodeIgniter.php(500): CodeIgniter\CodeIgniter->createController()
 3 SYSTEMPATH\CodeIgniter.php(355): CodeIgniter\CodeIgniter->handleRequest(null, Object(Config\Cache), false)
 4 SYSTEMPATH\Boot.php(325): CodeIgniter\CodeIgniter->run()
 5 SYSTEMPATH\Boot.php(67): CodeIgniter\Boot::runCodeIgniter(Object(CodeIgniter\CodeIgniter))
 6 FCPATH\index.php(56): CodeIgniter\Boot::bootWeb(Object(Config\Paths))
WARNING - 2025-08-05 11:43:58 --> [DEPRECATED] Creation of dynamic property App\Controllers\MaterialController::$userValidation is deprecated in APPPATH\Controllers\MaterialController.php on line 20.
 1 SYSTEMPATH\CodeIgniter.php(903): App\Controllers\MaterialController->__construct()
 2 SYSTEMPATH\CodeIgniter.php(500): CodeIgniter\CodeIgniter->createController()
 3 SYSTEMPATH\CodeIgniter.php(355): CodeIgniter\CodeIgniter->handleRequest(null, Object(Config\Cache), false)
 4 SYSTEMPATH\Boot.php(325): CodeIgniter\CodeIgniter->run()
 5 SYSTEMPATH\Boot.php(67): CodeIgniter\Boot::runCodeIgniter(Object(CodeIgniter\CodeIgniter))
 6 FCPATH\index.php(56): CodeIgniter\Boot::bootWeb(Object(Config\Paths))
INFO - 2025-08-05 11:43:59 --> Session: Class initialized using 'CodeIgniter\Session\Handlers\FileHandler' driver.
WARNING - 2025-08-05 11:43:59 --> [DEPRECATED] Creation of dynamic property App\Controllers\MaterialController::$db is deprecated in APPPATH\Controllers\MaterialController.php on line 15.
 1 SYSTEMPATH\CodeIgniter.php(903): App\Controllers\MaterialController->__construct()
 2 SYSTEMPATH\CodeIgniter.php(500): CodeIgniter\CodeIgniter->createController()
 3 SYSTEMPATH\CodeIgniter.php(355): CodeIgniter\CodeIgniter->handleRequest(null, Object(Config\Cache), false)
 4 SYSTEMPATH\Boot.php(325): CodeIgniter\CodeIgniter->run()
 5 SYSTEMPATH\Boot.php(67): CodeIgniter\Boot::runCodeIgniter(Object(CodeIgniter\CodeIgniter))
 6 FCPATH\index.php(56): CodeIgniter\Boot::bootWeb(Object(Config\Paths))
WARNING - 2025-08-05 11:43:59 --> [DEPRECATED] Creation of dynamic property App\Controllers\MaterialController::$session is deprecated in APPPATH\Controllers\MaterialController.php on line 16.
 1 SYSTEMPATH\CodeIgniter.php(903): App\Controllers\MaterialController->__construct()
 2 SYSTEMPATH\CodeIgniter.php(500): CodeIgniter\CodeIgniter->createController()
 3 SYSTEMPATH\CodeIgniter.php(355): CodeIgniter\CodeIgniter->handleRequest(null, Object(Config\Cache), false)
 4 SYSTEMPATH\Boot.php(325): CodeIgniter\CodeIgniter->run()
 5 SYSTEMPATH\Boot.php(67): CodeIgniter\Boot::runCodeIgniter(Object(CodeIgniter\CodeIgniter))
 6 FCPATH\index.php(56): CodeIgniter\Boot::bootWeb(Object(Config\Paths))
WARNING - 2025-08-05 11:43:59 --> [DEPRECATED] Creation of dynamic property App\Controllers\MaterialController::$uri is deprecated in APPPATH\Controllers\MaterialController.php on line 17.
 1 SYSTEMPATH\CodeIgniter.php(903): App\Controllers\MaterialController->__construct()
 2 SYSTEMPATH\CodeIgniter.php(500): CodeIgniter\CodeIgniter->createController()
 3 SYSTEMPATH\CodeIgniter.php(355): CodeIgniter\CodeIgniter->handleRequest(null, Object(Config\Cache), false)
 4 SYSTEMPATH\Boot.php(325): CodeIgniter\CodeIgniter->run()
 5 SYSTEMPATH\Boot.php(67): CodeIgniter\Boot::runCodeIgniter(Object(CodeIgniter\CodeIgniter))
 6 FCPATH\index.php(56): CodeIgniter\Boot::bootWeb(Object(Config\Paths))
WARNING - 2025-08-05 11:43:59 --> [DEPRECATED] Creation of dynamic property App\Controllers\MaterialController::$form_validation is deprecated in APPPATH\Controllers\MaterialController.php on line 19.
 1 SYSTEMPATH\CodeIgniter.php(903): App\Controllers\MaterialController->__construct()
 2 SYSTEMPATH\CodeIgniter.php(500): CodeIgniter\CodeIgniter->createController()
 3 SYSTEMPATH\CodeIgniter.php(355): CodeIgniter\CodeIgniter->handleRequest(null, Object(Config\Cache), false)
 4 SYSTEMPATH\Boot.php(325): CodeIgniter\CodeIgniter->run()
 5 SYSTEMPATH\Boot.php(67): CodeIgniter\Boot::runCodeIgniter(Object(CodeIgniter\CodeIgniter))
 6 FCPATH\index.php(56): CodeIgniter\Boot::bootWeb(Object(Config\Paths))
WARNING - 2025-08-05 11:43:59 --> [DEPRECATED] Creation of dynamic property App\Controllers\MaterialController::$userValidation is deprecated in APPPATH\Controllers\MaterialController.php on line 20.
 1 SYSTEMPATH\CodeIgniter.php(903): App\Controllers\MaterialController->__construct()
 2 SYSTEMPATH\CodeIgniter.php(500): CodeIgniter\CodeIgniter->createController()
 3 SYSTEMPATH\CodeIgniter.php(355): CodeIgniter\CodeIgniter->handleRequest(null, Object(Config\Cache), false)
 4 SYSTEMPATH\Boot.php(325): CodeIgniter\CodeIgniter->run()
 5 SYSTEMPATH\Boot.php(67): CodeIgniter\Boot::runCodeIgniter(Object(CodeIgniter\CodeIgniter))
 6 FCPATH\index.php(56): CodeIgniter\Boot::bootWeb(Object(Config\Paths))
INFO - 2025-08-05 11:43:59 --> Session: Class initialized using 'CodeIgniter\Session\Handlers\FileHandler' driver.
WARNING - 2025-08-05 11:43:59 --> [DEPRECATED] Creation of dynamic property App\Controllers\MaterialController::$db is deprecated in APPPATH\Controllers\MaterialController.php on line 15.
 1 SYSTEMPATH\CodeIgniter.php(903): App\Controllers\MaterialController->__construct()
 2 SYSTEMPATH\CodeIgniter.php(500): CodeIgniter\CodeIgniter->createController()
 3 SYSTEMPATH\CodeIgniter.php(355): CodeIgniter\CodeIgniter->handleRequest(null, Object(Config\Cache), false)
 4 SYSTEMPATH\Boot.php(325): CodeIgniter\CodeIgniter->run()
 5 SYSTEMPATH\Boot.php(67): CodeIgniter\Boot::runCodeIgniter(Object(CodeIgniter\CodeIgniter))
 6 FCPATH\index.php(56): CodeIgniter\Boot::bootWeb(Object(Config\Paths))
WARNING - 2025-08-05 11:43:59 --> [DEPRECATED] Creation of dynamic property App\Controllers\MaterialController::$session is deprecated in APPPATH\Controllers\MaterialController.php on line 16.
 1 SYSTEMPATH\CodeIgniter.php(903): App\Controllers\MaterialController->__construct()
 2 SYSTEMPATH\CodeIgniter.php(500): CodeIgniter\CodeIgniter->createController()
 3 SYSTEMPATH\CodeIgniter.php(355): CodeIgniter\CodeIgniter->handleRequest(null, Object(Config\Cache), false)
 4 SYSTEMPATH\Boot.php(325): CodeIgniter\CodeIgniter->run()
 5 SYSTEMPATH\Boot.php(67): CodeIgniter\Boot::runCodeIgniter(Object(CodeIgniter\CodeIgniter))
 6 FCPATH\index.php(56): CodeIgniter\Boot::bootWeb(Object(Config\Paths))
WARNING - 2025-08-05 11:43:59 --> [DEPRECATED] Creation of dynamic property App\Controllers\MaterialController::$uri is deprecated in APPPATH\Controllers\MaterialController.php on line 17.
 1 SYSTEMPATH\CodeIgniter.php(903): App\Controllers\MaterialController->__construct()
 2 SYSTEMPATH\CodeIgniter.php(500): CodeIgniter\CodeIgniter->createController()
 3 SYSTEMPATH\CodeIgniter.php(355): CodeIgniter\CodeIgniter->handleRequest(null, Object(Config\Cache), false)
 4 SYSTEMPATH\Boot.php(325): CodeIgniter\CodeIgniter->run()
 5 SYSTEMPATH\Boot.php(67): CodeIgniter\Boot::runCodeIgniter(Object(CodeIgniter\CodeIgniter))
 6 FCPATH\index.php(56): CodeIgniter\Boot::bootWeb(Object(Config\Paths))
WARNING - 2025-08-05 11:43:59 --> [DEPRECATED] Creation of dynamic property App\Controllers\MaterialController::$form_validation is deprecated in APPPATH\Controllers\MaterialController.php on line 19.
 1 SYSTEMPATH\CodeIgniter.php(903): App\Controllers\MaterialController->__construct()
 2 SYSTEMPATH\CodeIgniter.php(500): CodeIgniter\CodeIgniter->createController()
 3 SYSTEMPATH\CodeIgniter.php(355): CodeIgniter\CodeIgniter->handleRequest(null, Object(Config\Cache), false)
 4 SYSTEMPATH\Boot.php(325): CodeIgniter\CodeIgniter->run()
 5 SYSTEMPATH\Boot.php(67): CodeIgniter\Boot::runCodeIgniter(Object(CodeIgniter\CodeIgniter))
 6 FCPATH\index.php(56): CodeIgniter\Boot::bootWeb(Object(Config\Paths))
WARNING - 2025-08-05 11:43:59 --> [DEPRECATED] Creation of dynamic property App\Controllers\MaterialController::$userValidation is deprecated in APPPATH\Controllers\MaterialController.php on line 20.
 1 SYSTEMPATH\CodeIgniter.php(903): App\Controllers\MaterialController->__construct()
 2 SYSTEMPATH\CodeIgniter.php(500): CodeIgniter\CodeIgniter->createController()
 3 SYSTEMPATH\CodeIgniter.php(355): CodeIgniter\CodeIgniter->handleRequest(null, Object(Config\Cache), false)
 4 SYSTEMPATH\Boot.php(325): CodeIgniter\CodeIgniter->run()
 5 SYSTEMPATH\Boot.php(67): CodeIgniter\Boot::runCodeIgniter(Object(CodeIgniter\CodeIgniter))
 6 FCPATH\index.php(56): CodeIgniter\Boot::bootWeb(Object(Config\Paths))
INFO - 2025-08-05 11:44:00 --> Session: Class initialized using 'CodeIgniter\Session\Handlers\FileHandler' driver.
WARNING - 2025-08-05 11:44:00 --> [DEPRECATED] Creation of dynamic property App\Controllers\MaterialController::$db is deprecated in APPPATH\Controllers\MaterialController.php on line 15.
 1 SYSTEMPATH\CodeIgniter.php(903): App\Controllers\MaterialController->__construct()
 2 SYSTEMPATH\CodeIgniter.php(500): CodeIgniter\CodeIgniter->createController()
 3 SYSTEMPATH\CodeIgniter.php(355): CodeIgniter\CodeIgniter->handleRequest(null, Object(Config\Cache), false)
 4 SYSTEMPATH\Boot.php(325): CodeIgniter\CodeIgniter->run()
 5 SYSTEMPATH\Boot.php(67): CodeIgniter\Boot::runCodeIgniter(Object(CodeIgniter\CodeIgniter))
 6 FCPATH\index.php(56): CodeIgniter\Boot::bootWeb(Object(Config\Paths))
WARNING - 2025-08-05 11:44:00 --> [DEPRECATED] Creation of dynamic property App\Controllers\MaterialController::$session is deprecated in APPPATH\Controllers\MaterialController.php on line 16.
 1 SYSTEMPATH\CodeIgniter.php(903): App\Controllers\MaterialController->__construct()
 2 SYSTEMPATH\CodeIgniter.php(500): CodeIgniter\CodeIgniter->createController()
 3 SYSTEMPATH\CodeIgniter.php(355): CodeIgniter\CodeIgniter->handleRequest(null, Object(Config\Cache), false)
 4 SYSTEMPATH\Boot.php(325): CodeIgniter\CodeIgniter->run()
 5 SYSTEMPATH\Boot.php(67): CodeIgniter\Boot::runCodeIgniter(Object(CodeIgniter\CodeIgniter))
 6 FCPATH\index.php(56): CodeIgniter\Boot::bootWeb(Object(Config\Paths))
WARNING - 2025-08-05 11:44:00 --> [DEPRECATED] Creation of dynamic property App\Controllers\MaterialController::$uri is deprecated in APPPATH\Controllers\MaterialController.php on line 17.
 1 SYSTEMPATH\CodeIgniter.php(903): App\Controllers\MaterialController->__construct()
 2 SYSTEMPATH\CodeIgniter.php(500): CodeIgniter\CodeIgniter->createController()
 3 SYSTEMPATH\CodeIgniter.php(355): CodeIgniter\CodeIgniter->handleRequest(null, Object(Config\Cache), false)
 4 SYSTEMPATH\Boot.php(325): CodeIgniter\CodeIgniter->run()
 5 SYSTEMPATH\Boot.php(67): CodeIgniter\Boot::runCodeIgniter(Object(CodeIgniter\CodeIgniter))
 6 FCPATH\index.php(56): CodeIgniter\Boot::bootWeb(Object(Config\Paths))
WARNING - 2025-08-05 11:44:00 --> [DEPRECATED] Creation of dynamic property App\Controllers\MaterialController::$form_validation is deprecated in APPPATH\Controllers\MaterialController.php on line 19.
 1 SYSTEMPATH\CodeIgniter.php(903): App\Controllers\MaterialController->__construct()
 2 SYSTEMPATH\CodeIgniter.php(500): CodeIgniter\CodeIgniter->createController()
 3 SYSTEMPATH\CodeIgniter.php(355): CodeIgniter\CodeIgniter->handleRequest(null, Object(Config\Cache), false)
 4 SYSTEMPATH\Boot.php(325): CodeIgniter\CodeIgniter->run()
 5 SYSTEMPATH\Boot.php(67): CodeIgniter\Boot::runCodeIgniter(Object(CodeIgniter\CodeIgniter))
 6 FCPATH\index.php(56): CodeIgniter\Boot::bootWeb(Object(Config\Paths))
WARNING - 2025-08-05 11:44:00 --> [DEPRECATED] Creation of dynamic property App\Controllers\MaterialController::$userValidation is deprecated in APPPATH\Controllers\MaterialController.php on line 20.
 1 SYSTEMPATH\CodeIgniter.php(903): App\Controllers\MaterialController->__construct()
 2 SYSTEMPATH\CodeIgniter.php(500): CodeIgniter\CodeIgniter->createController()
 3 SYSTEMPATH\CodeIgniter.php(355): CodeIgniter\CodeIgniter->handleRequest(null, Object(Config\Cache), false)
 4 SYSTEMPATH\Boot.php(325): CodeIgniter\CodeIgniter->run()
 5 SYSTEMPATH\Boot.php(67): CodeIgniter\Boot::runCodeIgniter(Object(CodeIgniter\CodeIgniter))
 6 FCPATH\index.php(56): CodeIgniter\Boot::bootWeb(Object(Config\Paths))
INFO - 2025-08-05 11:44:01 --> Session: Class initialized using 'CodeIgniter\Session\Handlers\FileHandler' driver.
WARNING - 2025-08-05 11:44:01 --> [DEPRECATED] Creation of dynamic property App\Controllers\MaterialController::$db is deprecated in APPPATH\Controllers\MaterialController.php on line 15.
 1 SYSTEMPATH\CodeIgniter.php(903): App\Controllers\MaterialController->__construct()
 2 SYSTEMPATH\CodeIgniter.php(500): CodeIgniter\CodeIgniter->createController()
 3 SYSTEMPATH\CodeIgniter.php(355): CodeIgniter\CodeIgniter->handleRequest(null, Object(Config\Cache), false)
 4 SYSTEMPATH\Boot.php(325): CodeIgniter\CodeIgniter->run()
 5 SYSTEMPATH\Boot.php(67): CodeIgniter\Boot::runCodeIgniter(Object(CodeIgniter\CodeIgniter))
 6 FCPATH\index.php(56): CodeIgniter\Boot::bootWeb(Object(Config\Paths))
WARNING - 2025-08-05 11:44:01 --> [DEPRECATED] Creation of dynamic property App\Controllers\MaterialController::$session is deprecated in APPPATH\Controllers\MaterialController.php on line 16.
 1 SYSTEMPATH\CodeIgniter.php(903): App\Controllers\MaterialController->__construct()
 2 SYSTEMPATH\CodeIgniter.php(500): CodeIgniter\CodeIgniter->createController()
 3 SYSTEMPATH\CodeIgniter.php(355): CodeIgniter\CodeIgniter->handleRequest(null, Object(Config\Cache), false)
 4 SYSTEMPATH\Boot.php(325): CodeIgniter\CodeIgniter->run()
 5 SYSTEMPATH\Boot.php(67): CodeIgniter\Boot::runCodeIgniter(Object(CodeIgniter\CodeIgniter))
 6 FCPATH\index.php(56): CodeIgniter\Boot::bootWeb(Object(Config\Paths))
WARNING - 2025-08-05 11:44:01 --> [DEPRECATED] Creation of dynamic property App\Controllers\MaterialController::$uri is deprecated in APPPATH\Controllers\MaterialController.php on line 17.
 1 SYSTEMPATH\CodeIgniter.php(903): App\Controllers\MaterialController->__construct()
 2 SYSTEMPATH\CodeIgniter.php(500): CodeIgniter\CodeIgniter->createController()
 3 SYSTEMPATH\CodeIgniter.php(355): CodeIgniter\CodeIgniter->handleRequest(null, Object(Config\Cache), false)
 4 SYSTEMPATH\Boot.php(325): CodeIgniter\CodeIgniter->run()
 5 SYSTEMPATH\Boot.php(67): CodeIgniter\Boot::runCodeIgniter(Object(CodeIgniter\CodeIgniter))
 6 FCPATH\index.php(56): CodeIgniter\Boot::bootWeb(Object(Config\Paths))
WARNING - 2025-08-05 11:44:01 --> [DEPRECATED] Creation of dynamic property App\Controllers\MaterialController::$form_validation is deprecated in APPPATH\Controllers\MaterialController.php on line 19.
 1 SYSTEMPATH\CodeIgniter.php(903): App\Controllers\MaterialController->__construct()
 2 SYSTEMPATH\CodeIgniter.php(500): CodeIgniter\CodeIgniter->createController()
 3 SYSTEMPATH\CodeIgniter.php(355): CodeIgniter\CodeIgniter->handleRequest(null, Object(Config\Cache), false)
 4 SYSTEMPATH\Boot.php(325): CodeIgniter\CodeIgniter->run()
 5 SYSTEMPATH\Boot.php(67): CodeIgniter\Boot::runCodeIgniter(Object(CodeIgniter\CodeIgniter))
 6 FCPATH\index.php(56): CodeIgniter\Boot::bootWeb(Object(Config\Paths))
WARNING - 2025-08-05 11:44:01 --> [DEPRECATED] Creation of dynamic property App\Controllers\MaterialController::$userValidation is deprecated in APPPATH\Controllers\MaterialController.php on line 20.
 1 SYSTEMPATH\CodeIgniter.php(903): App\Controllers\MaterialController->__construct()
 2 SYSTEMPATH\CodeIgniter.php(500): CodeIgniter\CodeIgniter->createController()
 3 SYSTEMPATH\CodeIgniter.php(355): CodeIgniter\CodeIgniter->handleRequest(null, Object(Config\Cache), false)
 4 SYSTEMPATH\Boot.php(325): CodeIgniter\CodeIgniter->run()
 5 SYSTEMPATH\Boot.php(67): CodeIgniter\Boot::runCodeIgniter(Object(CodeIgniter\CodeIgniter))
 6 FCPATH\index.php(56): CodeIgniter\Boot::bootWeb(Object(Config\Paths))
INFO - 2025-08-05 11:44:19 --> Session: Class initialized using 'CodeIgniter\Session\Handlers\FileHandler' driver.
WARNING - 2025-08-05 11:44:19 --> [DEPRECATED] Creation of dynamic property App\Controllers\MaterialController::$db is deprecated in APPPATH\Controllers\MaterialController.php on line 15.
 1 SYSTEMPATH\CodeIgniter.php(903): App\Controllers\MaterialController->__construct()
 2 SYSTEMPATH\CodeIgniter.php(500): CodeIgniter\CodeIgniter->createController()
 3 SYSTEMPATH\CodeIgniter.php(355): CodeIgniter\CodeIgniter->handleRequest(null, Object(Config\Cache), false)
 4 SYSTEMPATH\Boot.php(325): CodeIgniter\CodeIgniter->run()
 5 SYSTEMPATH\Boot.php(67): CodeIgniter\Boot::runCodeIgniter(Object(CodeIgniter\CodeIgniter))
 6 FCPATH\index.php(56): CodeIgniter\Boot::bootWeb(Object(Config\Paths))
WARNING - 2025-08-05 11:44:19 --> [DEPRECATED] Creation of dynamic property App\Controllers\MaterialController::$session is deprecated in APPPATH\Controllers\MaterialController.php on line 16.
 1 SYSTEMPATH\CodeIgniter.php(903): App\Controllers\MaterialController->__construct()
 2 SYSTEMPATH\CodeIgniter.php(500): CodeIgniter\CodeIgniter->createController()
 3 SYSTEMPATH\CodeIgniter.php(355): CodeIgniter\CodeIgniter->handleRequest(null, Object(Config\Cache), false)
 4 SYSTEMPATH\Boot.php(325): CodeIgniter\CodeIgniter->run()
 5 SYSTEMPATH\Boot.php(67): CodeIgniter\Boot::runCodeIgniter(Object(CodeIgniter\CodeIgniter))
 6 FCPATH\index.php(56): CodeIgniter\Boot::bootWeb(Object(Config\Paths))
WARNING - 2025-08-05 11:44:19 --> [DEPRECATED] Creation of dynamic property App\Controllers\MaterialController::$uri is deprecated in APPPATH\Controllers\MaterialController.php on line 17.
 1 SYSTEMPATH\CodeIgniter.php(903): App\Controllers\MaterialController->__construct()
 2 SYSTEMPATH\CodeIgniter.php(500): CodeIgniter\CodeIgniter->createController()
 3 SYSTEMPATH\CodeIgniter.php(355): CodeIgniter\CodeIgniter->handleRequest(null, Object(Config\Cache), false)
 4 SYSTEMPATH\Boot.php(325): CodeIgniter\CodeIgniter->run()
 5 SYSTEMPATH\Boot.php(67): CodeIgniter\Boot::runCodeIgniter(Object(CodeIgniter\CodeIgniter))
 6 FCPATH\index.php(56): CodeIgniter\Boot::bootWeb(Object(Config\Paths))
WARNING - 2025-08-05 11:44:19 --> [DEPRECATED] Creation of dynamic property App\Controllers\MaterialController::$form_validation is deprecated in APPPATH\Controllers\MaterialController.php on line 19.
 1 SYSTEMPATH\CodeIgniter.php(903): App\Controllers\MaterialController->__construct()
 2 SYSTEMPATH\CodeIgniter.php(500): CodeIgniter\CodeIgniter->createController()
 3 SYSTEMPATH\CodeIgniter.php(355): CodeIgniter\CodeIgniter->handleRequest(null, Object(Config\Cache), false)
 4 SYSTEMPATH\Boot.php(325): CodeIgniter\CodeIgniter->run()
 5 SYSTEMPATH\Boot.php(67): CodeIgniter\Boot::runCodeIgniter(Object(CodeIgniter\CodeIgniter))
 6 FCPATH\index.php(56): CodeIgniter\Boot::bootWeb(Object(Config\Paths))
WARNING - 2025-08-05 11:44:19 --> [DEPRECATED] Creation of dynamic property App\Controllers\MaterialController::$userValidation is deprecated in APPPATH\Controllers\MaterialController.php on line 20.
 1 SYSTEMPATH\CodeIgniter.php(903): App\Controllers\MaterialController->__construct()
 2 SYSTEMPATH\CodeIgniter.php(500): CodeIgniter\CodeIgniter->createController()
 3 SYSTEMPATH\CodeIgniter.php(355): CodeIgniter\CodeIgniter->handleRequest(null, Object(Config\Cache), false)
 4 SYSTEMPATH\Boot.php(325): CodeIgniter\CodeIgniter->run()
 5 SYSTEMPATH\Boot.php(67): CodeIgniter\Boot::runCodeIgniter(Object(CodeIgniter\CodeIgniter))
 6 FCPATH\index.php(56): CodeIgniter\Boot::bootWeb(Object(Config\Paths))
INFO - 2025-08-05 11:44:19 --> Session: Class initialized using 'CodeIgniter\Session\Handlers\FileHandler' driver.
WARNING - 2025-08-05 11:44:19 --> [DEPRECATED] Creation of dynamic property App\Controllers\MaterialController::$db is deprecated in APPPATH\Controllers\MaterialController.php on line 15.
 1 SYSTEMPATH\CodeIgniter.php(903): App\Controllers\MaterialController->__construct()
 2 SYSTEMPATH\CodeIgniter.php(500): CodeIgniter\CodeIgniter->createController()
 3 SYSTEMPATH\CodeIgniter.php(355): CodeIgniter\CodeIgniter->handleRequest(null, Object(Config\Cache), false)
 4 SYSTEMPATH\Boot.php(325): CodeIgniter\CodeIgniter->run()
 5 SYSTEMPATH\Boot.php(67): CodeIgniter\Boot::runCodeIgniter(Object(CodeIgniter\CodeIgniter))
 6 FCPATH\index.php(56): CodeIgniter\Boot::bootWeb(Object(Config\Paths))
WARNING - 2025-08-05 11:44:19 --> [DEPRECATED] Creation of dynamic property App\Controllers\MaterialController::$session is deprecated in APPPATH\Controllers\MaterialController.php on line 16.
 1 SYSTEMPATH\CodeIgniter.php(903): App\Controllers\MaterialController->__construct()
 2 SYSTEMPATH\CodeIgniter.php(500): CodeIgniter\CodeIgniter->createController()
 3 SYSTEMPATH\CodeIgniter.php(355): CodeIgniter\CodeIgniter->handleRequest(null, Object(Config\Cache), false)
 4 SYSTEMPATH\Boot.php(325): CodeIgniter\CodeIgniter->run()
 5 SYSTEMPATH\Boot.php(67): CodeIgniter\Boot::runCodeIgniter(Object(CodeIgniter\CodeIgniter))
 6 FCPATH\index.php(56): CodeIgniter\Boot::bootWeb(Object(Config\Paths))
WARNING - 2025-08-05 11:44:19 --> [DEPRECATED] Creation of dynamic property App\Controllers\MaterialController::$uri is deprecated in APPPATH\Controllers\MaterialController.php on line 17.
 1 SYSTEMPATH\CodeIgniter.php(903): App\Controllers\MaterialController->__construct()
 2 SYSTEMPATH\CodeIgniter.php(500): CodeIgniter\CodeIgniter->createController()
 3 SYSTEMPATH\CodeIgniter.php(355): CodeIgniter\CodeIgniter->handleRequest(null, Object(Config\Cache), false)
 4 SYSTEMPATH\Boot.php(325): CodeIgniter\CodeIgniter->run()
 5 SYSTEMPATH\Boot.php(67): CodeIgniter\Boot::runCodeIgniter(Object(CodeIgniter\CodeIgniter))
 6 FCPATH\index.php(56): CodeIgniter\Boot::bootWeb(Object(Config\Paths))
WARNING - 2025-08-05 11:44:19 --> [DEPRECATED] Creation of dynamic property App\Controllers\MaterialController::$form_validation is deprecated in APPPATH\Controllers\MaterialController.php on line 19.
 1 SYSTEMPATH\CodeIgniter.php(903): App\Controllers\MaterialController->__construct()
 2 SYSTEMPATH\CodeIgniter.php(500): CodeIgniter\CodeIgniter->createController()
 3 SYSTEMPATH\CodeIgniter.php(355): CodeIgniter\CodeIgniter->handleRequest(null, Object(Config\Cache), false)
 4 SYSTEMPATH\Boot.php(325): CodeIgniter\CodeIgniter->run()
 5 SYSTEMPATH\Boot.php(67): CodeIgniter\Boot::runCodeIgniter(Object(CodeIgniter\CodeIgniter))
 6 FCPATH\index.php(56): CodeIgniter\Boot::bootWeb(Object(Config\Paths))
WARNING - 2025-08-05 11:44:19 --> [DEPRECATED] Creation of dynamic property App\Controllers\MaterialController::$userValidation is deprecated in APPPATH\Controllers\MaterialController.php on line 20.
 1 SYSTEMPATH\CodeIgniter.php(903): App\Controllers\MaterialController->__construct()
 2 SYSTEMPATH\CodeIgniter.php(500): CodeIgniter\CodeIgniter->createController()
 3 SYSTEMPATH\CodeIgniter.php(355): CodeIgniter\CodeIgniter->handleRequest(null, Object(Config\Cache), false)
 4 SYSTEMPATH\Boot.php(325): CodeIgniter\CodeIgniter->run()
 5 SYSTEMPATH\Boot.php(67): CodeIgniter\Boot::runCodeIgniter(Object(CodeIgniter\CodeIgniter))
 6 FCPATH\index.php(56): CodeIgniter\Boot::bootWeb(Object(Config\Paths))
INFO - 2025-08-05 11:44:19 --> Session: Class initialized using 'CodeIgniter\Session\Handlers\FileHandler' driver.
WARNING - 2025-08-05 11:44:19 --> [DEPRECATED] Creation of dynamic property App\Controllers\MaterialController::$db is deprecated in APPPATH\Controllers\MaterialController.php on line 15.
 1 SYSTEMPATH\CodeIgniter.php(903): App\Controllers\MaterialController->__construct()
 2 SYSTEMPATH\CodeIgniter.php(500): CodeIgniter\CodeIgniter->createController()
 3 SYSTEMPATH\CodeIgniter.php(355): CodeIgniter\CodeIgniter->handleRequest(null, Object(Config\Cache), false)
 4 SYSTEMPATH\Boot.php(325): CodeIgniter\CodeIgniter->run()
 5 SYSTEMPATH\Boot.php(67): CodeIgniter\Boot::runCodeIgniter(Object(CodeIgniter\CodeIgniter))
 6 FCPATH\index.php(56): CodeIgniter\Boot::bootWeb(Object(Config\Paths))
WARNING - 2025-08-05 11:44:19 --> [DEPRECATED] Creation of dynamic property App\Controllers\MaterialController::$session is deprecated in APPPATH\Controllers\MaterialController.php on line 16.
 1 SYSTEMPATH\CodeIgniter.php(903): App\Controllers\MaterialController->__construct()
 2 SYSTEMPATH\CodeIgniter.php(500): CodeIgniter\CodeIgniter->createController()
 3 SYSTEMPATH\CodeIgniter.php(355): CodeIgniter\CodeIgniter->handleRequest(null, Object(Config\Cache), false)
 4 SYSTEMPATH\Boot.php(325): CodeIgniter\CodeIgniter->run()
 5 SYSTEMPATH\Boot.php(67): CodeIgniter\Boot::runCodeIgniter(Object(CodeIgniter\CodeIgniter))
 6 FCPATH\index.php(56): CodeIgniter\Boot::bootWeb(Object(Config\Paths))
WARNING - 2025-08-05 11:44:19 --> [DEPRECATED] Creation of dynamic property App\Controllers\MaterialController::$uri is deprecated in APPPATH\Controllers\MaterialController.php on line 17.
 1 SYSTEMPATH\CodeIgniter.php(903): App\Controllers\MaterialController->__construct()
 2 SYSTEMPATH\CodeIgniter.php(500): CodeIgniter\CodeIgniter->createController()
 3 SYSTEMPATH\CodeIgniter.php(355): CodeIgniter\CodeIgniter->handleRequest(null, Object(Config\Cache), false)
 4 SYSTEMPATH\Boot.php(325): CodeIgniter\CodeIgniter->run()
 5 SYSTEMPATH\Boot.php(67): CodeIgniter\Boot::runCodeIgniter(Object(CodeIgniter\CodeIgniter))
 6 FCPATH\index.php(56): CodeIgniter\Boot::bootWeb(Object(Config\Paths))
WARNING - 2025-08-05 11:44:19 --> [DEPRECATED] Creation of dynamic property App\Controllers\MaterialController::$form_validation is deprecated in APPPATH\Controllers\MaterialController.php on line 19.
 1 SYSTEMPATH\CodeIgniter.php(903): App\Controllers\MaterialController->__construct()
 2 SYSTEMPATH\CodeIgniter.php(500): CodeIgniter\CodeIgniter->createController()
 3 SYSTEMPATH\CodeIgniter.php(355): CodeIgniter\CodeIgniter->handleRequest(null, Object(Config\Cache), false)
 4 SYSTEMPATH\Boot.php(325): CodeIgniter\CodeIgniter->run()
 5 SYSTEMPATH\Boot.php(67): CodeIgniter\Boot::runCodeIgniter(Object(CodeIgniter\CodeIgniter))
 6 FCPATH\index.php(56): CodeIgniter\Boot::bootWeb(Object(Config\Paths))
WARNING - 2025-08-05 11:44:19 --> [DEPRECATED] Creation of dynamic property App\Controllers\MaterialController::$userValidation is deprecated in APPPATH\Controllers\MaterialController.php on line 20.
 1 SYSTEMPATH\CodeIgniter.php(903): App\Controllers\MaterialController->__construct()
 2 SYSTEMPATH\CodeIgniter.php(500): CodeIgniter\CodeIgniter->createController()
 3 SYSTEMPATH\CodeIgniter.php(355): CodeIgniter\CodeIgniter->handleRequest(null, Object(Config\Cache), false)
 4 SYSTEMPATH\Boot.php(325): CodeIgniter\CodeIgniter->run()
 5 SYSTEMPATH\Boot.php(67): CodeIgniter\Boot::runCodeIgniter(Object(CodeIgniter\CodeIgniter))
 6 FCPATH\index.php(56): CodeIgniter\Boot::bootWeb(Object(Config\Paths))
INFO - 2025-08-05 11:44:20 --> Session: Class initialized using 'CodeIgniter\Session\Handlers\FileHandler' driver.
WARNING - 2025-08-05 11:44:20 --> [DEPRECATED] Creation of dynamic property App\Controllers\MaterialController::$db is deprecated in APPPATH\Controllers\MaterialController.php on line 15.
 1 SYSTEMPATH\CodeIgniter.php(903): App\Controllers\MaterialController->__construct()
 2 SYSTEMPATH\CodeIgniter.php(500): CodeIgniter\CodeIgniter->createController()
 3 SYSTEMPATH\CodeIgniter.php(355): CodeIgniter\CodeIgniter->handleRequest(null, Object(Config\Cache), false)
 4 SYSTEMPATH\Boot.php(325): CodeIgniter\CodeIgniter->run()
 5 SYSTEMPATH\Boot.php(67): CodeIgniter\Boot::runCodeIgniter(Object(CodeIgniter\CodeIgniter))
 6 FCPATH\index.php(56): CodeIgniter\Boot::bootWeb(Object(Config\Paths))
WARNING - 2025-08-05 11:44:20 --> [DEPRECATED] Creation of dynamic property App\Controllers\MaterialController::$session is deprecated in APPPATH\Controllers\MaterialController.php on line 16.
 1 SYSTEMPATH\CodeIgniter.php(903): App\Controllers\MaterialController->__construct()
 2 SYSTEMPATH\CodeIgniter.php(500): CodeIgniter\CodeIgniter->createController()
 3 SYSTEMPATH\CodeIgniter.php(355): CodeIgniter\CodeIgniter->handleRequest(null, Object(Config\Cache), false)
 4 SYSTEMPATH\Boot.php(325): CodeIgniter\CodeIgniter->run()
 5 SYSTEMPATH\Boot.php(67): CodeIgniter\Boot::runCodeIgniter(Object(CodeIgniter\CodeIgniter))
 6 FCPATH\index.php(56): CodeIgniter\Boot::bootWeb(Object(Config\Paths))
WARNING - 2025-08-05 11:44:20 --> [DEPRECATED] Creation of dynamic property App\Controllers\MaterialController::$uri is deprecated in APPPATH\Controllers\MaterialController.php on line 17.
 1 SYSTEMPATH\CodeIgniter.php(903): App\Controllers\MaterialController->__construct()
 2 SYSTEMPATH\CodeIgniter.php(500): CodeIgniter\CodeIgniter->createController()
 3 SYSTEMPATH\CodeIgniter.php(355): CodeIgniter\CodeIgniter->handleRequest(null, Object(Config\Cache), false)
 4 SYSTEMPATH\Boot.php(325): CodeIgniter\CodeIgniter->run()
 5 SYSTEMPATH\Boot.php(67): CodeIgniter\Boot::runCodeIgniter(Object(CodeIgniter\CodeIgniter))
 6 FCPATH\index.php(56): CodeIgniter\Boot::bootWeb(Object(Config\Paths))
WARNING - 2025-08-05 11:44:20 --> [DEPRECATED] Creation of dynamic property App\Controllers\MaterialController::$form_validation is deprecated in APPPATH\Controllers\MaterialController.php on line 19.
 1 SYSTEMPATH\CodeIgniter.php(903): App\Controllers\MaterialController->__construct()
 2 SYSTEMPATH\CodeIgniter.php(500): CodeIgniter\CodeIgniter->createController()
 3 SYSTEMPATH\CodeIgniter.php(355): CodeIgniter\CodeIgniter->handleRequest(null, Object(Config\Cache), false)
 4 SYSTEMPATH\Boot.php(325): CodeIgniter\CodeIgniter->run()
 5 SYSTEMPATH\Boot.php(67): CodeIgniter\Boot::runCodeIgniter(Object(CodeIgniter\CodeIgniter))
 6 FCPATH\index.php(56): CodeIgniter\Boot::bootWeb(Object(Config\Paths))
WARNING - 2025-08-05 11:44:20 --> [DEPRECATED] Creation of dynamic property App\Controllers\MaterialController::$userValidation is deprecated in APPPATH\Controllers\MaterialController.php on line 20.
 1 SYSTEMPATH\CodeIgniter.php(903): App\Controllers\MaterialController->__construct()
 2 SYSTEMPATH\CodeIgniter.php(500): CodeIgniter\CodeIgniter->createController()
 3 SYSTEMPATH\CodeIgniter.php(355): CodeIgniter\CodeIgniter->handleRequest(null, Object(Config\Cache), false)
 4 SYSTEMPATH\Boot.php(325): CodeIgniter\CodeIgniter->run()
 5 SYSTEMPATH\Boot.php(67): CodeIgniter\Boot::runCodeIgniter(Object(CodeIgniter\CodeIgniter))
 6 FCPATH\index.php(56): CodeIgniter\Boot::bootWeb(Object(Config\Paths))
INFO - 2025-08-05 11:44:21 --> Session: Class initialized using 'CodeIgniter\Session\Handlers\FileHandler' driver.
WARNING - 2025-08-05 11:44:21 --> [DEPRECATED] Creation of dynamic property App\Controllers\MaterialController::$db is deprecated in APPPATH\Controllers\MaterialController.php on line 15.
 1 SYSTEMPATH\CodeIgniter.php(903): App\Controllers\MaterialController->__construct()
 2 SYSTEMPATH\CodeIgniter.php(500): CodeIgniter\CodeIgniter->createController()
 3 SYSTEMPATH\CodeIgniter.php(355): CodeIgniter\CodeIgniter->handleRequest(null, Object(Config\Cache), false)
 4 SYSTEMPATH\Boot.php(325): CodeIgniter\CodeIgniter->run()
 5 SYSTEMPATH\Boot.php(67): CodeIgniter\Boot::runCodeIgniter(Object(CodeIgniter\CodeIgniter))
 6 FCPATH\index.php(56): CodeIgniter\Boot::bootWeb(Object(Config\Paths))
WARNING - 2025-08-05 11:44:21 --> [DEPRECATED] Creation of dynamic property App\Controllers\MaterialController::$session is deprecated in APPPATH\Controllers\MaterialController.php on line 16.
 1 SYSTEMPATH\CodeIgniter.php(903): App\Controllers\MaterialController->__construct()
 2 SYSTEMPATH\CodeIgniter.php(500): CodeIgniter\CodeIgniter->createController()
 3 SYSTEMPATH\CodeIgniter.php(355): CodeIgniter\CodeIgniter->handleRequest(null, Object(Config\Cache), false)
 4 SYSTEMPATH\Boot.php(325): CodeIgniter\CodeIgniter->run()
 5 SYSTEMPATH\Boot.php(67): CodeIgniter\Boot::runCodeIgniter(Object(CodeIgniter\CodeIgniter))
 6 FCPATH\index.php(56): CodeIgniter\Boot::bootWeb(Object(Config\Paths))
WARNING - 2025-08-05 11:44:21 --> [DEPRECATED] Creation of dynamic property App\Controllers\MaterialController::$uri is deprecated in APPPATH\Controllers\MaterialController.php on line 17.
 1 SYSTEMPATH\CodeIgniter.php(903): App\Controllers\MaterialController->__construct()
 2 SYSTEMPATH\CodeIgniter.php(500): CodeIgniter\CodeIgniter->createController()
 3 SYSTEMPATH\CodeIgniter.php(355): CodeIgniter\CodeIgniter->handleRequest(null, Object(Config\Cache), false)
 4 SYSTEMPATH\Boot.php(325): CodeIgniter\CodeIgniter->run()
 5 SYSTEMPATH\Boot.php(67): CodeIgniter\Boot::runCodeIgniter(Object(CodeIgniter\CodeIgniter))
 6 FCPATH\index.php(56): CodeIgniter\Boot::bootWeb(Object(Config\Paths))
WARNING - 2025-08-05 11:44:21 --> [DEPRECATED] Creation of dynamic property App\Controllers\MaterialController::$form_validation is deprecated in APPPATH\Controllers\MaterialController.php on line 19.
 1 SYSTEMPATH\CodeIgniter.php(903): App\Controllers\MaterialController->__construct()
 2 SYSTEMPATH\CodeIgniter.php(500): CodeIgniter\CodeIgniter->createController()
 3 SYSTEMPATH\CodeIgniter.php(355): CodeIgniter\CodeIgniter->handleRequest(null, Object(Config\Cache), false)
 4 SYSTEMPATH\Boot.php(325): CodeIgniter\CodeIgniter->run()
 5 SYSTEMPATH\Boot.php(67): CodeIgniter\Boot::runCodeIgniter(Object(CodeIgniter\CodeIgniter))
 6 FCPATH\index.php(56): CodeIgniter\Boot::bootWeb(Object(Config\Paths))
WARNING - 2025-08-05 11:44:21 --> [DEPRECATED] Creation of dynamic property App\Controllers\MaterialController::$userValidation is deprecated in APPPATH\Controllers\MaterialController.php on line 20.
 1 SYSTEMPATH\CodeIgniter.php(903): App\Controllers\MaterialController->__construct()
 2 SYSTEMPATH\CodeIgniter.php(500): CodeIgniter\CodeIgniter->createController()
 3 SYSTEMPATH\CodeIgniter.php(355): CodeIgniter\CodeIgniter->handleRequest(null, Object(Config\Cache), false)
 4 SYSTEMPATH\Boot.php(325): CodeIgniter\CodeIgniter->run()
 5 SYSTEMPATH\Boot.php(67): CodeIgniter\Boot::runCodeIgniter(Object(CodeIgniter\CodeIgniter))
 6 FCPATH\index.php(56): CodeIgniter\Boot::bootWeb(Object(Config\Paths))
INFO - 2025-08-05 11:44:21 --> Session: Class initialized using 'CodeIgniter\Session\Handlers\FileHandler' driver.
WARNING - 2025-08-05 11:44:21 --> [DEPRECATED] Creation of dynamic property App\Controllers\MaterialController::$db is deprecated in APPPATH\Controllers\MaterialController.php on line 15.
 1 SYSTEMPATH\CodeIgniter.php(903): App\Controllers\MaterialController->__construct()
 2 SYSTEMPATH\CodeIgniter.php(500): CodeIgniter\CodeIgniter->createController()
 3 SYSTEMPATH\CodeIgniter.php(355): CodeIgniter\CodeIgniter->handleRequest(null, Object(Config\Cache), false)
 4 SYSTEMPATH\Boot.php(325): CodeIgniter\CodeIgniter->run()
 5 SYSTEMPATH\Boot.php(67): CodeIgniter\Boot::runCodeIgniter(Object(CodeIgniter\CodeIgniter))
 6 FCPATH\index.php(56): CodeIgniter\Boot::bootWeb(Object(Config\Paths))
WARNING - 2025-08-05 11:44:21 --> [DEPRECATED] Creation of dynamic property App\Controllers\MaterialController::$session is deprecated in APPPATH\Controllers\MaterialController.php on line 16.
 1 SYSTEMPATH\CodeIgniter.php(903): App\Controllers\MaterialController->__construct()
 2 SYSTEMPATH\CodeIgniter.php(500): CodeIgniter\CodeIgniter->createController()
 3 SYSTEMPATH\CodeIgniter.php(355): CodeIgniter\CodeIgniter->handleRequest(null, Object(Config\Cache), false)
 4 SYSTEMPATH\Boot.php(325): CodeIgniter\CodeIgniter->run()
 5 SYSTEMPATH\Boot.php(67): CodeIgniter\Boot::runCodeIgniter(Object(CodeIgniter\CodeIgniter))
 6 FCPATH\index.php(56): CodeIgniter\Boot::bootWeb(Object(Config\Paths))
WARNING - 2025-08-05 11:44:21 --> [DEPRECATED] Creation of dynamic property App\Controllers\MaterialController::$uri is deprecated in APPPATH\Controllers\MaterialController.php on line 17.
 1 SYSTEMPATH\CodeIgniter.php(903): App\Controllers\MaterialController->__construct()
 2 SYSTEMPATH\CodeIgniter.php(500): CodeIgniter\CodeIgniter->createController()
 3 SYSTEMPATH\CodeIgniter.php(355): CodeIgniter\CodeIgniter->handleRequest(null, Object(Config\Cache), false)
 4 SYSTEMPATH\Boot.php(325): CodeIgniter\CodeIgniter->run()
 5 SYSTEMPATH\Boot.php(67): CodeIgniter\Boot::runCodeIgniter(Object(CodeIgniter\CodeIgniter))
 6 FCPATH\index.php(56): CodeIgniter\Boot::bootWeb(Object(Config\Paths))
WARNING - 2025-08-05 11:44:21 --> [DEPRECATED] Creation of dynamic property App\Controllers\MaterialController::$form_validation is deprecated in APPPATH\Controllers\MaterialController.php on line 19.
 1 SYSTEMPATH\CodeIgniter.php(903): App\Controllers\MaterialController->__construct()
 2 SYSTEMPATH\CodeIgniter.php(500): CodeIgniter\CodeIgniter->createController()
 3 SYSTEMPATH\CodeIgniter.php(355): CodeIgniter\CodeIgniter->handleRequest(null, Object(Config\Cache), false)
 4 SYSTEMPATH\Boot.php(325): CodeIgniter\CodeIgniter->run()
 5 SYSTEMPATH\Boot.php(67): CodeIgniter\Boot::runCodeIgniter(Object(CodeIgniter\CodeIgniter))
 6 FCPATH\index.php(56): CodeIgniter\Boot::bootWeb(Object(Config\Paths))
WARNING - 2025-08-05 11:44:21 --> [DEPRECATED] Creation of dynamic property App\Controllers\MaterialController::$userValidation is deprecated in APPPATH\Controllers\MaterialController.php on line 20.
 1 SYSTEMPATH\CodeIgniter.php(903): App\Controllers\MaterialController->__construct()
 2 SYSTEMPATH\CodeIgniter.php(500): CodeIgniter\CodeIgniter->createController()
 3 SYSTEMPATH\CodeIgniter.php(355): CodeIgniter\CodeIgniter->handleRequest(null, Object(Config\Cache), false)
 4 SYSTEMPATH\Boot.php(325): CodeIgniter\CodeIgniter->run()
 5 SYSTEMPATH\Boot.php(67): CodeIgniter\Boot::runCodeIgniter(Object(CodeIgniter\CodeIgniter))
 6 FCPATH\index.php(56): CodeIgniter\Boot::bootWeb(Object(Config\Paths))
INFO - 2025-08-05 11:44:22 --> Session: Class initialized using 'CodeIgniter\Session\Handlers\FileHandler' driver.
WARNING - 2025-08-05 11:44:22 --> [DEPRECATED] Creation of dynamic property App\Controllers\MaterialController::$db is deprecated in APPPATH\Controllers\MaterialController.php on line 15.
 1 SYSTEMPATH\CodeIgniter.php(903): App\Controllers\MaterialController->__construct()
 2 SYSTEMPATH\CodeIgniter.php(500): CodeIgniter\CodeIgniter->createController()
 3 SYSTEMPATH\CodeIgniter.php(355): CodeIgniter\CodeIgniter->handleRequest(null, Object(Config\Cache), false)
 4 SYSTEMPATH\Boot.php(325): CodeIgniter\CodeIgniter->run()
 5 SYSTEMPATH\Boot.php(67): CodeIgniter\Boot::runCodeIgniter(Object(CodeIgniter\CodeIgniter))
 6 FCPATH\index.php(56): CodeIgniter\Boot::bootWeb(Object(Config\Paths))
WARNING - 2025-08-05 11:44:22 --> [DEPRECATED] Creation of dynamic property App\Controllers\MaterialController::$session is deprecated in APPPATH\Controllers\MaterialController.php on line 16.
 1 SYSTEMPATH\CodeIgniter.php(903): App\Controllers\MaterialController->__construct()
 2 SYSTEMPATH\CodeIgniter.php(500): CodeIgniter\CodeIgniter->createController()
 3 SYSTEMPATH\CodeIgniter.php(355): CodeIgniter\CodeIgniter->handleRequest(null, Object(Config\Cache), false)
 4 SYSTEMPATH\Boot.php(325): CodeIgniter\CodeIgniter->run()
 5 SYSTEMPATH\Boot.php(67): CodeIgniter\Boot::runCodeIgniter(Object(CodeIgniter\CodeIgniter))
 6 FCPATH\index.php(56): CodeIgniter\Boot::bootWeb(Object(Config\Paths))
WARNING - 2025-08-05 11:44:22 --> [DEPRECATED] Creation of dynamic property App\Controllers\MaterialController::$uri is deprecated in APPPATH\Controllers\MaterialController.php on line 17.
 1 SYSTEMPATH\CodeIgniter.php(903): App\Controllers\MaterialController->__construct()
 2 SYSTEMPATH\CodeIgniter.php(500): CodeIgniter\CodeIgniter->createController()
 3 SYSTEMPATH\CodeIgniter.php(355): CodeIgniter\CodeIgniter->handleRequest(null, Object(Config\Cache), false)
 4 SYSTEMPATH\Boot.php(325): CodeIgniter\CodeIgniter->run()
 5 SYSTEMPATH\Boot.php(67): CodeIgniter\Boot::runCodeIgniter(Object(CodeIgniter\CodeIgniter))
 6 FCPATH\index.php(56): CodeIgniter\Boot::bootWeb(Object(Config\Paths))
WARNING - 2025-08-05 11:44:22 --> [DEPRECATED] Creation of dynamic property App\Controllers\MaterialController::$form_validation is deprecated in APPPATH\Controllers\MaterialController.php on line 19.
 1 SYSTEMPATH\CodeIgniter.php(903): App\Controllers\MaterialController->__construct()
 2 SYSTEMPATH\CodeIgniter.php(500): CodeIgniter\CodeIgniter->createController()
 3 SYSTEMPATH\CodeIgniter.php(355): CodeIgniter\CodeIgniter->handleRequest(null, Object(Config\Cache), false)
 4 SYSTEMPATH\Boot.php(325): CodeIgniter\CodeIgniter->run()
 5 SYSTEMPATH\Boot.php(67): CodeIgniter\Boot::runCodeIgniter(Object(CodeIgniter\CodeIgniter))
 6 FCPATH\index.php(56): CodeIgniter\Boot::bootWeb(Object(Config\Paths))
WARNING - 2025-08-05 11:44:22 --> [DEPRECATED] Creation of dynamic property App\Controllers\MaterialController::$userValidation is deprecated in APPPATH\Controllers\MaterialController.php on line 20.
 1 SYSTEMPATH\CodeIgniter.php(903): App\Controllers\MaterialController->__construct()
 2 SYSTEMPATH\CodeIgniter.php(500): CodeIgniter\CodeIgniter->createController()
 3 SYSTEMPATH\CodeIgniter.php(355): CodeIgniter\CodeIgniter->handleRequest(null, Object(Config\Cache), false)
 4 SYSTEMPATH\Boot.php(325): CodeIgniter\CodeIgniter->run()
 5 SYSTEMPATH\Boot.php(67): CodeIgniter\Boot::runCodeIgniter(Object(CodeIgniter\CodeIgniter))
 6 FCPATH\index.php(56): CodeIgniter\Boot::bootWeb(Object(Config\Paths))
INFO - 2025-08-05 11:44:22 --> Session: Class initialized using 'CodeIgniter\Session\Handlers\FileHandler' driver.
WARNING - 2025-08-05 11:44:22 --> [DEPRECATED] Creation of dynamic property App\Controllers\MaterialController::$db is deprecated in APPPATH\Controllers\MaterialController.php on line 15.
 1 SYSTEMPATH\CodeIgniter.php(903): App\Controllers\MaterialController->__construct()
 2 SYSTEMPATH\CodeIgniter.php(500): CodeIgniter\CodeIgniter->createController()
 3 SYSTEMPATH\CodeIgniter.php(355): CodeIgniter\CodeIgniter->handleRequest(null, Object(Config\Cache), false)
 4 SYSTEMPATH\Boot.php(325): CodeIgniter\CodeIgniter->run()
 5 SYSTEMPATH\Boot.php(67): CodeIgniter\Boot::runCodeIgniter(Object(CodeIgniter\CodeIgniter))
 6 FCPATH\index.php(56): CodeIgniter\Boot::bootWeb(Object(Config\Paths))
WARNING - 2025-08-05 11:44:22 --> [DEPRECATED] Creation of dynamic property App\Controllers\MaterialController::$session is deprecated in APPPATH\Controllers\MaterialController.php on line 16.
 1 SYSTEMPATH\CodeIgniter.php(903): App\Controllers\MaterialController->__construct()
 2 SYSTEMPATH\CodeIgniter.php(500): CodeIgniter\CodeIgniter->createController()
 3 SYSTEMPATH\CodeIgniter.php(355): CodeIgniter\CodeIgniter->handleRequest(null, Object(Config\Cache), false)
 4 SYSTEMPATH\Boot.php(325): CodeIgniter\CodeIgniter->run()
 5 SYSTEMPATH\Boot.php(67): CodeIgniter\Boot::runCodeIgniter(Object(CodeIgniter\CodeIgniter))
 6 FCPATH\index.php(56): CodeIgniter\Boot::bootWeb(Object(Config\Paths))
WARNING - 2025-08-05 11:44:22 --> [DEPRECATED] Creation of dynamic property App\Controllers\MaterialController::$uri is deprecated in APPPATH\Controllers\MaterialController.php on line 17.
 1 SYSTEMPATH\CodeIgniter.php(903): App\Controllers\MaterialController->__construct()
 2 SYSTEMPATH\CodeIgniter.php(500): CodeIgniter\CodeIgniter->createController()
 3 SYSTEMPATH\CodeIgniter.php(355): CodeIgniter\CodeIgniter->handleRequest(null, Object(Config\Cache), false)
 4 SYSTEMPATH\Boot.php(325): CodeIgniter\CodeIgniter->run()
 5 SYSTEMPATH\Boot.php(67): CodeIgniter\Boot::runCodeIgniter(Object(CodeIgniter\CodeIgniter))
 6 FCPATH\index.php(56): CodeIgniter\Boot::bootWeb(Object(Config\Paths))
WARNING - 2025-08-05 11:44:22 --> [DEPRECATED] Creation of dynamic property App\Controllers\MaterialController::$form_validation is deprecated in APPPATH\Controllers\MaterialController.php on line 19.
 1 SYSTEMPATH\CodeIgniter.php(903): App\Controllers\MaterialController->__construct()
 2 SYSTEMPATH\CodeIgniter.php(500): CodeIgniter\CodeIgniter->createController()
 3 SYSTEMPATH\CodeIgniter.php(355): CodeIgniter\CodeIgniter->handleRequest(null, Object(Config\Cache), false)
 4 SYSTEMPATH\Boot.php(325): CodeIgniter\CodeIgniter->run()
 5 SYSTEMPATH\Boot.php(67): CodeIgniter\Boot::runCodeIgniter(Object(CodeIgniter\CodeIgniter))
 6 FCPATH\index.php(56): CodeIgniter\Boot::bootWeb(Object(Config\Paths))
WARNING - 2025-08-05 11:44:22 --> [DEPRECATED] Creation of dynamic property App\Controllers\MaterialController::$userValidation is deprecated in APPPATH\Controllers\MaterialController.php on line 20.
 1 SYSTEMPATH\CodeIgniter.php(903): App\Controllers\MaterialController->__construct()
 2 SYSTEMPATH\CodeIgniter.php(500): CodeIgniter\CodeIgniter->createController()
 3 SYSTEMPATH\CodeIgniter.php(355): CodeIgniter\CodeIgniter->handleRequest(null, Object(Config\Cache), false)
 4 SYSTEMPATH\Boot.php(325): CodeIgniter\CodeIgniter->run()
 5 SYSTEMPATH\Boot.php(67): CodeIgniter\Boot::runCodeIgniter(Object(CodeIgniter\CodeIgniter))
 6 FCPATH\index.php(56): CodeIgniter\Boot::bootWeb(Object(Config\Paths))
INFO - 2025-08-05 11:44:23 --> Session: Class initialized using 'CodeIgniter\Session\Handlers\FileHandler' driver.
WARNING - 2025-08-05 11:44:23 --> [DEPRECATED] Creation of dynamic property App\Controllers\MaterialController::$db is deprecated in APPPATH\Controllers\MaterialController.php on line 15.
 1 SYSTEMPATH\CodeIgniter.php(903): App\Controllers\MaterialController->__construct()
 2 SYSTEMPATH\CodeIgniter.php(500): CodeIgniter\CodeIgniter->createController()
 3 SYSTEMPATH\CodeIgniter.php(355): CodeIgniter\CodeIgniter->handleRequest(null, Object(Config\Cache), false)
 4 SYSTEMPATH\Boot.php(325): CodeIgniter\CodeIgniter->run()
 5 SYSTEMPATH\Boot.php(67): CodeIgniter\Boot::runCodeIgniter(Object(CodeIgniter\CodeIgniter))
 6 FCPATH\index.php(56): CodeIgniter\Boot::bootWeb(Object(Config\Paths))
WARNING - 2025-08-05 11:44:23 --> [DEPRECATED] Creation of dynamic property App\Controllers\MaterialController::$session is deprecated in APPPATH\Controllers\MaterialController.php on line 16.
 1 SYSTEMPATH\CodeIgniter.php(903): App\Controllers\MaterialController->__construct()
 2 SYSTEMPATH\CodeIgniter.php(500): CodeIgniter\CodeIgniter->createController()
 3 SYSTEMPATH\CodeIgniter.php(355): CodeIgniter\CodeIgniter->handleRequest(null, Object(Config\Cache), false)
 4 SYSTEMPATH\Boot.php(325): CodeIgniter\CodeIgniter->run()
 5 SYSTEMPATH\Boot.php(67): CodeIgniter\Boot::runCodeIgniter(Object(CodeIgniter\CodeIgniter))
 6 FCPATH\index.php(56): CodeIgniter\Boot::bootWeb(Object(Config\Paths))
WARNING - 2025-08-05 11:44:23 --> [DEPRECATED] Creation of dynamic property App\Controllers\MaterialController::$uri is deprecated in APPPATH\Controllers\MaterialController.php on line 17.
 1 SYSTEMPATH\CodeIgniter.php(903): App\Controllers\MaterialController->__construct()
 2 SYSTEMPATH\CodeIgniter.php(500): CodeIgniter\CodeIgniter->createController()
 3 SYSTEMPATH\CodeIgniter.php(355): CodeIgniter\CodeIgniter->handleRequest(null, Object(Config\Cache), false)
 4 SYSTEMPATH\Boot.php(325): CodeIgniter\CodeIgniter->run()
 5 SYSTEMPATH\Boot.php(67): CodeIgniter\Boot::runCodeIgniter(Object(CodeIgniter\CodeIgniter))
 6 FCPATH\index.php(56): CodeIgniter\Boot::bootWeb(Object(Config\Paths))
WARNING - 2025-08-05 11:44:23 --> [DEPRECATED] Creation of dynamic property App\Controllers\MaterialController::$form_validation is deprecated in APPPATH\Controllers\MaterialController.php on line 19.
 1 SYSTEMPATH\CodeIgniter.php(903): App\Controllers\MaterialController->__construct()
 2 SYSTEMPATH\CodeIgniter.php(500): CodeIgniter\CodeIgniter->createController()
 3 SYSTEMPATH\CodeIgniter.php(355): CodeIgniter\CodeIgniter->handleRequest(null, Object(Config\Cache), false)
 4 SYSTEMPATH\Boot.php(325): CodeIgniter\CodeIgniter->run()
 5 SYSTEMPATH\Boot.php(67): CodeIgniter\Boot::runCodeIgniter(Object(CodeIgniter\CodeIgniter))
 6 FCPATH\index.php(56): CodeIgniter\Boot::bootWeb(Object(Config\Paths))
WARNING - 2025-08-05 11:44:23 --> [DEPRECATED] Creation of dynamic property App\Controllers\MaterialController::$userValidation is deprecated in APPPATH\Controllers\MaterialController.php on line 20.
 1 SYSTEMPATH\CodeIgniter.php(903): App\Controllers\MaterialController->__construct()
 2 SYSTEMPATH\CodeIgniter.php(500): CodeIgniter\CodeIgniter->createController()
 3 SYSTEMPATH\CodeIgniter.php(355): CodeIgniter\CodeIgniter->handleRequest(null, Object(Config\Cache), false)
 4 SYSTEMPATH\Boot.php(325): CodeIgniter\CodeIgniter->run()
 5 SYSTEMPATH\Boot.php(67): CodeIgniter\Boot::runCodeIgniter(Object(CodeIgniter\CodeIgniter))
 6 FCPATH\index.php(56): CodeIgniter\Boot::bootWeb(Object(Config\Paths))
INFO - 2025-08-05 11:44:23 --> Session: Class initialized using 'CodeIgniter\Session\Handlers\FileHandler' driver.
WARNING - 2025-08-05 11:44:23 --> [DEPRECATED] Creation of dynamic property App\Controllers\MaterialController::$db is deprecated in APPPATH\Controllers\MaterialController.php on line 15.
 1 SYSTEMPATH\CodeIgniter.php(903): App\Controllers\MaterialController->__construct()
 2 SYSTEMPATH\CodeIgniter.php(500): CodeIgniter\CodeIgniter->createController()
 3 SYSTEMPATH\CodeIgniter.php(355): CodeIgniter\CodeIgniter->handleRequest(null, Object(Config\Cache), false)
 4 SYSTEMPATH\Boot.php(325): CodeIgniter\CodeIgniter->run()
 5 SYSTEMPATH\Boot.php(67): CodeIgniter\Boot::runCodeIgniter(Object(CodeIgniter\CodeIgniter))
 6 FCPATH\index.php(56): CodeIgniter\Boot::bootWeb(Object(Config\Paths))
WARNING - 2025-08-05 11:44:23 --> [DEPRECATED] Creation of dynamic property App\Controllers\MaterialController::$session is deprecated in APPPATH\Controllers\MaterialController.php on line 16.
 1 SYSTEMPATH\CodeIgniter.php(903): App\Controllers\MaterialController->__construct()
 2 SYSTEMPATH\CodeIgniter.php(500): CodeIgniter\CodeIgniter->createController()
 3 SYSTEMPATH\CodeIgniter.php(355): CodeIgniter\CodeIgniter->handleRequest(null, Object(Config\Cache), false)
 4 SYSTEMPATH\Boot.php(325): CodeIgniter\CodeIgniter->run()
 5 SYSTEMPATH\Boot.php(67): CodeIgniter\Boot::runCodeIgniter(Object(CodeIgniter\CodeIgniter))
 6 FCPATH\index.php(56): CodeIgniter\Boot::bootWeb(Object(Config\Paths))
WARNING - 2025-08-05 11:44:23 --> [DEPRECATED] Creation of dynamic property App\Controllers\MaterialController::$uri is deprecated in APPPATH\Controllers\MaterialController.php on line 17.
 1 SYSTEMPATH\CodeIgniter.php(903): App\Controllers\MaterialController->__construct()
 2 SYSTEMPATH\CodeIgniter.php(500): CodeIgniter\CodeIgniter->createController()
 3 SYSTEMPATH\CodeIgniter.php(355): CodeIgniter\CodeIgniter->handleRequest(null, Object(Config\Cache), false)
 4 SYSTEMPATH\Boot.php(325): CodeIgniter\CodeIgniter->run()
 5 SYSTEMPATH\Boot.php(67): CodeIgniter\Boot::runCodeIgniter(Object(CodeIgniter\CodeIgniter))
 6 FCPATH\index.php(56): CodeIgniter\Boot::bootWeb(Object(Config\Paths))
WARNING - 2025-08-05 11:44:23 --> [DEPRECATED] Creation of dynamic property App\Controllers\MaterialController::$form_validation is deprecated in APPPATH\Controllers\MaterialController.php on line 19.
 1 SYSTEMPATH\CodeIgniter.php(903): App\Controllers\MaterialController->__construct()
 2 SYSTEMPATH\CodeIgniter.php(500): CodeIgniter\CodeIgniter->createController()
 3 SYSTEMPATH\CodeIgniter.php(355): CodeIgniter\CodeIgniter->handleRequest(null, Object(Config\Cache), false)
 4 SYSTEMPATH\Boot.php(325): CodeIgniter\CodeIgniter->run()
 5 SYSTEMPATH\Boot.php(67): CodeIgniter\Boot::runCodeIgniter(Object(CodeIgniter\CodeIgniter))
 6 FCPATH\index.php(56): CodeIgniter\Boot::bootWeb(Object(Config\Paths))
WARNING - 2025-08-05 11:44:23 --> [DEPRECATED] Creation of dynamic property App\Controllers\MaterialController::$userValidation is deprecated in APPPATH\Controllers\MaterialController.php on line 20.
 1 SYSTEMPATH\CodeIgniter.php(903): App\Controllers\MaterialController->__construct()
 2 SYSTEMPATH\CodeIgniter.php(500): CodeIgniter\CodeIgniter->createController()
 3 SYSTEMPATH\CodeIgniter.php(355): CodeIgniter\CodeIgniter->handleRequest(null, Object(Config\Cache), false)
 4 SYSTEMPATH\Boot.php(325): CodeIgniter\CodeIgniter->run()
 5 SYSTEMPATH\Boot.php(67): CodeIgniter\Boot::runCodeIgniter(Object(CodeIgniter\CodeIgniter))
 6 FCPATH\index.php(56): CodeIgniter\Boot::bootWeb(Object(Config\Paths))
INFO - 2025-08-05 11:45:24 --> Session: Class initialized using 'CodeIgniter\Session\Handlers\FileHandler' driver.
INFO - 2025-08-05 11:45:27 --> Session: Class initialized using 'CodeIgniter\Session\Handlers\FileHandler' driver.
INFO - 2025-08-05 11:45:27 --> Session: Class initialized using 'CodeIgniter\Session\Handlers\FileHandler' driver.
WARNING - 2025-08-05 11:45:27 --> [DEPRECATED] Creation of dynamic property App\Controllers\WarehouseController::$db is deprecated in APPPATH\Controllers\WarehouseController.php on line 15.
 1 APPPATH\Controllers\Home.php(34): App\Controllers\WarehouseController->__construct()
 2 SYSTEMPATH\CodeIgniter.php(933): App\Controllers\Home->index()
 3 SYSTEMPATH\CodeIgniter.php(509): CodeIgniter\CodeIgniter->runController(Object(App\Controllers\Home))
 4 SYSTEMPATH\CodeIgniter.php(355): CodeIgniter\CodeIgniter->handleRequest(null, Object(Config\Cache), false)
 5 SYSTEMPATH\Boot.php(325): CodeIgniter\CodeIgniter->run()
 6 SYSTEMPATH\Boot.php(67): CodeIgniter\Boot::runCodeIgniter(Object(CodeIgniter\CodeIgniter))
 7 FCPATH\index.php(56): CodeIgniter\Boot::bootWeb(Object(Config\Paths))
WARNING - 2025-08-05 11:45:27 --> [DEPRECATED] Creation of dynamic property App\Controllers\WarehouseController::$session is deprecated in APPPATH\Controllers\WarehouseController.php on line 16.
 1 APPPATH\Controllers\Home.php(34): App\Controllers\WarehouseController->__construct()
 2 SYSTEMPATH\CodeIgniter.php(933): App\Controllers\Home->index()
 3 SYSTEMPATH\CodeIgniter.php(509): CodeIgniter\CodeIgniter->runController(Object(App\Controllers\Home))
 4 SYSTEMPATH\CodeIgniter.php(355): CodeIgniter\CodeIgniter->handleRequest(null, Object(Config\Cache), false)
 5 SYSTEMPATH\Boot.php(325): CodeIgniter\CodeIgniter->run()
 6 SYSTEMPATH\Boot.php(67): CodeIgniter\Boot::runCodeIgniter(Object(CodeIgniter\CodeIgniter))
 7 FCPATH\index.php(56): CodeIgniter\Boot::bootWeb(Object(Config\Paths))
WARNING - 2025-08-05 11:45:27 --> [DEPRECATED] Creation of dynamic property App\Controllers\WarehouseController::$uri is deprecated in APPPATH\Controllers\WarehouseController.php on line 17.
 1 APPPATH\Controllers\Home.php(34): App\Controllers\WarehouseController->__construct()
 2 SYSTEMPATH\CodeIgniter.php(933): App\Controllers\Home->index()
 3 SYSTEMPATH\CodeIgniter.php(509): CodeIgniter\CodeIgniter->runController(Object(App\Controllers\Home))
 4 SYSTEMPATH\CodeIgniter.php(355): CodeIgniter\CodeIgniter->handleRequest(null, Object(Config\Cache), false)
 5 SYSTEMPATH\Boot.php(325): CodeIgniter\CodeIgniter->run()
 6 SYSTEMPATH\Boot.php(67): CodeIgniter\Boot::runCodeIgniter(Object(CodeIgniter\CodeIgniter))
 7 FCPATH\index.php(56): CodeIgniter\Boot::bootWeb(Object(Config\Paths))
WARNING - 2025-08-05 11:45:27 --> [DEPRECATED] Creation of dynamic property App\Controllers\WarehouseController::$form_validation is deprecated in APPPATH\Controllers\WarehouseController.php on line 19.
 1 APPPATH\Controllers\Home.php(34): App\Controllers\WarehouseController->__construct()
 2 SYSTEMPATH\CodeIgniter.php(933): App\Controllers\Home->index()
 3 SYSTEMPATH\CodeIgniter.php(509): CodeIgniter\CodeIgniter->runController(Object(App\Controllers\Home))
 4 SYSTEMPATH\CodeIgniter.php(355): CodeIgniter\CodeIgniter->handleRequest(null, Object(Config\Cache), false)
 5 SYSTEMPATH\Boot.php(325): CodeIgniter\CodeIgniter->run()
 6 SYSTEMPATH\Boot.php(67): CodeIgniter\Boot::runCodeIgniter(Object(CodeIgniter\CodeIgniter))
 7 FCPATH\index.php(56): CodeIgniter\Boot::bootWeb(Object(Config\Paths))
WARNING - 2025-08-05 11:45:27 --> [DEPRECATED] Creation of dynamic property App\Controllers\WarehouseController::$userValidation is deprecated in APPPATH\Controllers\WarehouseController.php on line 20.
 1 APPPATH\Controllers\Home.php(34): App\Controllers\WarehouseController->__construct()
 2 SYSTEMPATH\CodeIgniter.php(933): App\Controllers\Home->index()
 3 SYSTEMPATH\CodeIgniter.php(509): CodeIgniter\CodeIgniter->runController(Object(App\Controllers\Home))
 4 SYSTEMPATH\CodeIgniter.php(355): CodeIgniter\CodeIgniter->handleRequest(null, Object(Config\Cache), false)
 5 SYSTEMPATH\Boot.php(325): CodeIgniter\CodeIgniter->run()
 6 SYSTEMPATH\Boot.php(67): CodeIgniter\Boot::runCodeIgniter(Object(CodeIgniter\CodeIgniter))
 7 FCPATH\index.php(56): CodeIgniter\Boot::bootWeb(Object(Config\Paths))
INFO - 2025-08-05 11:45:28 --> Session: Class initialized using 'CodeIgniter\Session\Handlers\FileHandler' driver.
WARNING - 2025-08-05 11:45:28 --> [DEPRECATED] Creation of dynamic property App\Controllers\DashboardController::$db is deprecated in APPPATH\Controllers\DashboardController.php on line 14.
 1 SYSTEMPATH\CodeIgniter.php(903): App\Controllers\DashboardController->__construct()
 2 SYSTEMPATH\CodeIgniter.php(500): CodeIgniter\CodeIgniter->createController()
 3 SYSTEMPATH\CodeIgniter.php(355): CodeIgniter\CodeIgniter->handleRequest(null, Object(Config\Cache), false)
 4 SYSTEMPATH\Boot.php(325): CodeIgniter\CodeIgniter->run()
 5 SYSTEMPATH\Boot.php(67): CodeIgniter\Boot::runCodeIgniter(Object(CodeIgniter\CodeIgniter))
 6 FCPATH\index.php(56): CodeIgniter\Boot::bootWeb(Object(Config\Paths))
WARNING - 2025-08-05 11:45:28 --> [DEPRECATED] Creation of dynamic property App\Controllers\DashboardController::$session is deprecated in APPPATH\Controllers\DashboardController.php on line 15.
 1 SYSTEMPATH\CodeIgniter.php(903): App\Controllers\DashboardController->__construct()
 2 SYSTEMPATH\CodeIgniter.php(500): CodeIgniter\CodeIgniter->createController()
 3 SYSTEMPATH\CodeIgniter.php(355): CodeIgniter\CodeIgniter->handleRequest(null, Object(Config\Cache), false)
 4 SYSTEMPATH\Boot.php(325): CodeIgniter\CodeIgniter->run()
 5 SYSTEMPATH\Boot.php(67): CodeIgniter\Boot::runCodeIgniter(Object(CodeIgniter\CodeIgniter))
 6 FCPATH\index.php(56): CodeIgniter\Boot::bootWeb(Object(Config\Paths))
WARNING - 2025-08-05 11:45:28 --> [DEPRECATED] Creation of dynamic property App\Controllers\DashboardController::$uri is deprecated in APPPATH\Controllers\DashboardController.php on line 16.
 1 SYSTEMPATH\CodeIgniter.php(903): App\Controllers\DashboardController->__construct()
 2 SYSTEMPATH\CodeIgniter.php(500): CodeIgniter\CodeIgniter->createController()
 3 SYSTEMPATH\CodeIgniter.php(355): CodeIgniter\CodeIgniter->handleRequest(null, Object(Config\Cache), false)
 4 SYSTEMPATH\Boot.php(325): CodeIgniter\CodeIgniter->run()
 5 SYSTEMPATH\Boot.php(67): CodeIgniter\Boot::runCodeIgniter(Object(CodeIgniter\CodeIgniter))
 6 FCPATH\index.php(56): CodeIgniter\Boot::bootWeb(Object(Config\Paths))
WARNING - 2025-08-05 11:45:28 --> [DEPRECATED] Creation of dynamic property App\Controllers\DashboardController::$form_validation is deprecated in APPPATH\Controllers\DashboardController.php on line 18.
 1 SYSTEMPATH\CodeIgniter.php(903): App\Controllers\DashboardController->__construct()
 2 SYSTEMPATH\CodeIgniter.php(500): CodeIgniter\CodeIgniter->createController()
 3 SYSTEMPATH\CodeIgniter.php(355): CodeIgniter\CodeIgniter->handleRequest(null, Object(Config\Cache), false)
 4 SYSTEMPATH\Boot.php(325): CodeIgniter\CodeIgniter->run()
 5 SYSTEMPATH\Boot.php(67): CodeIgniter\Boot::runCodeIgniter(Object(CodeIgniter\CodeIgniter))
 6 FCPATH\index.php(56): CodeIgniter\Boot::bootWeb(Object(Config\Paths))
WARNING - 2025-08-05 11:45:28 --> [DEPRECATED] Creation of dynamic property App\Controllers\DashboardController::$userValidation is deprecated in APPPATH\Controllers\DashboardController.php on line 19.
 1 SYSTEMPATH\CodeIgniter.php(903): App\Controllers\DashboardController->__construct()
 2 SYSTEMPATH\CodeIgniter.php(500): CodeIgniter\CodeIgniter->createController()
 3 SYSTEMPATH\CodeIgniter.php(355): CodeIgniter\CodeIgniter->handleRequest(null, Object(Config\Cache), false)
 4 SYSTEMPATH\Boot.php(325): CodeIgniter\CodeIgniter->run()
 5 SYSTEMPATH\Boot.php(67): CodeIgniter\Boot::runCodeIgniter(Object(CodeIgniter\CodeIgniter))
 6 FCPATH\index.php(56): CodeIgniter\Boot::bootWeb(Object(Config\Paths))
INFO - 2025-08-05 11:45:28 --> Session: Class initialized using 'CodeIgniter\Session\Handlers\FileHandler' driver.
WARNING - 2025-08-05 11:45:28 --> [DEPRECATED] Creation of dynamic property App\Controllers\DashboardController::$db is deprecated in APPPATH\Controllers\DashboardController.php on line 14.
 1 SYSTEMPATH\CodeIgniter.php(903): App\Controllers\DashboardController->__construct()
 2 SYSTEMPATH\CodeIgniter.php(500): CodeIgniter\CodeIgniter->createController()
 3 SYSTEMPATH\CodeIgniter.php(355): CodeIgniter\CodeIgniter->handleRequest(null, Object(Config\Cache), false)
 4 SYSTEMPATH\Boot.php(325): CodeIgniter\CodeIgniter->run()
 5 SYSTEMPATH\Boot.php(67): CodeIgniter\Boot::runCodeIgniter(Object(CodeIgniter\CodeIgniter))
 6 FCPATH\index.php(56): CodeIgniter\Boot::bootWeb(Object(Config\Paths))
WARNING - 2025-08-05 11:45:28 --> [DEPRECATED] Creation of dynamic property App\Controllers\DashboardController::$session is deprecated in APPPATH\Controllers\DashboardController.php on line 15.
 1 SYSTEMPATH\CodeIgniter.php(903): App\Controllers\DashboardController->__construct()
 2 SYSTEMPATH\CodeIgniter.php(500): CodeIgniter\CodeIgniter->createController()
 3 SYSTEMPATH\CodeIgniter.php(355): CodeIgniter\CodeIgniter->handleRequest(null, Object(Config\Cache), false)
 4 SYSTEMPATH\Boot.php(325): CodeIgniter\CodeIgniter->run()
 5 SYSTEMPATH\Boot.php(67): CodeIgniter\Boot::runCodeIgniter(Object(CodeIgniter\CodeIgniter))
 6 FCPATH\index.php(56): CodeIgniter\Boot::bootWeb(Object(Config\Paths))
WARNING - 2025-08-05 11:45:28 --> [DEPRECATED] Creation of dynamic property App\Controllers\DashboardController::$uri is deprecated in APPPATH\Controllers\DashboardController.php on line 16.
 1 SYSTEMPATH\CodeIgniter.php(903): App\Controllers\DashboardController->__construct()
 2 SYSTEMPATH\CodeIgniter.php(500): CodeIgniter\CodeIgniter->createController()
 3 SYSTEMPATH\CodeIgniter.php(355): CodeIgniter\CodeIgniter->handleRequest(null, Object(Config\Cache), false)
 4 SYSTEMPATH\Boot.php(325): CodeIgniter\CodeIgniter->run()
 5 SYSTEMPATH\Boot.php(67): CodeIgniter\Boot::runCodeIgniter(Object(CodeIgniter\CodeIgniter))
 6 FCPATH\index.php(56): CodeIgniter\Boot::bootWeb(Object(Config\Paths))
WARNING - 2025-08-05 11:45:28 --> [DEPRECATED] Creation of dynamic property App\Controllers\DashboardController::$form_validation is deprecated in APPPATH\Controllers\DashboardController.php on line 18.
 1 SYSTEMPATH\CodeIgniter.php(903): App\Controllers\DashboardController->__construct()
 2 SYSTEMPATH\CodeIgniter.php(500): CodeIgniter\CodeIgniter->createController()
 3 SYSTEMPATH\CodeIgniter.php(355): CodeIgniter\CodeIgniter->handleRequest(null, Object(Config\Cache), false)
 4 SYSTEMPATH\Boot.php(325): CodeIgniter\CodeIgniter->run()
 5 SYSTEMPATH\Boot.php(67): CodeIgniter\Boot::runCodeIgniter(Object(CodeIgniter\CodeIgniter))
 6 FCPATH\index.php(56): CodeIgniter\Boot::bootWeb(Object(Config\Paths))
WARNING - 2025-08-05 11:45:28 --> [DEPRECATED] Creation of dynamic property App\Controllers\DashboardController::$userValidation is deprecated in APPPATH\Controllers\DashboardController.php on line 19.
 1 SYSTEMPATH\CodeIgniter.php(903): App\Controllers\DashboardController->__construct()
 2 SYSTEMPATH\CodeIgniter.php(500): CodeIgniter\CodeIgniter->createController()
 3 SYSTEMPATH\CodeIgniter.php(355): CodeIgniter\CodeIgniter->handleRequest(null, Object(Config\Cache), false)
 4 SYSTEMPATH\Boot.php(325): CodeIgniter\CodeIgniter->run()
 5 SYSTEMPATH\Boot.php(67): CodeIgniter\Boot::runCodeIgniter(Object(CodeIgniter\CodeIgniter))
 6 FCPATH\index.php(56): CodeIgniter\Boot::bootWeb(Object(Config\Paths))
INFO - 2025-08-05 11:45:28 --> Session: Class initialized using 'CodeIgniter\Session\Handlers\FileHandler' driver.
WARNING - 2025-08-05 11:45:28 --> [DEPRECATED] Creation of dynamic property App\Controllers\DashboardController::$db is deprecated in APPPATH\Controllers\DashboardController.php on line 14.
 1 SYSTEMPATH\CodeIgniter.php(903): App\Controllers\DashboardController->__construct()
 2 SYSTEMPATH\CodeIgniter.php(500): CodeIgniter\CodeIgniter->createController()
 3 SYSTEMPATH\CodeIgniter.php(355): CodeIgniter\CodeIgniter->handleRequest(null, Object(Config\Cache), false)
 4 SYSTEMPATH\Boot.php(325): CodeIgniter\CodeIgniter->run()
 5 SYSTEMPATH\Boot.php(67): CodeIgniter\Boot::runCodeIgniter(Object(CodeIgniter\CodeIgniter))
 6 FCPATH\index.php(56): CodeIgniter\Boot::bootWeb(Object(Config\Paths))
WARNING - 2025-08-05 11:45:28 --> [DEPRECATED] Creation of dynamic property App\Controllers\DashboardController::$session is deprecated in APPPATH\Controllers\DashboardController.php on line 15.
 1 SYSTEMPATH\CodeIgniter.php(903): App\Controllers\DashboardController->__construct()
 2 SYSTEMPATH\CodeIgniter.php(500): CodeIgniter\CodeIgniter->createController()
 3 SYSTEMPATH\CodeIgniter.php(355): CodeIgniter\CodeIgniter->handleRequest(null, Object(Config\Cache), false)
 4 SYSTEMPATH\Boot.php(325): CodeIgniter\CodeIgniter->run()
 5 SYSTEMPATH\Boot.php(67): CodeIgniter\Boot::runCodeIgniter(Object(CodeIgniter\CodeIgniter))
 6 FCPATH\index.php(56): CodeIgniter\Boot::bootWeb(Object(Config\Paths))
WARNING - 2025-08-05 11:45:28 --> [DEPRECATED] Creation of dynamic property App\Controllers\DashboardController::$uri is deprecated in APPPATH\Controllers\DashboardController.php on line 16.
 1 SYSTEMPATH\CodeIgniter.php(903): App\Controllers\DashboardController->__construct()
 2 SYSTEMPATH\CodeIgniter.php(500): CodeIgniter\CodeIgniter->createController()
 3 SYSTEMPATH\CodeIgniter.php(355): CodeIgniter\CodeIgniter->handleRequest(null, Object(Config\Cache), false)
 4 SYSTEMPATH\Boot.php(325): CodeIgniter\CodeIgniter->run()
 5 SYSTEMPATH\Boot.php(67): CodeIgniter\Boot::runCodeIgniter(Object(CodeIgniter\CodeIgniter))
 6 FCPATH\index.php(56): CodeIgniter\Boot::bootWeb(Object(Config\Paths))
WARNING - 2025-08-05 11:45:28 --> [DEPRECATED] Creation of dynamic property App\Controllers\DashboardController::$form_validation is deprecated in APPPATH\Controllers\DashboardController.php on line 18.
 1 SYSTEMPATH\CodeIgniter.php(903): App\Controllers\DashboardController->__construct()
 2 SYSTEMPATH\CodeIgniter.php(500): CodeIgniter\CodeIgniter->createController()
 3 SYSTEMPATH\CodeIgniter.php(355): CodeIgniter\CodeIgniter->handleRequest(null, Object(Config\Cache), false)
 4 SYSTEMPATH\Boot.php(325): CodeIgniter\CodeIgniter->run()
 5 SYSTEMPATH\Boot.php(67): CodeIgniter\Boot::runCodeIgniter(Object(CodeIgniter\CodeIgniter))
 6 FCPATH\index.php(56): CodeIgniter\Boot::bootWeb(Object(Config\Paths))
WARNING - 2025-08-05 11:45:28 --> [DEPRECATED] Creation of dynamic property App\Controllers\DashboardController::$userValidation is deprecated in APPPATH\Controllers\DashboardController.php on line 19.
 1 SYSTEMPATH\CodeIgniter.php(903): App\Controllers\DashboardController->__construct()
 2 SYSTEMPATH\CodeIgniter.php(500): CodeIgniter\CodeIgniter->createController()
 3 SYSTEMPATH\CodeIgniter.php(355): CodeIgniter\CodeIgniter->handleRequest(null, Object(Config\Cache), false)
 4 SYSTEMPATH\Boot.php(325): CodeIgniter\CodeIgniter->run()
 5 SYSTEMPATH\Boot.php(67): CodeIgniter\Boot::runCodeIgniter(Object(CodeIgniter\CodeIgniter))
 6 FCPATH\index.php(56): CodeIgniter\Boot::bootWeb(Object(Config\Paths))
INFO - 2025-08-05 11:45:33 --> Session: Class initialized using 'CodeIgniter\Session\Handlers\FileHandler' driver.
INFO - 2025-08-05 11:45:33 --> Session: Class initialized using 'CodeIgniter\Session\Handlers\FileHandler' driver.
WARNING - 2025-08-05 11:45:33 --> [DEPRECATED] Creation of dynamic property App\Controllers\MaterialController::$db is deprecated in APPPATH\Controllers\MaterialController.php on line 15.
 1 SYSTEMPATH\CodeIgniter.php(903): App\Controllers\MaterialController->__construct()
 2 SYSTEMPATH\CodeIgniter.php(500): CodeIgniter\CodeIgniter->createController()
 3 SYSTEMPATH\CodeIgniter.php(355): CodeIgniter\CodeIgniter->handleRequest(null, Object(Config\Cache), false)
 4 SYSTEMPATH\Boot.php(325): CodeIgniter\CodeIgniter->run()
 5 SYSTEMPATH\Boot.php(67): CodeIgniter\Boot::runCodeIgniter(Object(CodeIgniter\CodeIgniter))
 6 FCPATH\index.php(56): CodeIgniter\Boot::bootWeb(Object(Config\Paths))
WARNING - 2025-08-05 11:45:33 --> [DEPRECATED] Creation of dynamic property App\Controllers\MaterialController::$session is deprecated in APPPATH\Controllers\MaterialController.php on line 16.
 1 SYSTEMPATH\CodeIgniter.php(903): App\Controllers\MaterialController->__construct()
 2 SYSTEMPATH\CodeIgniter.php(500): CodeIgniter\CodeIgniter->createController()
 3 SYSTEMPATH\CodeIgniter.php(355): CodeIgniter\CodeIgniter->handleRequest(null, Object(Config\Cache), false)
 4 SYSTEMPATH\Boot.php(325): CodeIgniter\CodeIgniter->run()
 5 SYSTEMPATH\Boot.php(67): CodeIgniter\Boot::runCodeIgniter(Object(CodeIgniter\CodeIgniter))
 6 FCPATH\index.php(56): CodeIgniter\Boot::bootWeb(Object(Config\Paths))
WARNING - 2025-08-05 11:45:33 --> [DEPRECATED] Creation of dynamic property App\Controllers\MaterialController::$uri is deprecated in APPPATH\Controllers\MaterialController.php on line 17.
 1 SYSTEMPATH\CodeIgniter.php(903): App\Controllers\MaterialController->__construct()
 2 SYSTEMPATH\CodeIgniter.php(500): CodeIgniter\CodeIgniter->createController()
 3 SYSTEMPATH\CodeIgniter.php(355): CodeIgniter\CodeIgniter->handleRequest(null, Object(Config\Cache), false)
 4 SYSTEMPATH\Boot.php(325): CodeIgniter\CodeIgniter->run()
 5 SYSTEMPATH\Boot.php(67): CodeIgniter\Boot::runCodeIgniter(Object(CodeIgniter\CodeIgniter))
 6 FCPATH\index.php(56): CodeIgniter\Boot::bootWeb(Object(Config\Paths))
WARNING - 2025-08-05 11:45:33 --> [DEPRECATED] Creation of dynamic property App\Controllers\MaterialController::$form_validation is deprecated in APPPATH\Controllers\MaterialController.php on line 19.
 1 SYSTEMPATH\CodeIgniter.php(903): App\Controllers\MaterialController->__construct()
 2 SYSTEMPATH\CodeIgniter.php(500): CodeIgniter\CodeIgniter->createController()
 3 SYSTEMPATH\CodeIgniter.php(355): CodeIgniter\CodeIgniter->handleRequest(null, Object(Config\Cache), false)
 4 SYSTEMPATH\Boot.php(325): CodeIgniter\CodeIgniter->run()
 5 SYSTEMPATH\Boot.php(67): CodeIgniter\Boot::runCodeIgniter(Object(CodeIgniter\CodeIgniter))
 6 FCPATH\index.php(56): CodeIgniter\Boot::bootWeb(Object(Config\Paths))
WARNING - 2025-08-05 11:45:33 --> [DEPRECATED] Creation of dynamic property App\Controllers\MaterialController::$userValidation is deprecated in APPPATH\Controllers\MaterialController.php on line 20.
 1 SYSTEMPATH\CodeIgniter.php(903): App\Controllers\MaterialController->__construct()
 2 SYSTEMPATH\CodeIgniter.php(500): CodeIgniter\CodeIgniter->createController()
 3 SYSTEMPATH\CodeIgniter.php(355): CodeIgniter\CodeIgniter->handleRequest(null, Object(Config\Cache), false)
 4 SYSTEMPATH\Boot.php(325): CodeIgniter\CodeIgniter->run()
 5 SYSTEMPATH\Boot.php(67): CodeIgniter\Boot::runCodeIgniter(Object(CodeIgniter\CodeIgniter))
 6 FCPATH\index.php(56): CodeIgniter\Boot::bootWeb(Object(Config\Paths))
INFO - 2025-08-05 11:45:33 --> Session: Class initialized using 'CodeIgniter\Session\Handlers\FileHandler' driver.
WARNING - 2025-08-05 11:45:33 --> [DEPRECATED] Creation of dynamic property App\Controllers\MaterialController::$db is deprecated in APPPATH\Controllers\MaterialController.php on line 15.
 1 SYSTEMPATH\CodeIgniter.php(903): App\Controllers\MaterialController->__construct()
 2 SYSTEMPATH\CodeIgniter.php(500): CodeIgniter\CodeIgniter->createController()
 3 SYSTEMPATH\CodeIgniter.php(355): CodeIgniter\CodeIgniter->handleRequest(null, Object(Config\Cache), false)
 4 SYSTEMPATH\Boot.php(325): CodeIgniter\CodeIgniter->run()
 5 SYSTEMPATH\Boot.php(67): CodeIgniter\Boot::runCodeIgniter(Object(CodeIgniter\CodeIgniter))
 6 FCPATH\index.php(56): CodeIgniter\Boot::bootWeb(Object(Config\Paths))
WARNING - 2025-08-05 11:45:33 --> [DEPRECATED] Creation of dynamic property App\Controllers\MaterialController::$session is deprecated in APPPATH\Controllers\MaterialController.php on line 16.
 1 SYSTEMPATH\CodeIgniter.php(903): App\Controllers\MaterialController->__construct()
 2 SYSTEMPATH\CodeIgniter.php(500): CodeIgniter\CodeIgniter->createController()
 3 SYSTEMPATH\CodeIgniter.php(355): CodeIgniter\CodeIgniter->handleRequest(null, Object(Config\Cache), false)
 4 SYSTEMPATH\Boot.php(325): CodeIgniter\CodeIgniter->run()
 5 SYSTEMPATH\Boot.php(67): CodeIgniter\Boot::runCodeIgniter(Object(CodeIgniter\CodeIgniter))
 6 FCPATH\index.php(56): CodeIgniter\Boot::bootWeb(Object(Config\Paths))
WARNING - 2025-08-05 11:45:33 --> [DEPRECATED] Creation of dynamic property App\Controllers\MaterialController::$uri is deprecated in APPPATH\Controllers\MaterialController.php on line 17.
 1 SYSTEMPATH\CodeIgniter.php(903): App\Controllers\MaterialController->__construct()
 2 SYSTEMPATH\CodeIgniter.php(500): CodeIgniter\CodeIgniter->createController()
 3 SYSTEMPATH\CodeIgniter.php(355): CodeIgniter\CodeIgniter->handleRequest(null, Object(Config\Cache), false)
 4 SYSTEMPATH\Boot.php(325): CodeIgniter\CodeIgniter->run()
 5 SYSTEMPATH\Boot.php(67): CodeIgniter\Boot::runCodeIgniter(Object(CodeIgniter\CodeIgniter))
 6 FCPATH\index.php(56): CodeIgniter\Boot::bootWeb(Object(Config\Paths))
WARNING - 2025-08-05 11:45:33 --> [DEPRECATED] Creation of dynamic property App\Controllers\MaterialController::$form_validation is deprecated in APPPATH\Controllers\MaterialController.php on line 19.
 1 SYSTEMPATH\CodeIgniter.php(903): App\Controllers\MaterialController->__construct()
 2 SYSTEMPATH\CodeIgniter.php(500): CodeIgniter\CodeIgniter->createController()
 3 SYSTEMPATH\CodeIgniter.php(355): CodeIgniter\CodeIgniter->handleRequest(null, Object(Config\Cache), false)
 4 SYSTEMPATH\Boot.php(325): CodeIgniter\CodeIgniter->run()
 5 SYSTEMPATH\Boot.php(67): CodeIgniter\Boot::runCodeIgniter(Object(CodeIgniter\CodeIgniter))
 6 FCPATH\index.php(56): CodeIgniter\Boot::bootWeb(Object(Config\Paths))
WARNING - 2025-08-05 11:45:33 --> [DEPRECATED] Creation of dynamic property App\Controllers\MaterialController::$userValidation is deprecated in APPPATH\Controllers\MaterialController.php on line 20.
 1 SYSTEMPATH\CodeIgniter.php(903): App\Controllers\MaterialController->__construct()
 2 SYSTEMPATH\CodeIgniter.php(500): CodeIgniter\CodeIgniter->createController()
 3 SYSTEMPATH\CodeIgniter.php(355): CodeIgniter\CodeIgniter->handleRequest(null, Object(Config\Cache), false)
 4 SYSTEMPATH\Boot.php(325): CodeIgniter\CodeIgniter->run()
 5 SYSTEMPATH\Boot.php(67): CodeIgniter\Boot::runCodeIgniter(Object(CodeIgniter\CodeIgniter))
 6 FCPATH\index.php(56): CodeIgniter\Boot::bootWeb(Object(Config\Paths))
INFO - 2025-08-05 11:45:33 --> Session: Class initialized using 'CodeIgniter\Session\Handlers\FileHandler' driver.
WARNING - 2025-08-05 11:45:33 --> [DEPRECATED] Creation of dynamic property App\Controllers\MaterialController::$db is deprecated in APPPATH\Controllers\MaterialController.php on line 15.
 1 SYSTEMPATH\CodeIgniter.php(903): App\Controllers\MaterialController->__construct()
 2 SYSTEMPATH\CodeIgniter.php(500): CodeIgniter\CodeIgniter->createController()
 3 SYSTEMPATH\CodeIgniter.php(355): CodeIgniter\CodeIgniter->handleRequest(null, Object(Config\Cache), false)
 4 SYSTEMPATH\Boot.php(325): CodeIgniter\CodeIgniter->run()
 5 SYSTEMPATH\Boot.php(67): CodeIgniter\Boot::runCodeIgniter(Object(CodeIgniter\CodeIgniter))
 6 FCPATH\index.php(56): CodeIgniter\Boot::bootWeb(Object(Config\Paths))
WARNING - 2025-08-05 11:45:33 --> [DEPRECATED] Creation of dynamic property App\Controllers\MaterialController::$session is deprecated in APPPATH\Controllers\MaterialController.php on line 16.
 1 SYSTEMPATH\CodeIgniter.php(903): App\Controllers\MaterialController->__construct()
 2 SYSTEMPATH\CodeIgniter.php(500): CodeIgniter\CodeIgniter->createController()
 3 SYSTEMPATH\CodeIgniter.php(355): CodeIgniter\CodeIgniter->handleRequest(null, Object(Config\Cache), false)
 4 SYSTEMPATH\Boot.php(325): CodeIgniter\CodeIgniter->run()
 5 SYSTEMPATH\Boot.php(67): CodeIgniter\Boot::runCodeIgniter(Object(CodeIgniter\CodeIgniter))
 6 FCPATH\index.php(56): CodeIgniter\Boot::bootWeb(Object(Config\Paths))
WARNING - 2025-08-05 11:45:33 --> [DEPRECATED] Creation of dynamic property App\Controllers\MaterialController::$uri is deprecated in APPPATH\Controllers\MaterialController.php on line 17.
 1 SYSTEMPATH\CodeIgniter.php(903): App\Controllers\MaterialController->__construct()
 2 SYSTEMPATH\CodeIgniter.php(500): CodeIgniter\CodeIgniter->createController()
 3 SYSTEMPATH\CodeIgniter.php(355): CodeIgniter\CodeIgniter->handleRequest(null, Object(Config\Cache), false)
 4 SYSTEMPATH\Boot.php(325): CodeIgniter\CodeIgniter->run()
 5 SYSTEMPATH\Boot.php(67): CodeIgniter\Boot::runCodeIgniter(Object(CodeIgniter\CodeIgniter))
 6 FCPATH\index.php(56): CodeIgniter\Boot::bootWeb(Object(Config\Paths))
WARNING - 2025-08-05 11:45:33 --> [DEPRECATED] Creation of dynamic property App\Controllers\MaterialController::$form_validation is deprecated in APPPATH\Controllers\MaterialController.php on line 19.
 1 SYSTEMPATH\CodeIgniter.php(903): App\Controllers\MaterialController->__construct()
 2 SYSTEMPATH\CodeIgniter.php(500): CodeIgniter\CodeIgniter->createController()
 3 SYSTEMPATH\CodeIgniter.php(355): CodeIgniter\CodeIgniter->handleRequest(null, Object(Config\Cache), false)
 4 SYSTEMPATH\Boot.php(325): CodeIgniter\CodeIgniter->run()
 5 SYSTEMPATH\Boot.php(67): CodeIgniter\Boot::runCodeIgniter(Object(CodeIgniter\CodeIgniter))
 6 FCPATH\index.php(56): CodeIgniter\Boot::bootWeb(Object(Config\Paths))
WARNING - 2025-08-05 11:45:33 --> [DEPRECATED] Creation of dynamic property App\Controllers\MaterialController::$userValidation is deprecated in APPPATH\Controllers\MaterialController.php on line 20.
 1 SYSTEMPATH\CodeIgniter.php(903): App\Controllers\MaterialController->__construct()
 2 SYSTEMPATH\CodeIgniter.php(500): CodeIgniter\CodeIgniter->createController()
 3 SYSTEMPATH\CodeIgniter.php(355): CodeIgniter\CodeIgniter->handleRequest(null, Object(Config\Cache), false)
 4 SYSTEMPATH\Boot.php(325): CodeIgniter\CodeIgniter->run()
 5 SYSTEMPATH\Boot.php(67): CodeIgniter\Boot::runCodeIgniter(Object(CodeIgniter\CodeIgniter))
 6 FCPATH\index.php(56): CodeIgniter\Boot::bootWeb(Object(Config\Paths))
INFO - 2025-08-05 11:45:35 --> Session: Class initialized using 'CodeIgniter\Session\Handlers\FileHandler' driver.
WARNING - 2025-08-05 11:45:35 --> [DEPRECATED] Creation of dynamic property App\Controllers\MaterialController::$db is deprecated in APPPATH\Controllers\MaterialController.php on line 15.
 1 SYSTEMPATH\CodeIgniter.php(903): App\Controllers\MaterialController->__construct()
 2 SYSTEMPATH\CodeIgniter.php(500): CodeIgniter\CodeIgniter->createController()
 3 SYSTEMPATH\CodeIgniter.php(355): CodeIgniter\CodeIgniter->handleRequest(null, Object(Config\Cache), false)
 4 SYSTEMPATH\Boot.php(325): CodeIgniter\CodeIgniter->run()
 5 SYSTEMPATH\Boot.php(67): CodeIgniter\Boot::runCodeIgniter(Object(CodeIgniter\CodeIgniter))
 6 FCPATH\index.php(56): CodeIgniter\Boot::bootWeb(Object(Config\Paths))
WARNING - 2025-08-05 11:45:35 --> [DEPRECATED] Creation of dynamic property App\Controllers\MaterialController::$session is deprecated in APPPATH\Controllers\MaterialController.php on line 16.
 1 SYSTEMPATH\CodeIgniter.php(903): App\Controllers\MaterialController->__construct()
 2 SYSTEMPATH\CodeIgniter.php(500): CodeIgniter\CodeIgniter->createController()
 3 SYSTEMPATH\CodeIgniter.php(355): CodeIgniter\CodeIgniter->handleRequest(null, Object(Config\Cache), false)
 4 SYSTEMPATH\Boot.php(325): CodeIgniter\CodeIgniter->run()
 5 SYSTEMPATH\Boot.php(67): CodeIgniter\Boot::runCodeIgniter(Object(CodeIgniter\CodeIgniter))
 6 FCPATH\index.php(56): CodeIgniter\Boot::bootWeb(Object(Config\Paths))
WARNING - 2025-08-05 11:45:35 --> [DEPRECATED] Creation of dynamic property App\Controllers\MaterialController::$uri is deprecated in APPPATH\Controllers\MaterialController.php on line 17.
 1 SYSTEMPATH\CodeIgniter.php(903): App\Controllers\MaterialController->__construct()
 2 SYSTEMPATH\CodeIgniter.php(500): CodeIgniter\CodeIgniter->createController()
 3 SYSTEMPATH\CodeIgniter.php(355): CodeIgniter\CodeIgniter->handleRequest(null, Object(Config\Cache), false)
 4 SYSTEMPATH\Boot.php(325): CodeIgniter\CodeIgniter->run()
 5 SYSTEMPATH\Boot.php(67): CodeIgniter\Boot::runCodeIgniter(Object(CodeIgniter\CodeIgniter))
 6 FCPATH\index.php(56): CodeIgniter\Boot::bootWeb(Object(Config\Paths))
WARNING - 2025-08-05 11:45:35 --> [DEPRECATED] Creation of dynamic property App\Controllers\MaterialController::$form_validation is deprecated in APPPATH\Controllers\MaterialController.php on line 19.
 1 SYSTEMPATH\CodeIgniter.php(903): App\Controllers\MaterialController->__construct()
 2 SYSTEMPATH\CodeIgniter.php(500): CodeIgniter\CodeIgniter->createController()
 3 SYSTEMPATH\CodeIgniter.php(355): CodeIgniter\CodeIgniter->handleRequest(null, Object(Config\Cache), false)
 4 SYSTEMPATH\Boot.php(325): CodeIgniter\CodeIgniter->run()
 5 SYSTEMPATH\Boot.php(67): CodeIgniter\Boot::runCodeIgniter(Object(CodeIgniter\CodeIgniter))
 6 FCPATH\index.php(56): CodeIgniter\Boot::bootWeb(Object(Config\Paths))
WARNING - 2025-08-05 11:45:35 --> [DEPRECATED] Creation of dynamic property App\Controllers\MaterialController::$userValidation is deprecated in APPPATH\Controllers\MaterialController.php on line 20.
 1 SYSTEMPATH\CodeIgniter.php(903): App\Controllers\MaterialController->__construct()
 2 SYSTEMPATH\CodeIgniter.php(500): CodeIgniter\CodeIgniter->createController()
 3 SYSTEMPATH\CodeIgniter.php(355): CodeIgniter\CodeIgniter->handleRequest(null, Object(Config\Cache), false)
 4 SYSTEMPATH\Boot.php(325): CodeIgniter\CodeIgniter->run()
 5 SYSTEMPATH\Boot.php(67): CodeIgniter\Boot::runCodeIgniter(Object(CodeIgniter\CodeIgniter))
 6 FCPATH\index.php(56): CodeIgniter\Boot::bootWeb(Object(Config\Paths))
INFO - 2025-08-05 11:45:36 --> Session: Class initialized using 'CodeIgniter\Session\Handlers\FileHandler' driver.
WARNING - 2025-08-05 11:45:36 --> [DEPRECATED] Creation of dynamic property App\Controllers\MaterialController::$db is deprecated in APPPATH\Controllers\MaterialController.php on line 15.
 1 SYSTEMPATH\CodeIgniter.php(903): App\Controllers\MaterialController->__construct()
 2 SYSTEMPATH\CodeIgniter.php(500): CodeIgniter\CodeIgniter->createController()
 3 SYSTEMPATH\CodeIgniter.php(355): CodeIgniter\CodeIgniter->handleRequest(null, Object(Config\Cache), false)
 4 SYSTEMPATH\Boot.php(325): CodeIgniter\CodeIgniter->run()
 5 SYSTEMPATH\Boot.php(67): CodeIgniter\Boot::runCodeIgniter(Object(CodeIgniter\CodeIgniter))
 6 FCPATH\index.php(56): CodeIgniter\Boot::bootWeb(Object(Config\Paths))
WARNING - 2025-08-05 11:45:36 --> [DEPRECATED] Creation of dynamic property App\Controllers\MaterialController::$session is deprecated in APPPATH\Controllers\MaterialController.php on line 16.
 1 SYSTEMPATH\CodeIgniter.php(903): App\Controllers\MaterialController->__construct()
 2 SYSTEMPATH\CodeIgniter.php(500): CodeIgniter\CodeIgniter->createController()
 3 SYSTEMPATH\CodeIgniter.php(355): CodeIgniter\CodeIgniter->handleRequest(null, Object(Config\Cache), false)
 4 SYSTEMPATH\Boot.php(325): CodeIgniter\CodeIgniter->run()
 5 SYSTEMPATH\Boot.php(67): CodeIgniter\Boot::runCodeIgniter(Object(CodeIgniter\CodeIgniter))
 6 FCPATH\index.php(56): CodeIgniter\Boot::bootWeb(Object(Config\Paths))
WARNING - 2025-08-05 11:45:36 --> [DEPRECATED] Creation of dynamic property App\Controllers\MaterialController::$uri is deprecated in APPPATH\Controllers\MaterialController.php on line 17.
 1 SYSTEMPATH\CodeIgniter.php(903): App\Controllers\MaterialController->__construct()
 2 SYSTEMPATH\CodeIgniter.php(500): CodeIgniter\CodeIgniter->createController()
 3 SYSTEMPATH\CodeIgniter.php(355): CodeIgniter\CodeIgniter->handleRequest(null, Object(Config\Cache), false)
 4 SYSTEMPATH\Boot.php(325): CodeIgniter\CodeIgniter->run()
 5 SYSTEMPATH\Boot.php(67): CodeIgniter\Boot::runCodeIgniter(Object(CodeIgniter\CodeIgniter))
 6 FCPATH\index.php(56): CodeIgniter\Boot::bootWeb(Object(Config\Paths))
WARNING - 2025-08-05 11:45:36 --> [DEPRECATED] Creation of dynamic property App\Controllers\MaterialController::$form_validation is deprecated in APPPATH\Controllers\MaterialController.php on line 19.
 1 SYSTEMPATH\CodeIgniter.php(903): App\Controllers\MaterialController->__construct()
 2 SYSTEMPATH\CodeIgniter.php(500): CodeIgniter\CodeIgniter->createController()
 3 SYSTEMPATH\CodeIgniter.php(355): CodeIgniter\CodeIgniter->handleRequest(null, Object(Config\Cache), false)
 4 SYSTEMPATH\Boot.php(325): CodeIgniter\CodeIgniter->run()
 5 SYSTEMPATH\Boot.php(67): CodeIgniter\Boot::runCodeIgniter(Object(CodeIgniter\CodeIgniter))
 6 FCPATH\index.php(56): CodeIgniter\Boot::bootWeb(Object(Config\Paths))
WARNING - 2025-08-05 11:45:36 --> [DEPRECATED] Creation of dynamic property App\Controllers\MaterialController::$userValidation is deprecated in APPPATH\Controllers\MaterialController.php on line 20.
 1 SYSTEMPATH\CodeIgniter.php(903): App\Controllers\MaterialController->__construct()
 2 SYSTEMPATH\CodeIgniter.php(500): CodeIgniter\CodeIgniter->createController()
 3 SYSTEMPATH\CodeIgniter.php(355): CodeIgniter\CodeIgniter->handleRequest(null, Object(Config\Cache), false)
 4 SYSTEMPATH\Boot.php(325): CodeIgniter\CodeIgniter->run()
 5 SYSTEMPATH\Boot.php(67): CodeIgniter\Boot::runCodeIgniter(Object(CodeIgniter\CodeIgniter))
 6 FCPATH\index.php(56): CodeIgniter\Boot::bootWeb(Object(Config\Paths))
INFO - 2025-08-05 11:45:37 --> Session: Class initialized using 'CodeIgniter\Session\Handlers\FileHandler' driver.
WARNING - 2025-08-05 11:45:37 --> [DEPRECATED] Creation of dynamic property App\Controllers\MaterialController::$db is deprecated in APPPATH\Controllers\MaterialController.php on line 15.
 1 SYSTEMPATH\CodeIgniter.php(903): App\Controllers\MaterialController->__construct()
 2 SYSTEMPATH\CodeIgniter.php(500): CodeIgniter\CodeIgniter->createController()
 3 SYSTEMPATH\CodeIgniter.php(355): CodeIgniter\CodeIgniter->handleRequest(null, Object(Config\Cache), false)
 4 SYSTEMPATH\Boot.php(325): CodeIgniter\CodeIgniter->run()
 5 SYSTEMPATH\Boot.php(67): CodeIgniter\Boot::runCodeIgniter(Object(CodeIgniter\CodeIgniter))
 6 FCPATH\index.php(56): CodeIgniter\Boot::bootWeb(Object(Config\Paths))
WARNING - 2025-08-05 11:45:37 --> [DEPRECATED] Creation of dynamic property App\Controllers\MaterialController::$session is deprecated in APPPATH\Controllers\MaterialController.php on line 16.
 1 SYSTEMPATH\CodeIgniter.php(903): App\Controllers\MaterialController->__construct()
 2 SYSTEMPATH\CodeIgniter.php(500): CodeIgniter\CodeIgniter->createController()
 3 SYSTEMPATH\CodeIgniter.php(355): CodeIgniter\CodeIgniter->handleRequest(null, Object(Config\Cache), false)
 4 SYSTEMPATH\Boot.php(325): CodeIgniter\CodeIgniter->run()
 5 SYSTEMPATH\Boot.php(67): CodeIgniter\Boot::runCodeIgniter(Object(CodeIgniter\CodeIgniter))
 6 FCPATH\index.php(56): CodeIgniter\Boot::bootWeb(Object(Config\Paths))
WARNING - 2025-08-05 11:45:37 --> [DEPRECATED] Creation of dynamic property App\Controllers\MaterialController::$uri is deprecated in APPPATH\Controllers\MaterialController.php on line 17.
 1 SYSTEMPATH\CodeIgniter.php(903): App\Controllers\MaterialController->__construct()
 2 SYSTEMPATH\CodeIgniter.php(500): CodeIgniter\CodeIgniter->createController()
 3 SYSTEMPATH\CodeIgniter.php(355): CodeIgniter\CodeIgniter->handleRequest(null, Object(Config\Cache), false)
 4 SYSTEMPATH\Boot.php(325): CodeIgniter\CodeIgniter->run()
 5 SYSTEMPATH\Boot.php(67): CodeIgniter\Boot::runCodeIgniter(Object(CodeIgniter\CodeIgniter))
 6 FCPATH\index.php(56): CodeIgniter\Boot::bootWeb(Object(Config\Paths))
WARNING - 2025-08-05 11:45:37 --> [DEPRECATED] Creation of dynamic property App\Controllers\MaterialController::$form_validation is deprecated in APPPATH\Controllers\MaterialController.php on line 19.
 1 SYSTEMPATH\CodeIgniter.php(903): App\Controllers\MaterialController->__construct()
 2 SYSTEMPATH\CodeIgniter.php(500): CodeIgniter\CodeIgniter->createController()
 3 SYSTEMPATH\CodeIgniter.php(355): CodeIgniter\CodeIgniter->handleRequest(null, Object(Config\Cache), false)
 4 SYSTEMPATH\Boot.php(325): CodeIgniter\CodeIgniter->run()
 5 SYSTEMPATH\Boot.php(67): CodeIgniter\Boot::runCodeIgniter(Object(CodeIgniter\CodeIgniter))
 6 FCPATH\index.php(56): CodeIgniter\Boot::bootWeb(Object(Config\Paths))
WARNING - 2025-08-05 11:45:37 --> [DEPRECATED] Creation of dynamic property App\Controllers\MaterialController::$userValidation is deprecated in APPPATH\Controllers\MaterialController.php on line 20.
 1 SYSTEMPATH\CodeIgniter.php(903): App\Controllers\MaterialController->__construct()
 2 SYSTEMPATH\CodeIgniter.php(500): CodeIgniter\CodeIgniter->createController()
 3 SYSTEMPATH\CodeIgniter.php(355): CodeIgniter\CodeIgniter->handleRequest(null, Object(Config\Cache), false)
 4 SYSTEMPATH\Boot.php(325): CodeIgniter\CodeIgniter->run()
 5 SYSTEMPATH\Boot.php(67): CodeIgniter\Boot::runCodeIgniter(Object(CodeIgniter\CodeIgniter))
 6 FCPATH\index.php(56): CodeIgniter\Boot::bootWeb(Object(Config\Paths))
INFO - 2025-08-05 11:45:40 --> Session: Class initialized using 'CodeIgniter\Session\Handlers\FileHandler' driver.
WARNING - 2025-08-05 11:45:40 --> [DEPRECATED] Creation of dynamic property App\Controllers\MaterialController::$db is deprecated in APPPATH\Controllers\MaterialController.php on line 15.
 1 SYSTEMPATH\CodeIgniter.php(903): App\Controllers\MaterialController->__construct()
 2 SYSTEMPATH\CodeIgniter.php(500): CodeIgniter\CodeIgniter->createController()
 3 SYSTEMPATH\CodeIgniter.php(355): CodeIgniter\CodeIgniter->handleRequest(null, Object(Config\Cache), false)
 4 SYSTEMPATH\Boot.php(325): CodeIgniter\CodeIgniter->run()
 5 SYSTEMPATH\Boot.php(67): CodeIgniter\Boot::runCodeIgniter(Object(CodeIgniter\CodeIgniter))
 6 FCPATH\index.php(56): CodeIgniter\Boot::bootWeb(Object(Config\Paths))
WARNING - 2025-08-05 11:45:40 --> [DEPRECATED] Creation of dynamic property App\Controllers\MaterialController::$session is deprecated in APPPATH\Controllers\MaterialController.php on line 16.
 1 SYSTEMPATH\CodeIgniter.php(903): App\Controllers\MaterialController->__construct()
 2 SYSTEMPATH\CodeIgniter.php(500): CodeIgniter\CodeIgniter->createController()
 3 SYSTEMPATH\CodeIgniter.php(355): CodeIgniter\CodeIgniter->handleRequest(null, Object(Config\Cache), false)
 4 SYSTEMPATH\Boot.php(325): CodeIgniter\CodeIgniter->run()
 5 SYSTEMPATH\Boot.php(67): CodeIgniter\Boot::runCodeIgniter(Object(CodeIgniter\CodeIgniter))
 6 FCPATH\index.php(56): CodeIgniter\Boot::bootWeb(Object(Config\Paths))
WARNING - 2025-08-05 11:45:40 --> [DEPRECATED] Creation of dynamic property App\Controllers\MaterialController::$uri is deprecated in APPPATH\Controllers\MaterialController.php on line 17.
 1 SYSTEMPATH\CodeIgniter.php(903): App\Controllers\MaterialController->__construct()
 2 SYSTEMPATH\CodeIgniter.php(500): CodeIgniter\CodeIgniter->createController()
 3 SYSTEMPATH\CodeIgniter.php(355): CodeIgniter\CodeIgniter->handleRequest(null, Object(Config\Cache), false)
 4 SYSTEMPATH\Boot.php(325): CodeIgniter\CodeIgniter->run()
 5 SYSTEMPATH\Boot.php(67): CodeIgniter\Boot::runCodeIgniter(Object(CodeIgniter\CodeIgniter))
 6 FCPATH\index.php(56): CodeIgniter\Boot::bootWeb(Object(Config\Paths))
WARNING - 2025-08-05 11:45:40 --> [DEPRECATED] Creation of dynamic property App\Controllers\MaterialController::$form_validation is deprecated in APPPATH\Controllers\MaterialController.php on line 19.
 1 SYSTEMPATH\CodeIgniter.php(903): App\Controllers\MaterialController->__construct()
 2 SYSTEMPATH\CodeIgniter.php(500): CodeIgniter\CodeIgniter->createController()
 3 SYSTEMPATH\CodeIgniter.php(355): CodeIgniter\CodeIgniter->handleRequest(null, Object(Config\Cache), false)
 4 SYSTEMPATH\Boot.php(325): CodeIgniter\CodeIgniter->run()
 5 SYSTEMPATH\Boot.php(67): CodeIgniter\Boot::runCodeIgniter(Object(CodeIgniter\CodeIgniter))
 6 FCPATH\index.php(56): CodeIgniter\Boot::bootWeb(Object(Config\Paths))
WARNING - 2025-08-05 11:45:40 --> [DEPRECATED] Creation of dynamic property App\Controllers\MaterialController::$userValidation is deprecated in APPPATH\Controllers\MaterialController.php on line 20.
 1 SYSTEMPATH\CodeIgniter.php(903): App\Controllers\MaterialController->__construct()
 2 SYSTEMPATH\CodeIgniter.php(500): CodeIgniter\CodeIgniter->createController()
 3 SYSTEMPATH\CodeIgniter.php(355): CodeIgniter\CodeIgniter->handleRequest(null, Object(Config\Cache), false)
 4 SYSTEMPATH\Boot.php(325): CodeIgniter\CodeIgniter->run()
 5 SYSTEMPATH\Boot.php(67): CodeIgniter\Boot::runCodeIgniter(Object(CodeIgniter\CodeIgniter))
 6 FCPATH\index.php(56): CodeIgniter\Boot::bootWeb(Object(Config\Paths))
INFO - 2025-08-05 11:45:41 --> Session: Class initialized using 'CodeIgniter\Session\Handlers\FileHandler' driver.
WARNING - 2025-08-05 11:45:41 --> [DEPRECATED] Creation of dynamic property App\Controllers\MaterialController::$db is deprecated in APPPATH\Controllers\MaterialController.php on line 15.
 1 SYSTEMPATH\CodeIgniter.php(903): App\Controllers\MaterialController->__construct()
 2 SYSTEMPATH\CodeIgniter.php(500): CodeIgniter\CodeIgniter->createController()
 3 SYSTEMPATH\CodeIgniter.php(355): CodeIgniter\CodeIgniter->handleRequest(null, Object(Config\Cache), false)
 4 SYSTEMPATH\Boot.php(325): CodeIgniter\CodeIgniter->run()
 5 SYSTEMPATH\Boot.php(67): CodeIgniter\Boot::runCodeIgniter(Object(CodeIgniter\CodeIgniter))
 6 FCPATH\index.php(56): CodeIgniter\Boot::bootWeb(Object(Config\Paths))
WARNING - 2025-08-05 11:45:41 --> [DEPRECATED] Creation of dynamic property App\Controllers\MaterialController::$session is deprecated in APPPATH\Controllers\MaterialController.php on line 16.
 1 SYSTEMPATH\CodeIgniter.php(903): App\Controllers\MaterialController->__construct()
 2 SYSTEMPATH\CodeIgniter.php(500): CodeIgniter\CodeIgniter->createController()
 3 SYSTEMPATH\CodeIgniter.php(355): CodeIgniter\CodeIgniter->handleRequest(null, Object(Config\Cache), false)
 4 SYSTEMPATH\Boot.php(325): CodeIgniter\CodeIgniter->run()
 5 SYSTEMPATH\Boot.php(67): CodeIgniter\Boot::runCodeIgniter(Object(CodeIgniter\CodeIgniter))
 6 FCPATH\index.php(56): CodeIgniter\Boot::bootWeb(Object(Config\Paths))
WARNING - 2025-08-05 11:45:41 --> [DEPRECATED] Creation of dynamic property App\Controllers\MaterialController::$uri is deprecated in APPPATH\Controllers\MaterialController.php on line 17.
 1 SYSTEMPATH\CodeIgniter.php(903): App\Controllers\MaterialController->__construct()
 2 SYSTEMPATH\CodeIgniter.php(500): CodeIgniter\CodeIgniter->createController()
 3 SYSTEMPATH\CodeIgniter.php(355): CodeIgniter\CodeIgniter->handleRequest(null, Object(Config\Cache), false)
 4 SYSTEMPATH\Boot.php(325): CodeIgniter\CodeIgniter->run()
 5 SYSTEMPATH\Boot.php(67): CodeIgniter\Boot::runCodeIgniter(Object(CodeIgniter\CodeIgniter))
 6 FCPATH\index.php(56): CodeIgniter\Boot::bootWeb(Object(Config\Paths))
WARNING - 2025-08-05 11:45:42 --> [DEPRECATED] Creation of dynamic property App\Controllers\MaterialController::$form_validation is deprecated in APPPATH\Controllers\MaterialController.php on line 19.
 1 SYSTEMPATH\CodeIgniter.php(903): App\Controllers\MaterialController->__construct()
 2 SYSTEMPATH\CodeIgniter.php(500): CodeIgniter\CodeIgniter->createController()
 3 SYSTEMPATH\CodeIgniter.php(355): CodeIgniter\CodeIgniter->handleRequest(null, Object(Config\Cache), false)
 4 SYSTEMPATH\Boot.php(325): CodeIgniter\CodeIgniter->run()
 5 SYSTEMPATH\Boot.php(67): CodeIgniter\Boot::runCodeIgniter(Object(CodeIgniter\CodeIgniter))
 6 FCPATH\index.php(56): CodeIgniter\Boot::bootWeb(Object(Config\Paths))
WARNING - 2025-08-05 11:45:42 --> [DEPRECATED] Creation of dynamic property App\Controllers\MaterialController::$userValidation is deprecated in APPPATH\Controllers\MaterialController.php on line 20.
 1 SYSTEMPATH\CodeIgniter.php(903): App\Controllers\MaterialController->__construct()
 2 SYSTEMPATH\CodeIgniter.php(500): CodeIgniter\CodeIgniter->createController()
 3 SYSTEMPATH\CodeIgniter.php(355): CodeIgniter\CodeIgniter->handleRequest(null, Object(Config\Cache), false)
 4 SYSTEMPATH\Boot.php(325): CodeIgniter\CodeIgniter->run()
 5 SYSTEMPATH\Boot.php(67): CodeIgniter\Boot::runCodeIgniter(Object(CodeIgniter\CodeIgniter))
 6 FCPATH\index.php(56): CodeIgniter\Boot::bootWeb(Object(Config\Paths))
INFO - 2025-08-05 11:45:44 --> Session: Class initialized using 'CodeIgniter\Session\Handlers\FileHandler' driver.
WARNING - 2025-08-05 11:45:44 --> [DEPRECATED] Creation of dynamic property App\Controllers\MaterialController::$db is deprecated in APPPATH\Controllers\MaterialController.php on line 15.
 1 SYSTEMPATH\CodeIgniter.php(903): App\Controllers\MaterialController->__construct()
 2 SYSTEMPATH\CodeIgniter.php(500): CodeIgniter\CodeIgniter->createController()
 3 SYSTEMPATH\CodeIgniter.php(355): CodeIgniter\CodeIgniter->handleRequest(null, Object(Config\Cache), false)
 4 SYSTEMPATH\Boot.php(325): CodeIgniter\CodeIgniter->run()
 5 SYSTEMPATH\Boot.php(67): CodeIgniter\Boot::runCodeIgniter(Object(CodeIgniter\CodeIgniter))
 6 FCPATH\index.php(56): CodeIgniter\Boot::bootWeb(Object(Config\Paths))
WARNING - 2025-08-05 11:45:44 --> [DEPRECATED] Creation of dynamic property App\Controllers\MaterialController::$session is deprecated in APPPATH\Controllers\MaterialController.php on line 16.
 1 SYSTEMPATH\CodeIgniter.php(903): App\Controllers\MaterialController->__construct()
 2 SYSTEMPATH\CodeIgniter.php(500): CodeIgniter\CodeIgniter->createController()
 3 SYSTEMPATH\CodeIgniter.php(355): CodeIgniter\CodeIgniter->handleRequest(null, Object(Config\Cache), false)
 4 SYSTEMPATH\Boot.php(325): CodeIgniter\CodeIgniter->run()
 5 SYSTEMPATH\Boot.php(67): CodeIgniter\Boot::runCodeIgniter(Object(CodeIgniter\CodeIgniter))
 6 FCPATH\index.php(56): CodeIgniter\Boot::bootWeb(Object(Config\Paths))
WARNING - 2025-08-05 11:45:44 --> [DEPRECATED] Creation of dynamic property App\Controllers\MaterialController::$uri is deprecated in APPPATH\Controllers\MaterialController.php on line 17.
 1 SYSTEMPATH\CodeIgniter.php(903): App\Controllers\MaterialController->__construct()
 2 SYSTEMPATH\CodeIgniter.php(500): CodeIgniter\CodeIgniter->createController()
 3 SYSTEMPATH\CodeIgniter.php(355): CodeIgniter\CodeIgniter->handleRequest(null, Object(Config\Cache), false)
 4 SYSTEMPATH\Boot.php(325): CodeIgniter\CodeIgniter->run()
 5 SYSTEMPATH\Boot.php(67): CodeIgniter\Boot::runCodeIgniter(Object(CodeIgniter\CodeIgniter))
 6 FCPATH\index.php(56): CodeIgniter\Boot::bootWeb(Object(Config\Paths))
WARNING - 2025-08-05 11:45:44 --> [DEPRECATED] Creation of dynamic property App\Controllers\MaterialController::$form_validation is deprecated in APPPATH\Controllers\MaterialController.php on line 19.
 1 SYSTEMPATH\CodeIgniter.php(903): App\Controllers\MaterialController->__construct()
 2 SYSTEMPATH\CodeIgniter.php(500): CodeIgniter\CodeIgniter->createController()
 3 SYSTEMPATH\CodeIgniter.php(355): CodeIgniter\CodeIgniter->handleRequest(null, Object(Config\Cache), false)
 4 SYSTEMPATH\Boot.php(325): CodeIgniter\CodeIgniter->run()
 5 SYSTEMPATH\Boot.php(67): CodeIgniter\Boot::runCodeIgniter(Object(CodeIgniter\CodeIgniter))
 6 FCPATH\index.php(56): CodeIgniter\Boot::bootWeb(Object(Config\Paths))
WARNING - 2025-08-05 11:45:44 --> [DEPRECATED] Creation of dynamic property App\Controllers\MaterialController::$userValidation is deprecated in APPPATH\Controllers\MaterialController.php on line 20.
 1 SYSTEMPATH\CodeIgniter.php(903): App\Controllers\MaterialController->__construct()
 2 SYSTEMPATH\CodeIgniter.php(500): CodeIgniter\CodeIgniter->createController()
 3 SYSTEMPATH\CodeIgniter.php(355): CodeIgniter\CodeIgniter->handleRequest(null, Object(Config\Cache), false)
 4 SYSTEMPATH\Boot.php(325): CodeIgniter\CodeIgniter->run()
 5 SYSTEMPATH\Boot.php(67): CodeIgniter\Boot::runCodeIgniter(Object(CodeIgniter\CodeIgniter))
 6 FCPATH\index.php(56): CodeIgniter\Boot::bootWeb(Object(Config\Paths))
INFO - 2025-08-05 11:45:44 --> Session: Class initialized using 'CodeIgniter\Session\Handlers\FileHandler' driver.
WARNING - 2025-08-05 11:45:44 --> [DEPRECATED] Creation of dynamic property App\Controllers\MaterialController::$db is deprecated in APPPATH\Controllers\MaterialController.php on line 15.
 1 SYSTEMPATH\CodeIgniter.php(903): App\Controllers\MaterialController->__construct()
 2 SYSTEMPATH\CodeIgniter.php(500): CodeIgniter\CodeIgniter->createController()
 3 SYSTEMPATH\CodeIgniter.php(355): CodeIgniter\CodeIgniter->handleRequest(null, Object(Config\Cache), false)
 4 SYSTEMPATH\Boot.php(325): CodeIgniter\CodeIgniter->run()
 5 SYSTEMPATH\Boot.php(67): CodeIgniter\Boot::runCodeIgniter(Object(CodeIgniter\CodeIgniter))
 6 FCPATH\index.php(56): CodeIgniter\Boot::bootWeb(Object(Config\Paths))
WARNING - 2025-08-05 11:45:44 --> [DEPRECATED] Creation of dynamic property App\Controllers\MaterialController::$session is deprecated in APPPATH\Controllers\MaterialController.php on line 16.
 1 SYSTEMPATH\CodeIgniter.php(903): App\Controllers\MaterialController->__construct()
 2 SYSTEMPATH\CodeIgniter.php(500): CodeIgniter\CodeIgniter->createController()
 3 SYSTEMPATH\CodeIgniter.php(355): CodeIgniter\CodeIgniter->handleRequest(null, Object(Config\Cache), false)
 4 SYSTEMPATH\Boot.php(325): CodeIgniter\CodeIgniter->run()
 5 SYSTEMPATH\Boot.php(67): CodeIgniter\Boot::runCodeIgniter(Object(CodeIgniter\CodeIgniter))
 6 FCPATH\index.php(56): CodeIgniter\Boot::bootWeb(Object(Config\Paths))
WARNING - 2025-08-05 11:45:44 --> [DEPRECATED] Creation of dynamic property App\Controllers\MaterialController::$uri is deprecated in APPPATH\Controllers\MaterialController.php on line 17.
 1 SYSTEMPATH\CodeIgniter.php(903): App\Controllers\MaterialController->__construct()
 2 SYSTEMPATH\CodeIgniter.php(500): CodeIgniter\CodeIgniter->createController()
 3 SYSTEMPATH\CodeIgniter.php(355): CodeIgniter\CodeIgniter->handleRequest(null, Object(Config\Cache), false)
 4 SYSTEMPATH\Boot.php(325): CodeIgniter\CodeIgniter->run()
 5 SYSTEMPATH\Boot.php(67): CodeIgniter\Boot::runCodeIgniter(Object(CodeIgniter\CodeIgniter))
 6 FCPATH\index.php(56): CodeIgniter\Boot::bootWeb(Object(Config\Paths))
WARNING - 2025-08-05 11:45:44 --> [DEPRECATED] Creation of dynamic property App\Controllers\MaterialController::$form_validation is deprecated in APPPATH\Controllers\MaterialController.php on line 19.
 1 SYSTEMPATH\CodeIgniter.php(903): App\Controllers\MaterialController->__construct()
 2 SYSTEMPATH\CodeIgniter.php(500): CodeIgniter\CodeIgniter->createController()
 3 SYSTEMPATH\CodeIgniter.php(355): CodeIgniter\CodeIgniter->handleRequest(null, Object(Config\Cache), false)
 4 SYSTEMPATH\Boot.php(325): CodeIgniter\CodeIgniter->run()
 5 SYSTEMPATH\Boot.php(67): CodeIgniter\Boot::runCodeIgniter(Object(CodeIgniter\CodeIgniter))
 6 FCPATH\index.php(56): CodeIgniter\Boot::bootWeb(Object(Config\Paths))
WARNING - 2025-08-05 11:45:44 --> [DEPRECATED] Creation of dynamic property App\Controllers\MaterialController::$userValidation is deprecated in APPPATH\Controllers\MaterialController.php on line 20.
 1 SYSTEMPATH\CodeIgniter.php(903): App\Controllers\MaterialController->__construct()
 2 SYSTEMPATH\CodeIgniter.php(500): CodeIgniter\CodeIgniter->createController()
 3 SYSTEMPATH\CodeIgniter.php(355): CodeIgniter\CodeIgniter->handleRequest(null, Object(Config\Cache), false)
 4 SYSTEMPATH\Boot.php(325): CodeIgniter\CodeIgniter->run()
 5 SYSTEMPATH\Boot.php(67): CodeIgniter\Boot::runCodeIgniter(Object(CodeIgniter\CodeIgniter))
 6 FCPATH\index.php(56): CodeIgniter\Boot::bootWeb(Object(Config\Paths))
INFO - 2025-08-05 11:45:45 --> Session: Class initialized using 'CodeIgniter\Session\Handlers\FileHandler' driver.
WARNING - 2025-08-05 11:45:45 --> [DEPRECATED] Creation of dynamic property App\Controllers\MaterialController::$db is deprecated in APPPATH\Controllers\MaterialController.php on line 15.
 1 SYSTEMPATH\CodeIgniter.php(903): App\Controllers\MaterialController->__construct()
 2 SYSTEMPATH\CodeIgniter.php(500): CodeIgniter\CodeIgniter->createController()
 3 SYSTEMPATH\CodeIgniter.php(355): CodeIgniter\CodeIgniter->handleRequest(null, Object(Config\Cache), false)
 4 SYSTEMPATH\Boot.php(325): CodeIgniter\CodeIgniter->run()
 5 SYSTEMPATH\Boot.php(67): CodeIgniter\Boot::runCodeIgniter(Object(CodeIgniter\CodeIgniter))
 6 FCPATH\index.php(56): CodeIgniter\Boot::bootWeb(Object(Config\Paths))
WARNING - 2025-08-05 11:45:45 --> [DEPRECATED] Creation of dynamic property App\Controllers\MaterialController::$session is deprecated in APPPATH\Controllers\MaterialController.php on line 16.
 1 SYSTEMPATH\CodeIgniter.php(903): App\Controllers\MaterialController->__construct()
 2 SYSTEMPATH\CodeIgniter.php(500): CodeIgniter\CodeIgniter->createController()
 3 SYSTEMPATH\CodeIgniter.php(355): CodeIgniter\CodeIgniter->handleRequest(null, Object(Config\Cache), false)
 4 SYSTEMPATH\Boot.php(325): CodeIgniter\CodeIgniter->run()
 5 SYSTEMPATH\Boot.php(67): CodeIgniter\Boot::runCodeIgniter(Object(CodeIgniter\CodeIgniter))
 6 FCPATH\index.php(56): CodeIgniter\Boot::bootWeb(Object(Config\Paths))
WARNING - 2025-08-05 11:45:45 --> [DEPRECATED] Creation of dynamic property App\Controllers\MaterialController::$uri is deprecated in APPPATH\Controllers\MaterialController.php on line 17.
 1 SYSTEMPATH\CodeIgniter.php(903): App\Controllers\MaterialController->__construct()
 2 SYSTEMPATH\CodeIgniter.php(500): CodeIgniter\CodeIgniter->createController()
 3 SYSTEMPATH\CodeIgniter.php(355): CodeIgniter\CodeIgniter->handleRequest(null, Object(Config\Cache), false)
 4 SYSTEMPATH\Boot.php(325): CodeIgniter\CodeIgniter->run()
 5 SYSTEMPATH\Boot.php(67): CodeIgniter\Boot::runCodeIgniter(Object(CodeIgniter\CodeIgniter))
 6 FCPATH\index.php(56): CodeIgniter\Boot::bootWeb(Object(Config\Paths))
WARNING - 2025-08-05 11:45:45 --> [DEPRECATED] Creation of dynamic property App\Controllers\MaterialController::$form_validation is deprecated in APPPATH\Controllers\MaterialController.php on line 19.
 1 SYSTEMPATH\CodeIgniter.php(903): App\Controllers\MaterialController->__construct()
 2 SYSTEMPATH\CodeIgniter.php(500): CodeIgniter\CodeIgniter->createController()
 3 SYSTEMPATH\CodeIgniter.php(355): CodeIgniter\CodeIgniter->handleRequest(null, Object(Config\Cache), false)
 4 SYSTEMPATH\Boot.php(325): CodeIgniter\CodeIgniter->run()
 5 SYSTEMPATH\Boot.php(67): CodeIgniter\Boot::runCodeIgniter(Object(CodeIgniter\CodeIgniter))
 6 FCPATH\index.php(56): CodeIgniter\Boot::bootWeb(Object(Config\Paths))
WARNING - 2025-08-05 11:45:45 --> [DEPRECATED] Creation of dynamic property App\Controllers\MaterialController::$userValidation is deprecated in APPPATH\Controllers\MaterialController.php on line 20.
 1 SYSTEMPATH\CodeIgniter.php(903): App\Controllers\MaterialController->__construct()
 2 SYSTEMPATH\CodeIgniter.php(500): CodeIgniter\CodeIgniter->createController()
 3 SYSTEMPATH\CodeIgniter.php(355): CodeIgniter\CodeIgniter->handleRequest(null, Object(Config\Cache), false)
 4 SYSTEMPATH\Boot.php(325): CodeIgniter\CodeIgniter->run()
 5 SYSTEMPATH\Boot.php(67): CodeIgniter\Boot::runCodeIgniter(Object(CodeIgniter\CodeIgniter))
 6 FCPATH\index.php(56): CodeIgniter\Boot::bootWeb(Object(Config\Paths))
INFO - 2025-08-05 11:45:48 --> Session: Class initialized using 'CodeIgniter\Session\Handlers\FileHandler' driver.
WARNING - 2025-08-05 11:45:48 --> [DEPRECATED] Creation of dynamic property App\Controllers\MaterialController::$db is deprecated in APPPATH\Controllers\MaterialController.php on line 15.
 1 SYSTEMPATH\CodeIgniter.php(903): App\Controllers\MaterialController->__construct()
 2 SYSTEMPATH\CodeIgniter.php(500): CodeIgniter\CodeIgniter->createController()
 3 SYSTEMPATH\CodeIgniter.php(355): CodeIgniter\CodeIgniter->handleRequest(null, Object(Config\Cache), false)
 4 SYSTEMPATH\Boot.php(325): CodeIgniter\CodeIgniter->run()
 5 SYSTEMPATH\Boot.php(67): CodeIgniter\Boot::runCodeIgniter(Object(CodeIgniter\CodeIgniter))
 6 FCPATH\index.php(56): CodeIgniter\Boot::bootWeb(Object(Config\Paths))
WARNING - 2025-08-05 11:45:48 --> [DEPRECATED] Creation of dynamic property App\Controllers\MaterialController::$session is deprecated in APPPATH\Controllers\MaterialController.php on line 16.
 1 SYSTEMPATH\CodeIgniter.php(903): App\Controllers\MaterialController->__construct()
 2 SYSTEMPATH\CodeIgniter.php(500): CodeIgniter\CodeIgniter->createController()
 3 SYSTEMPATH\CodeIgniter.php(355): CodeIgniter\CodeIgniter->handleRequest(null, Object(Config\Cache), false)
 4 SYSTEMPATH\Boot.php(325): CodeIgniter\CodeIgniter->run()
 5 SYSTEMPATH\Boot.php(67): CodeIgniter\Boot::runCodeIgniter(Object(CodeIgniter\CodeIgniter))
 6 FCPATH\index.php(56): CodeIgniter\Boot::bootWeb(Object(Config\Paths))
WARNING - 2025-08-05 11:45:48 --> [DEPRECATED] Creation of dynamic property App\Controllers\MaterialController::$uri is deprecated in APPPATH\Controllers\MaterialController.php on line 17.
 1 SYSTEMPATH\CodeIgniter.php(903): App\Controllers\MaterialController->__construct()
 2 SYSTEMPATH\CodeIgniter.php(500): CodeIgniter\CodeIgniter->createController()
 3 SYSTEMPATH\CodeIgniter.php(355): CodeIgniter\CodeIgniter->handleRequest(null, Object(Config\Cache), false)
 4 SYSTEMPATH\Boot.php(325): CodeIgniter\CodeIgniter->run()
 5 SYSTEMPATH\Boot.php(67): CodeIgniter\Boot::runCodeIgniter(Object(CodeIgniter\CodeIgniter))
 6 FCPATH\index.php(56): CodeIgniter\Boot::bootWeb(Object(Config\Paths))
WARNING - 2025-08-05 11:45:48 --> [DEPRECATED] Creation of dynamic property App\Controllers\MaterialController::$form_validation is deprecated in APPPATH\Controllers\MaterialController.php on line 19.
 1 SYSTEMPATH\CodeIgniter.php(903): App\Controllers\MaterialController->__construct()
 2 SYSTEMPATH\CodeIgniter.php(500): CodeIgniter\CodeIgniter->createController()
 3 SYSTEMPATH\CodeIgniter.php(355): CodeIgniter\CodeIgniter->handleRequest(null, Object(Config\Cache), false)
 4 SYSTEMPATH\Boot.php(325): CodeIgniter\CodeIgniter->run()
 5 SYSTEMPATH\Boot.php(67): CodeIgniter\Boot::runCodeIgniter(Object(CodeIgniter\CodeIgniter))
 6 FCPATH\index.php(56): CodeIgniter\Boot::bootWeb(Object(Config\Paths))
WARNING - 2025-08-05 11:45:48 --> [DEPRECATED] Creation of dynamic property App\Controllers\MaterialController::$userValidation is deprecated in APPPATH\Controllers\MaterialController.php on line 20.
 1 SYSTEMPATH\CodeIgniter.php(903): App\Controllers\MaterialController->__construct()
 2 SYSTEMPATH\CodeIgniter.php(500): CodeIgniter\CodeIgniter->createController()
 3 SYSTEMPATH\CodeIgniter.php(355): CodeIgniter\CodeIgniter->handleRequest(null, Object(Config\Cache), false)
 4 SYSTEMPATH\Boot.php(325): CodeIgniter\CodeIgniter->run()
 5 SYSTEMPATH\Boot.php(67): CodeIgniter\Boot::runCodeIgniter(Object(CodeIgniter\CodeIgniter))
 6 FCPATH\index.php(56): CodeIgniter\Boot::bootWeb(Object(Config\Paths))
INFO - 2025-08-05 11:45:49 --> Session: Class initialized using 'CodeIgniter\Session\Handlers\FileHandler' driver.
WARNING - 2025-08-05 11:45:49 --> [DEPRECATED] Creation of dynamic property App\Controllers\MaterialController::$db is deprecated in APPPATH\Controllers\MaterialController.php on line 15.
 1 SYSTEMPATH\CodeIgniter.php(903): App\Controllers\MaterialController->__construct()
 2 SYSTEMPATH\CodeIgniter.php(500): CodeIgniter\CodeIgniter->createController()
 3 SYSTEMPATH\CodeIgniter.php(355): CodeIgniter\CodeIgniter->handleRequest(null, Object(Config\Cache), false)
 4 SYSTEMPATH\Boot.php(325): CodeIgniter\CodeIgniter->run()
 5 SYSTEMPATH\Boot.php(67): CodeIgniter\Boot::runCodeIgniter(Object(CodeIgniter\CodeIgniter))
 6 FCPATH\index.php(56): CodeIgniter\Boot::bootWeb(Object(Config\Paths))
WARNING - 2025-08-05 11:45:49 --> [DEPRECATED] Creation of dynamic property App\Controllers\MaterialController::$session is deprecated in APPPATH\Controllers\MaterialController.php on line 16.
 1 SYSTEMPATH\CodeIgniter.php(903): App\Controllers\MaterialController->__construct()
 2 SYSTEMPATH\CodeIgniter.php(500): CodeIgniter\CodeIgniter->createController()
 3 SYSTEMPATH\CodeIgniter.php(355): CodeIgniter\CodeIgniter->handleRequest(null, Object(Config\Cache), false)
 4 SYSTEMPATH\Boot.php(325): CodeIgniter\CodeIgniter->run()
 5 SYSTEMPATH\Boot.php(67): CodeIgniter\Boot::runCodeIgniter(Object(CodeIgniter\CodeIgniter))
 6 FCPATH\index.php(56): CodeIgniter\Boot::bootWeb(Object(Config\Paths))
WARNING - 2025-08-05 11:45:49 --> [DEPRECATED] Creation of dynamic property App\Controllers\MaterialController::$uri is deprecated in APPPATH\Controllers\MaterialController.php on line 17.
 1 SYSTEMPATH\CodeIgniter.php(903): App\Controllers\MaterialController->__construct()
 2 SYSTEMPATH\CodeIgniter.php(500): CodeIgniter\CodeIgniter->createController()
 3 SYSTEMPATH\CodeIgniter.php(355): CodeIgniter\CodeIgniter->handleRequest(null, Object(Config\Cache), false)
 4 SYSTEMPATH\Boot.php(325): CodeIgniter\CodeIgniter->run()
 5 SYSTEMPATH\Boot.php(67): CodeIgniter\Boot::runCodeIgniter(Object(CodeIgniter\CodeIgniter))
 6 FCPATH\index.php(56): CodeIgniter\Boot::bootWeb(Object(Config\Paths))
WARNING - 2025-08-05 11:45:49 --> [DEPRECATED] Creation of dynamic property App\Controllers\MaterialController::$form_validation is deprecated in APPPATH\Controllers\MaterialController.php on line 19.
 1 SYSTEMPATH\CodeIgniter.php(903): App\Controllers\MaterialController->__construct()
 2 SYSTEMPATH\CodeIgniter.php(500): CodeIgniter\CodeIgniter->createController()
 3 SYSTEMPATH\CodeIgniter.php(355): CodeIgniter\CodeIgniter->handleRequest(null, Object(Config\Cache), false)
 4 SYSTEMPATH\Boot.php(325): CodeIgniter\CodeIgniter->run()
 5 SYSTEMPATH\Boot.php(67): CodeIgniter\Boot::runCodeIgniter(Object(CodeIgniter\CodeIgniter))
 6 FCPATH\index.php(56): CodeIgniter\Boot::bootWeb(Object(Config\Paths))
WARNING - 2025-08-05 11:45:49 --> [DEPRECATED] Creation of dynamic property App\Controllers\MaterialController::$userValidation is deprecated in APPPATH\Controllers\MaterialController.php on line 20.
 1 SYSTEMPATH\CodeIgniter.php(903): App\Controllers\MaterialController->__construct()
 2 SYSTEMPATH\CodeIgniter.php(500): CodeIgniter\CodeIgniter->createController()
 3 SYSTEMPATH\CodeIgniter.php(355): CodeIgniter\CodeIgniter->handleRequest(null, Object(Config\Cache), false)
 4 SYSTEMPATH\Boot.php(325): CodeIgniter\CodeIgniter->run()
 5 SYSTEMPATH\Boot.php(67): CodeIgniter\Boot::runCodeIgniter(Object(CodeIgniter\CodeIgniter))
 6 FCPATH\index.php(56): CodeIgniter\Boot::bootWeb(Object(Config\Paths))
INFO - 2025-08-05 11:45:50 --> Session: Class initialized using 'CodeIgniter\Session\Handlers\FileHandler' driver.
WARNING - 2025-08-05 11:45:50 --> [DEPRECATED] Creation of dynamic property App\Controllers\MaterialController::$db is deprecated in APPPATH\Controllers\MaterialController.php on line 15.
 1 SYSTEMPATH\CodeIgniter.php(903): App\Controllers\MaterialController->__construct()
 2 SYSTEMPATH\CodeIgniter.php(500): CodeIgniter\CodeIgniter->createController()
 3 SYSTEMPATH\CodeIgniter.php(355): CodeIgniter\CodeIgniter->handleRequest(null, Object(Config\Cache), false)
 4 SYSTEMPATH\Boot.php(325): CodeIgniter\CodeIgniter->run()
 5 SYSTEMPATH\Boot.php(67): CodeIgniter\Boot::runCodeIgniter(Object(CodeIgniter\CodeIgniter))
 6 FCPATH\index.php(56): CodeIgniter\Boot::bootWeb(Object(Config\Paths))
WARNING - 2025-08-05 11:45:50 --> [DEPRECATED] Creation of dynamic property App\Controllers\MaterialController::$session is deprecated in APPPATH\Controllers\MaterialController.php on line 16.
 1 SYSTEMPATH\CodeIgniter.php(903): App\Controllers\MaterialController->__construct()
 2 SYSTEMPATH\CodeIgniter.php(500): CodeIgniter\CodeIgniter->createController()
 3 SYSTEMPATH\CodeIgniter.php(355): CodeIgniter\CodeIgniter->handleRequest(null, Object(Config\Cache), false)
 4 SYSTEMPATH\Boot.php(325): CodeIgniter\CodeIgniter->run()
 5 SYSTEMPATH\Boot.php(67): CodeIgniter\Boot::runCodeIgniter(Object(CodeIgniter\CodeIgniter))
 6 FCPATH\index.php(56): CodeIgniter\Boot::bootWeb(Object(Config\Paths))
WARNING - 2025-08-05 11:45:50 --> [DEPRECATED] Creation of dynamic property App\Controllers\MaterialController::$uri is deprecated in APPPATH\Controllers\MaterialController.php on line 17.
 1 SYSTEMPATH\CodeIgniter.php(903): App\Controllers\MaterialController->__construct()
 2 SYSTEMPATH\CodeIgniter.php(500): CodeIgniter\CodeIgniter->createController()
 3 SYSTEMPATH\CodeIgniter.php(355): CodeIgniter\CodeIgniter->handleRequest(null, Object(Config\Cache), false)
 4 SYSTEMPATH\Boot.php(325): CodeIgniter\CodeIgniter->run()
 5 SYSTEMPATH\Boot.php(67): CodeIgniter\Boot::runCodeIgniter(Object(CodeIgniter\CodeIgniter))
 6 FCPATH\index.php(56): CodeIgniter\Boot::bootWeb(Object(Config\Paths))
WARNING - 2025-08-05 11:45:50 --> [DEPRECATED] Creation of dynamic property App\Controllers\MaterialController::$form_validation is deprecated in APPPATH\Controllers\MaterialController.php on line 19.
 1 SYSTEMPATH\CodeIgniter.php(903): App\Controllers\MaterialController->__construct()
 2 SYSTEMPATH\CodeIgniter.php(500): CodeIgniter\CodeIgniter->createController()
 3 SYSTEMPATH\CodeIgniter.php(355): CodeIgniter\CodeIgniter->handleRequest(null, Object(Config\Cache), false)
 4 SYSTEMPATH\Boot.php(325): CodeIgniter\CodeIgniter->run()
 5 SYSTEMPATH\Boot.php(67): CodeIgniter\Boot::runCodeIgniter(Object(CodeIgniter\CodeIgniter))
 6 FCPATH\index.php(56): CodeIgniter\Boot::bootWeb(Object(Config\Paths))
WARNING - 2025-08-05 11:45:50 --> [DEPRECATED] Creation of dynamic property App\Controllers\MaterialController::$userValidation is deprecated in APPPATH\Controllers\MaterialController.php on line 20.
 1 SYSTEMPATH\CodeIgniter.php(903): App\Controllers\MaterialController->__construct()
 2 SYSTEMPATH\CodeIgniter.php(500): CodeIgniter\CodeIgniter->createController()
 3 SYSTEMPATH\CodeIgniter.php(355): CodeIgniter\CodeIgniter->handleRequest(null, Object(Config\Cache), false)
 4 SYSTEMPATH\Boot.php(325): CodeIgniter\CodeIgniter->run()
 5 SYSTEMPATH\Boot.php(67): CodeIgniter\Boot::runCodeIgniter(Object(CodeIgniter\CodeIgniter))
 6 FCPATH\index.php(56): CodeIgniter\Boot::bootWeb(Object(Config\Paths))
INFO - 2025-08-05 11:45:51 --> Session: Class initialized using 'CodeIgniter\Session\Handlers\FileHandler' driver.
WARNING - 2025-08-05 11:45:51 --> [DEPRECATED] Creation of dynamic property App\Controllers\MaterialController::$db is deprecated in APPPATH\Controllers\MaterialController.php on line 15.
 1 SYSTEMPATH\CodeIgniter.php(903): App\Controllers\MaterialController->__construct()
 2 SYSTEMPATH\CodeIgniter.php(500): CodeIgniter\CodeIgniter->createController()
 3 SYSTEMPATH\CodeIgniter.php(355): CodeIgniter\CodeIgniter->handleRequest(null, Object(Config\Cache), false)
 4 SYSTEMPATH\Boot.php(325): CodeIgniter\CodeIgniter->run()
 5 SYSTEMPATH\Boot.php(67): CodeIgniter\Boot::runCodeIgniter(Object(CodeIgniter\CodeIgniter))
 6 FCPATH\index.php(56): CodeIgniter\Boot::bootWeb(Object(Config\Paths))
WARNING - 2025-08-05 11:45:51 --> [DEPRECATED] Creation of dynamic property App\Controllers\MaterialController::$session is deprecated in APPPATH\Controllers\MaterialController.php on line 16.
 1 SYSTEMPATH\CodeIgniter.php(903): App\Controllers\MaterialController->__construct()
 2 SYSTEMPATH\CodeIgniter.php(500): CodeIgniter\CodeIgniter->createController()
 3 SYSTEMPATH\CodeIgniter.php(355): CodeIgniter\CodeIgniter->handleRequest(null, Object(Config\Cache), false)
 4 SYSTEMPATH\Boot.php(325): CodeIgniter\CodeIgniter->run()
 5 SYSTEMPATH\Boot.php(67): CodeIgniter\Boot::runCodeIgniter(Object(CodeIgniter\CodeIgniter))
 6 FCPATH\index.php(56): CodeIgniter\Boot::bootWeb(Object(Config\Paths))
WARNING - 2025-08-05 11:45:51 --> [DEPRECATED] Creation of dynamic property App\Controllers\MaterialController::$uri is deprecated in APPPATH\Controllers\MaterialController.php on line 17.
 1 SYSTEMPATH\CodeIgniter.php(903): App\Controllers\MaterialController->__construct()
 2 SYSTEMPATH\CodeIgniter.php(500): CodeIgniter\CodeIgniter->createController()
 3 SYSTEMPATH\CodeIgniter.php(355): CodeIgniter\CodeIgniter->handleRequest(null, Object(Config\Cache), false)
 4 SYSTEMPATH\Boot.php(325): CodeIgniter\CodeIgniter->run()
 5 SYSTEMPATH\Boot.php(67): CodeIgniter\Boot::runCodeIgniter(Object(CodeIgniter\CodeIgniter))
 6 FCPATH\index.php(56): CodeIgniter\Boot::bootWeb(Object(Config\Paths))
WARNING - 2025-08-05 11:45:51 --> [DEPRECATED] Creation of dynamic property App\Controllers\MaterialController::$form_validation is deprecated in APPPATH\Controllers\MaterialController.php on line 19.
 1 SYSTEMPATH\CodeIgniter.php(903): App\Controllers\MaterialController->__construct()
 2 SYSTEMPATH\CodeIgniter.php(500): CodeIgniter\CodeIgniter->createController()
 3 SYSTEMPATH\CodeIgniter.php(355): CodeIgniter\CodeIgniter->handleRequest(null, Object(Config\Cache), false)
 4 SYSTEMPATH\Boot.php(325): CodeIgniter\CodeIgniter->run()
 5 SYSTEMPATH\Boot.php(67): CodeIgniter\Boot::runCodeIgniter(Object(CodeIgniter\CodeIgniter))
 6 FCPATH\index.php(56): CodeIgniter\Boot::bootWeb(Object(Config\Paths))
WARNING - 2025-08-05 11:45:51 --> [DEPRECATED] Creation of dynamic property App\Controllers\MaterialController::$userValidation is deprecated in APPPATH\Controllers\MaterialController.php on line 20.
 1 SYSTEMPATH\CodeIgniter.php(903): App\Controllers\MaterialController->__construct()
 2 SYSTEMPATH\CodeIgniter.php(500): CodeIgniter\CodeIgniter->createController()
 3 SYSTEMPATH\CodeIgniter.php(355): CodeIgniter\CodeIgniter->handleRequest(null, Object(Config\Cache), false)
 4 SYSTEMPATH\Boot.php(325): CodeIgniter\CodeIgniter->run()
 5 SYSTEMPATH\Boot.php(67): CodeIgniter\Boot::runCodeIgniter(Object(CodeIgniter\CodeIgniter))
 6 FCPATH\index.php(56): CodeIgniter\Boot::bootWeb(Object(Config\Paths))
INFO - 2025-08-05 11:45:51 --> Session: Class initialized using 'CodeIgniter\Session\Handlers\FileHandler' driver.
WARNING - 2025-08-05 11:45:51 --> [DEPRECATED] Creation of dynamic property App\Controllers\MaterialController::$db is deprecated in APPPATH\Controllers\MaterialController.php on line 15.
 1 SYSTEMPATH\CodeIgniter.php(903): App\Controllers\MaterialController->__construct()
 2 SYSTEMPATH\CodeIgniter.php(500): CodeIgniter\CodeIgniter->createController()
 3 SYSTEMPATH\CodeIgniter.php(355): CodeIgniter\CodeIgniter->handleRequest(null, Object(Config\Cache), false)
 4 SYSTEMPATH\Boot.php(325): CodeIgniter\CodeIgniter->run()
 5 SYSTEMPATH\Boot.php(67): CodeIgniter\Boot::runCodeIgniter(Object(CodeIgniter\CodeIgniter))
 6 FCPATH\index.php(56): CodeIgniter\Boot::bootWeb(Object(Config\Paths))
WARNING - 2025-08-05 11:45:51 --> [DEPRECATED] Creation of dynamic property App\Controllers\MaterialController::$session is deprecated in APPPATH\Controllers\MaterialController.php on line 16.
 1 SYSTEMPATH\CodeIgniter.php(903): App\Controllers\MaterialController->__construct()
 2 SYSTEMPATH\CodeIgniter.php(500): CodeIgniter\CodeIgniter->createController()
 3 SYSTEMPATH\CodeIgniter.php(355): CodeIgniter\CodeIgniter->handleRequest(null, Object(Config\Cache), false)
 4 SYSTEMPATH\Boot.php(325): CodeIgniter\CodeIgniter->run()
 5 SYSTEMPATH\Boot.php(67): CodeIgniter\Boot::runCodeIgniter(Object(CodeIgniter\CodeIgniter))
 6 FCPATH\index.php(56): CodeIgniter\Boot::bootWeb(Object(Config\Paths))
WARNING - 2025-08-05 11:45:51 --> [DEPRECATED] Creation of dynamic property App\Controllers\MaterialController::$uri is deprecated in APPPATH\Controllers\MaterialController.php on line 17.
 1 SYSTEMPATH\CodeIgniter.php(903): App\Controllers\MaterialController->__construct()
 2 SYSTEMPATH\CodeIgniter.php(500): CodeIgniter\CodeIgniter->createController()
 3 SYSTEMPATH\CodeIgniter.php(355): CodeIgniter\CodeIgniter->handleRequest(null, Object(Config\Cache), false)
 4 SYSTEMPATH\Boot.php(325): CodeIgniter\CodeIgniter->run()
 5 SYSTEMPATH\Boot.php(67): CodeIgniter\Boot::runCodeIgniter(Object(CodeIgniter\CodeIgniter))
 6 FCPATH\index.php(56): CodeIgniter\Boot::bootWeb(Object(Config\Paths))
WARNING - 2025-08-05 11:45:51 --> [DEPRECATED] Creation of dynamic property App\Controllers\MaterialController::$form_validation is deprecated in APPPATH\Controllers\MaterialController.php on line 19.
 1 SYSTEMPATH\CodeIgniter.php(903): App\Controllers\MaterialController->__construct()
 2 SYSTEMPATH\CodeIgniter.php(500): CodeIgniter\CodeIgniter->createController()
 3 SYSTEMPATH\CodeIgniter.php(355): CodeIgniter\CodeIgniter->handleRequest(null, Object(Config\Cache), false)
 4 SYSTEMPATH\Boot.php(325): CodeIgniter\CodeIgniter->run()
 5 SYSTEMPATH\Boot.php(67): CodeIgniter\Boot::runCodeIgniter(Object(CodeIgniter\CodeIgniter))
 6 FCPATH\index.php(56): CodeIgniter\Boot::bootWeb(Object(Config\Paths))
WARNING - 2025-08-05 11:45:51 --> [DEPRECATED] Creation of dynamic property App\Controllers\MaterialController::$userValidation is deprecated in APPPATH\Controllers\MaterialController.php on line 20.
 1 SYSTEMPATH\CodeIgniter.php(903): App\Controllers\MaterialController->__construct()
 2 SYSTEMPATH\CodeIgniter.php(500): CodeIgniter\CodeIgniter->createController()
 3 SYSTEMPATH\CodeIgniter.php(355): CodeIgniter\CodeIgniter->handleRequest(null, Object(Config\Cache), false)
 4 SYSTEMPATH\Boot.php(325): CodeIgniter\CodeIgniter->run()
 5 SYSTEMPATH\Boot.php(67): CodeIgniter\Boot::runCodeIgniter(Object(CodeIgniter\CodeIgniter))
 6 FCPATH\index.php(56): CodeIgniter\Boot::bootWeb(Object(Config\Paths))
INFO - 2025-08-05 11:45:51 --> Session: Class initialized using 'CodeIgniter\Session\Handlers\FileHandler' driver.
WARNING - 2025-08-05 11:45:51 --> [DEPRECATED] Creation of dynamic property App\Controllers\MaterialController::$db is deprecated in APPPATH\Controllers\MaterialController.php on line 15.
 1 SYSTEMPATH\CodeIgniter.php(903): App\Controllers\MaterialController->__construct()
 2 SYSTEMPATH\CodeIgniter.php(500): CodeIgniter\CodeIgniter->createController()
 3 SYSTEMPATH\CodeIgniter.php(355): CodeIgniter\CodeIgniter->handleRequest(null, Object(Config\Cache), false)
 4 SYSTEMPATH\Boot.php(325): CodeIgniter\CodeIgniter->run()
 5 SYSTEMPATH\Boot.php(67): CodeIgniter\Boot::runCodeIgniter(Object(CodeIgniter\CodeIgniter))
 6 FCPATH\index.php(56): CodeIgniter\Boot::bootWeb(Object(Config\Paths))
WARNING - 2025-08-05 11:45:51 --> [DEPRECATED] Creation of dynamic property App\Controllers\MaterialController::$session is deprecated in APPPATH\Controllers\MaterialController.php on line 16.
 1 SYSTEMPATH\CodeIgniter.php(903): App\Controllers\MaterialController->__construct()
 2 SYSTEMPATH\CodeIgniter.php(500): CodeIgniter\CodeIgniter->createController()
 3 SYSTEMPATH\CodeIgniter.php(355): CodeIgniter\CodeIgniter->handleRequest(null, Object(Config\Cache), false)
 4 SYSTEMPATH\Boot.php(325): CodeIgniter\CodeIgniter->run()
 5 SYSTEMPATH\Boot.php(67): CodeIgniter\Boot::runCodeIgniter(Object(CodeIgniter\CodeIgniter))
 6 FCPATH\index.php(56): CodeIgniter\Boot::bootWeb(Object(Config\Paths))
WARNING - 2025-08-05 11:45:51 --> [DEPRECATED] Creation of dynamic property App\Controllers\MaterialController::$uri is deprecated in APPPATH\Controllers\MaterialController.php on line 17.
 1 SYSTEMPATH\CodeIgniter.php(903): App\Controllers\MaterialController->__construct()
 2 SYSTEMPATH\CodeIgniter.php(500): CodeIgniter\CodeIgniter->createController()
 3 SYSTEMPATH\CodeIgniter.php(355): CodeIgniter\CodeIgniter->handleRequest(null, Object(Config\Cache), false)
 4 SYSTEMPATH\Boot.php(325): CodeIgniter\CodeIgniter->run()
 5 SYSTEMPATH\Boot.php(67): CodeIgniter\Boot::runCodeIgniter(Object(CodeIgniter\CodeIgniter))
 6 FCPATH\index.php(56): CodeIgniter\Boot::bootWeb(Object(Config\Paths))
WARNING - 2025-08-05 11:45:52 --> [DEPRECATED] Creation of dynamic property App\Controllers\MaterialController::$form_validation is deprecated in APPPATH\Controllers\MaterialController.php on line 19.
 1 SYSTEMPATH\CodeIgniter.php(903): App\Controllers\MaterialController->__construct()
 2 SYSTEMPATH\CodeIgniter.php(500): CodeIgniter\CodeIgniter->createController()
 3 SYSTEMPATH\CodeIgniter.php(355): CodeIgniter\CodeIgniter->handleRequest(null, Object(Config\Cache), false)
 4 SYSTEMPATH\Boot.php(325): CodeIgniter\CodeIgniter->run()
 5 SYSTEMPATH\Boot.php(67): CodeIgniter\Boot::runCodeIgniter(Object(CodeIgniter\CodeIgniter))
 6 FCPATH\index.php(56): CodeIgniter\Boot::bootWeb(Object(Config\Paths))
WARNING - 2025-08-05 11:45:52 --> [DEPRECATED] Creation of dynamic property App\Controllers\MaterialController::$userValidation is deprecated in APPPATH\Controllers\MaterialController.php on line 20.
 1 SYSTEMPATH\CodeIgniter.php(903): App\Controllers\MaterialController->__construct()
 2 SYSTEMPATH\CodeIgniter.php(500): CodeIgniter\CodeIgniter->createController()
 3 SYSTEMPATH\CodeIgniter.php(355): CodeIgniter\CodeIgniter->handleRequest(null, Object(Config\Cache), false)
 4 SYSTEMPATH\Boot.php(325): CodeIgniter\CodeIgniter->run()
 5 SYSTEMPATH\Boot.php(67): CodeIgniter\Boot::runCodeIgniter(Object(CodeIgniter\CodeIgniter))
 6 FCPATH\index.php(56): CodeIgniter\Boot::bootWeb(Object(Config\Paths))
INFO - 2025-08-05 11:45:52 --> Session: Class initialized using 'CodeIgniter\Session\Handlers\FileHandler' driver.
WARNING - 2025-08-05 11:45:52 --> [DEPRECATED] Creation of dynamic property App\Controllers\MaterialController::$db is deprecated in APPPATH\Controllers\MaterialController.php on line 15.
 1 SYSTEMPATH\CodeIgniter.php(903): App\Controllers\MaterialController->__construct()
 2 SYSTEMPATH\CodeIgniter.php(500): CodeIgniter\CodeIgniter->createController()
 3 SYSTEMPATH\CodeIgniter.php(355): CodeIgniter\CodeIgniter->handleRequest(null, Object(Config\Cache), false)
 4 SYSTEMPATH\Boot.php(325): CodeIgniter\CodeIgniter->run()
 5 SYSTEMPATH\Boot.php(67): CodeIgniter\Boot::runCodeIgniter(Object(CodeIgniter\CodeIgniter))
 6 FCPATH\index.php(56): CodeIgniter\Boot::bootWeb(Object(Config\Paths))
WARNING - 2025-08-05 11:45:52 --> [DEPRECATED] Creation of dynamic property App\Controllers\MaterialController::$session is deprecated in APPPATH\Controllers\MaterialController.php on line 16.
 1 SYSTEMPATH\CodeIgniter.php(903): App\Controllers\MaterialController->__construct()
 2 SYSTEMPATH\CodeIgniter.php(500): CodeIgniter\CodeIgniter->createController()
 3 SYSTEMPATH\CodeIgniter.php(355): CodeIgniter\CodeIgniter->handleRequest(null, Object(Config\Cache), false)
 4 SYSTEMPATH\Boot.php(325): CodeIgniter\CodeIgniter->run()
 5 SYSTEMPATH\Boot.php(67): CodeIgniter\Boot::runCodeIgniter(Object(CodeIgniter\CodeIgniter))
 6 FCPATH\index.php(56): CodeIgniter\Boot::bootWeb(Object(Config\Paths))
WARNING - 2025-08-05 11:45:52 --> [DEPRECATED] Creation of dynamic property App\Controllers\MaterialController::$uri is deprecated in APPPATH\Controllers\MaterialController.php on line 17.
 1 SYSTEMPATH\CodeIgniter.php(903): App\Controllers\MaterialController->__construct()
 2 SYSTEMPATH\CodeIgniter.php(500): CodeIgniter\CodeIgniter->createController()
 3 SYSTEMPATH\CodeIgniter.php(355): CodeIgniter\CodeIgniter->handleRequest(null, Object(Config\Cache), false)
 4 SYSTEMPATH\Boot.php(325): CodeIgniter\CodeIgniter->run()
 5 SYSTEMPATH\Boot.php(67): CodeIgniter\Boot::runCodeIgniter(Object(CodeIgniter\CodeIgniter))
 6 FCPATH\index.php(56): CodeIgniter\Boot::bootWeb(Object(Config\Paths))
WARNING - 2025-08-05 11:45:52 --> [DEPRECATED] Creation of dynamic property App\Controllers\MaterialController::$form_validation is deprecated in APPPATH\Controllers\MaterialController.php on line 19.
 1 SYSTEMPATH\CodeIgniter.php(903): App\Controllers\MaterialController->__construct()
 2 SYSTEMPATH\CodeIgniter.php(500): CodeIgniter\CodeIgniter->createController()
 3 SYSTEMPATH\CodeIgniter.php(355): CodeIgniter\CodeIgniter->handleRequest(null, Object(Config\Cache), false)
 4 SYSTEMPATH\Boot.php(325): CodeIgniter\CodeIgniter->run()
 5 SYSTEMPATH\Boot.php(67): CodeIgniter\Boot::runCodeIgniter(Object(CodeIgniter\CodeIgniter))
 6 FCPATH\index.php(56): CodeIgniter\Boot::bootWeb(Object(Config\Paths))
WARNING - 2025-08-05 11:45:52 --> [DEPRECATED] Creation of dynamic property App\Controllers\MaterialController::$userValidation is deprecated in APPPATH\Controllers\MaterialController.php on line 20.
 1 SYSTEMPATH\CodeIgniter.php(903): App\Controllers\MaterialController->__construct()
 2 SYSTEMPATH\CodeIgniter.php(500): CodeIgniter\CodeIgniter->createController()
 3 SYSTEMPATH\CodeIgniter.php(355): CodeIgniter\CodeIgniter->handleRequest(null, Object(Config\Cache), false)
 4 SYSTEMPATH\Boot.php(325): CodeIgniter\CodeIgniter->run()
 5 SYSTEMPATH\Boot.php(67): CodeIgniter\Boot::runCodeIgniter(Object(CodeIgniter\CodeIgniter))
 6 FCPATH\index.php(56): CodeIgniter\Boot::bootWeb(Object(Config\Paths))
INFO - 2025-08-05 11:45:55 --> Session: Class initialized using 'CodeIgniter\Session\Handlers\FileHandler' driver.
WARNING - 2025-08-05 11:45:55 --> [DEPRECATED] Creation of dynamic property App\Controllers\MaterialController::$db is deprecated in APPPATH\Controllers\MaterialController.php on line 15.
 1 SYSTEMPATH\CodeIgniter.php(903): App\Controllers\MaterialController->__construct()
 2 SYSTEMPATH\CodeIgniter.php(500): CodeIgniter\CodeIgniter->createController()
 3 SYSTEMPATH\CodeIgniter.php(355): CodeIgniter\CodeIgniter->handleRequest(null, Object(Config\Cache), false)
 4 SYSTEMPATH\Boot.php(325): CodeIgniter\CodeIgniter->run()
 5 SYSTEMPATH\Boot.php(67): CodeIgniter\Boot::runCodeIgniter(Object(CodeIgniter\CodeIgniter))
 6 FCPATH\index.php(56): CodeIgniter\Boot::bootWeb(Object(Config\Paths))
WARNING - 2025-08-05 11:45:55 --> [DEPRECATED] Creation of dynamic property App\Controllers\MaterialController::$session is deprecated in APPPATH\Controllers\MaterialController.php on line 16.
 1 SYSTEMPATH\CodeIgniter.php(903): App\Controllers\MaterialController->__construct()
 2 SYSTEMPATH\CodeIgniter.php(500): CodeIgniter\CodeIgniter->createController()
 3 SYSTEMPATH\CodeIgniter.php(355): CodeIgniter\CodeIgniter->handleRequest(null, Object(Config\Cache), false)
 4 SYSTEMPATH\Boot.php(325): CodeIgniter\CodeIgniter->run()
 5 SYSTEMPATH\Boot.php(67): CodeIgniter\Boot::runCodeIgniter(Object(CodeIgniter\CodeIgniter))
 6 FCPATH\index.php(56): CodeIgniter\Boot::bootWeb(Object(Config\Paths))
WARNING - 2025-08-05 11:45:55 --> [DEPRECATED] Creation of dynamic property App\Controllers\MaterialController::$uri is deprecated in APPPATH\Controllers\MaterialController.php on line 17.
 1 SYSTEMPATH\CodeIgniter.php(903): App\Controllers\MaterialController->__construct()
 2 SYSTEMPATH\CodeIgniter.php(500): CodeIgniter\CodeIgniter->createController()
 3 SYSTEMPATH\CodeIgniter.php(355): CodeIgniter\CodeIgniter->handleRequest(null, Object(Config\Cache), false)
 4 SYSTEMPATH\Boot.php(325): CodeIgniter\CodeIgniter->run()
 5 SYSTEMPATH\Boot.php(67): CodeIgniter\Boot::runCodeIgniter(Object(CodeIgniter\CodeIgniter))
 6 FCPATH\index.php(56): CodeIgniter\Boot::bootWeb(Object(Config\Paths))
WARNING - 2025-08-05 11:45:55 --> [DEPRECATED] Creation of dynamic property App\Controllers\MaterialController::$form_validation is deprecated in APPPATH\Controllers\MaterialController.php on line 19.
 1 SYSTEMPATH\CodeIgniter.php(903): App\Controllers\MaterialController->__construct()
 2 SYSTEMPATH\CodeIgniter.php(500): CodeIgniter\CodeIgniter->createController()
 3 SYSTEMPATH\CodeIgniter.php(355): CodeIgniter\CodeIgniter->handleRequest(null, Object(Config\Cache), false)
 4 SYSTEMPATH\Boot.php(325): CodeIgniter\CodeIgniter->run()
 5 SYSTEMPATH\Boot.php(67): CodeIgniter\Boot::runCodeIgniter(Object(CodeIgniter\CodeIgniter))
 6 FCPATH\index.php(56): CodeIgniter\Boot::bootWeb(Object(Config\Paths))
WARNING - 2025-08-05 11:45:55 --> [DEPRECATED] Creation of dynamic property App\Controllers\MaterialController::$userValidation is deprecated in APPPATH\Controllers\MaterialController.php on line 20.
 1 SYSTEMPATH\CodeIgniter.php(903): App\Controllers\MaterialController->__construct()
 2 SYSTEMPATH\CodeIgniter.php(500): CodeIgniter\CodeIgniter->createController()
 3 SYSTEMPATH\CodeIgniter.php(355): CodeIgniter\CodeIgniter->handleRequest(null, Object(Config\Cache), false)
 4 SYSTEMPATH\Boot.php(325): CodeIgniter\CodeIgniter->run()
 5 SYSTEMPATH\Boot.php(67): CodeIgniter\Boot::runCodeIgniter(Object(CodeIgniter\CodeIgniter))
 6 FCPATH\index.php(56): CodeIgniter\Boot::bootWeb(Object(Config\Paths))
INFO - 2025-08-05 11:45:56 --> Session: Class initialized using 'CodeIgniter\Session\Handlers\FileHandler' driver.
WARNING - 2025-08-05 11:45:56 --> [DEPRECATED] Creation of dynamic property App\Controllers\MaterialController::$db is deprecated in APPPATH\Controllers\MaterialController.php on line 15.
 1 SYSTEMPATH\CodeIgniter.php(903): App\Controllers\MaterialController->__construct()
 2 SYSTEMPATH\CodeIgniter.php(500): CodeIgniter\CodeIgniter->createController()
 3 SYSTEMPATH\CodeIgniter.php(355): CodeIgniter\CodeIgniter->handleRequest(null, Object(Config\Cache), false)
 4 SYSTEMPATH\Boot.php(325): CodeIgniter\CodeIgniter->run()
 5 SYSTEMPATH\Boot.php(67): CodeIgniter\Boot::runCodeIgniter(Object(CodeIgniter\CodeIgniter))
 6 FCPATH\index.php(56): CodeIgniter\Boot::bootWeb(Object(Config\Paths))
WARNING - 2025-08-05 11:45:56 --> [DEPRECATED] Creation of dynamic property App\Controllers\MaterialController::$session is deprecated in APPPATH\Controllers\MaterialController.php on line 16.
 1 SYSTEMPATH\CodeIgniter.php(903): App\Controllers\MaterialController->__construct()
 2 SYSTEMPATH\CodeIgniter.php(500): CodeIgniter\CodeIgniter->createController()
 3 SYSTEMPATH\CodeIgniter.php(355): CodeIgniter\CodeIgniter->handleRequest(null, Object(Config\Cache), false)
 4 SYSTEMPATH\Boot.php(325): CodeIgniter\CodeIgniter->run()
 5 SYSTEMPATH\Boot.php(67): CodeIgniter\Boot::runCodeIgniter(Object(CodeIgniter\CodeIgniter))
 6 FCPATH\index.php(56): CodeIgniter\Boot::bootWeb(Object(Config\Paths))
WARNING - 2025-08-05 11:45:56 --> [DEPRECATED] Creation of dynamic property App\Controllers\MaterialController::$uri is deprecated in APPPATH\Controllers\MaterialController.php on line 17.
 1 SYSTEMPATH\CodeIgniter.php(903): App\Controllers\MaterialController->__construct()
 2 SYSTEMPATH\CodeIgniter.php(500): CodeIgniter\CodeIgniter->createController()
 3 SYSTEMPATH\CodeIgniter.php(355): CodeIgniter\CodeIgniter->handleRequest(null, Object(Config\Cache), false)
 4 SYSTEMPATH\Boot.php(325): CodeIgniter\CodeIgniter->run()
 5 SYSTEMPATH\Boot.php(67): CodeIgniter\Boot::runCodeIgniter(Object(CodeIgniter\CodeIgniter))
 6 FCPATH\index.php(56): CodeIgniter\Boot::bootWeb(Object(Config\Paths))
WARNING - 2025-08-05 11:45:56 --> [DEPRECATED] Creation of dynamic property App\Controllers\MaterialController::$form_validation is deprecated in APPPATH\Controllers\MaterialController.php on line 19.
 1 SYSTEMPATH\CodeIgniter.php(903): App\Controllers\MaterialController->__construct()
 2 SYSTEMPATH\CodeIgniter.php(500): CodeIgniter\CodeIgniter->createController()
 3 SYSTEMPATH\CodeIgniter.php(355): CodeIgniter\CodeIgniter->handleRequest(null, Object(Config\Cache), false)
 4 SYSTEMPATH\Boot.php(325): CodeIgniter\CodeIgniter->run()
 5 SYSTEMPATH\Boot.php(67): CodeIgniter\Boot::runCodeIgniter(Object(CodeIgniter\CodeIgniter))
 6 FCPATH\index.php(56): CodeIgniter\Boot::bootWeb(Object(Config\Paths))
WARNING - 2025-08-05 11:45:56 --> [DEPRECATED] Creation of dynamic property App\Controllers\MaterialController::$userValidation is deprecated in APPPATH\Controllers\MaterialController.php on line 20.
 1 SYSTEMPATH\CodeIgniter.php(903): App\Controllers\MaterialController->__construct()
 2 SYSTEMPATH\CodeIgniter.php(500): CodeIgniter\CodeIgniter->createController()
 3 SYSTEMPATH\CodeIgniter.php(355): CodeIgniter\CodeIgniter->handleRequest(null, Object(Config\Cache), false)
 4 SYSTEMPATH\Boot.php(325): CodeIgniter\CodeIgniter->run()
 5 SYSTEMPATH\Boot.php(67): CodeIgniter\Boot::runCodeIgniter(Object(CodeIgniter\CodeIgniter))
 6 FCPATH\index.php(56): CodeIgniter\Boot::bootWeb(Object(Config\Paths))
INFO - 2025-08-05 11:45:57 --> Session: Class initialized using 'CodeIgniter\Session\Handlers\FileHandler' driver.
WARNING - 2025-08-05 11:45:57 --> [DEPRECATED] Creation of dynamic property App\Controllers\MaterialController::$db is deprecated in APPPATH\Controllers\MaterialController.php on line 15.
 1 SYSTEMPATH\CodeIgniter.php(903): App\Controllers\MaterialController->__construct()
 2 SYSTEMPATH\CodeIgniter.php(500): CodeIgniter\CodeIgniter->createController()
 3 SYSTEMPATH\CodeIgniter.php(355): CodeIgniter\CodeIgniter->handleRequest(null, Object(Config\Cache), false)
 4 SYSTEMPATH\Boot.php(325): CodeIgniter\CodeIgniter->run()
 5 SYSTEMPATH\Boot.php(67): CodeIgniter\Boot::runCodeIgniter(Object(CodeIgniter\CodeIgniter))
 6 FCPATH\index.php(56): CodeIgniter\Boot::bootWeb(Object(Config\Paths))
WARNING - 2025-08-05 11:45:57 --> [DEPRECATED] Creation of dynamic property App\Controllers\MaterialController::$session is deprecated in APPPATH\Controllers\MaterialController.php on line 16.
 1 SYSTEMPATH\CodeIgniter.php(903): App\Controllers\MaterialController->__construct()
 2 SYSTEMPATH\CodeIgniter.php(500): CodeIgniter\CodeIgniter->createController()
 3 SYSTEMPATH\CodeIgniter.php(355): CodeIgniter\CodeIgniter->handleRequest(null, Object(Config\Cache), false)
 4 SYSTEMPATH\Boot.php(325): CodeIgniter\CodeIgniter->run()
 5 SYSTEMPATH\Boot.php(67): CodeIgniter\Boot::runCodeIgniter(Object(CodeIgniter\CodeIgniter))
 6 FCPATH\index.php(56): CodeIgniter\Boot::bootWeb(Object(Config\Paths))
WARNING - 2025-08-05 11:45:57 --> [DEPRECATED] Creation of dynamic property App\Controllers\MaterialController::$uri is deprecated in APPPATH\Controllers\MaterialController.php on line 17.
 1 SYSTEMPATH\CodeIgniter.php(903): App\Controllers\MaterialController->__construct()
 2 SYSTEMPATH\CodeIgniter.php(500): CodeIgniter\CodeIgniter->createController()
 3 SYSTEMPATH\CodeIgniter.php(355): CodeIgniter\CodeIgniter->handleRequest(null, Object(Config\Cache), false)
 4 SYSTEMPATH\Boot.php(325): CodeIgniter\CodeIgniter->run()
 5 SYSTEMPATH\Boot.php(67): CodeIgniter\Boot::runCodeIgniter(Object(CodeIgniter\CodeIgniter))
 6 FCPATH\index.php(56): CodeIgniter\Boot::bootWeb(Object(Config\Paths))
WARNING - 2025-08-05 11:45:57 --> [DEPRECATED] Creation of dynamic property App\Controllers\MaterialController::$form_validation is deprecated in APPPATH\Controllers\MaterialController.php on line 19.
 1 SYSTEMPATH\CodeIgniter.php(903): App\Controllers\MaterialController->__construct()
 2 SYSTEMPATH\CodeIgniter.php(500): CodeIgniter\CodeIgniter->createController()
 3 SYSTEMPATH\CodeIgniter.php(355): CodeIgniter\CodeIgniter->handleRequest(null, Object(Config\Cache), false)
 4 SYSTEMPATH\Boot.php(325): CodeIgniter\CodeIgniter->run()
 5 SYSTEMPATH\Boot.php(67): CodeIgniter\Boot::runCodeIgniter(Object(CodeIgniter\CodeIgniter))
 6 FCPATH\index.php(56): CodeIgniter\Boot::bootWeb(Object(Config\Paths))
WARNING - 2025-08-05 11:45:57 --> [DEPRECATED] Creation of dynamic property App\Controllers\MaterialController::$userValidation is deprecated in APPPATH\Controllers\MaterialController.php on line 20.
 1 SYSTEMPATH\CodeIgniter.php(903): App\Controllers\MaterialController->__construct()
 2 SYSTEMPATH\CodeIgniter.php(500): CodeIgniter\CodeIgniter->createController()
 3 SYSTEMPATH\CodeIgniter.php(355): CodeIgniter\CodeIgniter->handleRequest(null, Object(Config\Cache), false)
 4 SYSTEMPATH\Boot.php(325): CodeIgniter\CodeIgniter->run()
 5 SYSTEMPATH\Boot.php(67): CodeIgniter\Boot::runCodeIgniter(Object(CodeIgniter\CodeIgniter))
 6 FCPATH\index.php(56): CodeIgniter\Boot::bootWeb(Object(Config\Paths))
INFO - 2025-08-05 11:45:58 --> Session: Class initialized using 'CodeIgniter\Session\Handlers\FileHandler' driver.
WARNING - 2025-08-05 11:45:58 --> [DEPRECATED] Creation of dynamic property App\Controllers\MaterialController::$db is deprecated in APPPATH\Controllers\MaterialController.php on line 15.
 1 SYSTEMPATH\CodeIgniter.php(903): App\Controllers\MaterialController->__construct()
 2 SYSTEMPATH\CodeIgniter.php(500): CodeIgniter\CodeIgniter->createController()
 3 SYSTEMPATH\CodeIgniter.php(355): CodeIgniter\CodeIgniter->handleRequest(null, Object(Config\Cache), false)
 4 SYSTEMPATH\Boot.php(325): CodeIgniter\CodeIgniter->run()
 5 SYSTEMPATH\Boot.php(67): CodeIgniter\Boot::runCodeIgniter(Object(CodeIgniter\CodeIgniter))
 6 FCPATH\index.php(56): CodeIgniter\Boot::bootWeb(Object(Config\Paths))
WARNING - 2025-08-05 11:45:58 --> [DEPRECATED] Creation of dynamic property App\Controllers\MaterialController::$session is deprecated in APPPATH\Controllers\MaterialController.php on line 16.
 1 SYSTEMPATH\CodeIgniter.php(903): App\Controllers\MaterialController->__construct()
 2 SYSTEMPATH\CodeIgniter.php(500): CodeIgniter\CodeIgniter->createController()
 3 SYSTEMPATH\CodeIgniter.php(355): CodeIgniter\CodeIgniter->handleRequest(null, Object(Config\Cache), false)
 4 SYSTEMPATH\Boot.php(325): CodeIgniter\CodeIgniter->run()
 5 SYSTEMPATH\Boot.php(67): CodeIgniter\Boot::runCodeIgniter(Object(CodeIgniter\CodeIgniter))
 6 FCPATH\index.php(56): CodeIgniter\Boot::bootWeb(Object(Config\Paths))
WARNING - 2025-08-05 11:45:58 --> [DEPRECATED] Creation of dynamic property App\Controllers\MaterialController::$uri is deprecated in APPPATH\Controllers\MaterialController.php on line 17.
 1 SYSTEMPATH\CodeIgniter.php(903): App\Controllers\MaterialController->__construct()
 2 SYSTEMPATH\CodeIgniter.php(500): CodeIgniter\CodeIgniter->createController()
 3 SYSTEMPATH\CodeIgniter.php(355): CodeIgniter\CodeIgniter->handleRequest(null, Object(Config\Cache), false)
 4 SYSTEMPATH\Boot.php(325): CodeIgniter\CodeIgniter->run()
 5 SYSTEMPATH\Boot.php(67): CodeIgniter\Boot::runCodeIgniter(Object(CodeIgniter\CodeIgniter))
 6 FCPATH\index.php(56): CodeIgniter\Boot::bootWeb(Object(Config\Paths))
WARNING - 2025-08-05 11:45:58 --> [DEPRECATED] Creation of dynamic property App\Controllers\MaterialController::$form_validation is deprecated in APPPATH\Controllers\MaterialController.php on line 19.
 1 SYSTEMPATH\CodeIgniter.php(903): App\Controllers\MaterialController->__construct()
 2 SYSTEMPATH\CodeIgniter.php(500): CodeIgniter\CodeIgniter->createController()
 3 SYSTEMPATH\CodeIgniter.php(355): CodeIgniter\CodeIgniter->handleRequest(null, Object(Config\Cache), false)
 4 SYSTEMPATH\Boot.php(325): CodeIgniter\CodeIgniter->run()
 5 SYSTEMPATH\Boot.php(67): CodeIgniter\Boot::runCodeIgniter(Object(CodeIgniter\CodeIgniter))
 6 FCPATH\index.php(56): CodeIgniter\Boot::bootWeb(Object(Config\Paths))
WARNING - 2025-08-05 11:45:58 --> [DEPRECATED] Creation of dynamic property App\Controllers\MaterialController::$userValidation is deprecated in APPPATH\Controllers\MaterialController.php on line 20.
 1 SYSTEMPATH\CodeIgniter.php(903): App\Controllers\MaterialController->__construct()
 2 SYSTEMPATH\CodeIgniter.php(500): CodeIgniter\CodeIgniter->createController()
 3 SYSTEMPATH\CodeIgniter.php(355): CodeIgniter\CodeIgniter->handleRequest(null, Object(Config\Cache), false)
 4 SYSTEMPATH\Boot.php(325): CodeIgniter\CodeIgniter->run()
 5 SYSTEMPATH\Boot.php(67): CodeIgniter\Boot::runCodeIgniter(Object(CodeIgniter\CodeIgniter))
 6 FCPATH\index.php(56): CodeIgniter\Boot::bootWeb(Object(Config\Paths))
INFO - 2025-08-05 11:45:59 --> Session: Class initialized using 'CodeIgniter\Session\Handlers\FileHandler' driver.
WARNING - 2025-08-05 11:45:59 --> [DEPRECATED] Creation of dynamic property App\Controllers\MaterialController::$db is deprecated in APPPATH\Controllers\MaterialController.php on line 15.
 1 SYSTEMPATH\CodeIgniter.php(903): App\Controllers\MaterialController->__construct()
 2 SYSTEMPATH\CodeIgniter.php(500): CodeIgniter\CodeIgniter->createController()
 3 SYSTEMPATH\CodeIgniter.php(355): CodeIgniter\CodeIgniter->handleRequest(null, Object(Config\Cache), false)
 4 SYSTEMPATH\Boot.php(325): CodeIgniter\CodeIgniter->run()
 5 SYSTEMPATH\Boot.php(67): CodeIgniter\Boot::runCodeIgniter(Object(CodeIgniter\CodeIgniter))
 6 FCPATH\index.php(56): CodeIgniter\Boot::bootWeb(Object(Config\Paths))
WARNING - 2025-08-05 11:45:59 --> [DEPRECATED] Creation of dynamic property App\Controllers\MaterialController::$session is deprecated in APPPATH\Controllers\MaterialController.php on line 16.
 1 SYSTEMPATH\CodeIgniter.php(903): App\Controllers\MaterialController->__construct()
 2 SYSTEMPATH\CodeIgniter.php(500): CodeIgniter\CodeIgniter->createController()
 3 SYSTEMPATH\CodeIgniter.php(355): CodeIgniter\CodeIgniter->handleRequest(null, Object(Config\Cache), false)
 4 SYSTEMPATH\Boot.php(325): CodeIgniter\CodeIgniter->run()
 5 SYSTEMPATH\Boot.php(67): CodeIgniter\Boot::runCodeIgniter(Object(CodeIgniter\CodeIgniter))
 6 FCPATH\index.php(56): CodeIgniter\Boot::bootWeb(Object(Config\Paths))
WARNING - 2025-08-05 11:45:59 --> [DEPRECATED] Creation of dynamic property App\Controllers\MaterialController::$uri is deprecated in APPPATH\Controllers\MaterialController.php on line 17.
 1 SYSTEMPATH\CodeIgniter.php(903): App\Controllers\MaterialController->__construct()
 2 SYSTEMPATH\CodeIgniter.php(500): CodeIgniter\CodeIgniter->createController()
 3 SYSTEMPATH\CodeIgniter.php(355): CodeIgniter\CodeIgniter->handleRequest(null, Object(Config\Cache), false)
 4 SYSTEMPATH\Boot.php(325): CodeIgniter\CodeIgniter->run()
 5 SYSTEMPATH\Boot.php(67): CodeIgniter\Boot::runCodeIgniter(Object(CodeIgniter\CodeIgniter))
 6 FCPATH\index.php(56): CodeIgniter\Boot::bootWeb(Object(Config\Paths))
WARNING - 2025-08-05 11:45:59 --> [DEPRECATED] Creation of dynamic property App\Controllers\MaterialController::$form_validation is deprecated in APPPATH\Controllers\MaterialController.php on line 19.
 1 SYSTEMPATH\CodeIgniter.php(903): App\Controllers\MaterialController->__construct()
 2 SYSTEMPATH\CodeIgniter.php(500): CodeIgniter\CodeIgniter->createController()
 3 SYSTEMPATH\CodeIgniter.php(355): CodeIgniter\CodeIgniter->handleRequest(null, Object(Config\Cache), false)
 4 SYSTEMPATH\Boot.php(325): CodeIgniter\CodeIgniter->run()
 5 SYSTEMPATH\Boot.php(67): CodeIgniter\Boot::runCodeIgniter(Object(CodeIgniter\CodeIgniter))
 6 FCPATH\index.php(56): CodeIgniter\Boot::bootWeb(Object(Config\Paths))
WARNING - 2025-08-05 11:45:59 --> [DEPRECATED] Creation of dynamic property App\Controllers\MaterialController::$userValidation is deprecated in APPPATH\Controllers\MaterialController.php on line 20.
 1 SYSTEMPATH\CodeIgniter.php(903): App\Controllers\MaterialController->__construct()
 2 SYSTEMPATH\CodeIgniter.php(500): CodeIgniter\CodeIgniter->createController()
 3 SYSTEMPATH\CodeIgniter.php(355): CodeIgniter\CodeIgniter->handleRequest(null, Object(Config\Cache), false)
 4 SYSTEMPATH\Boot.php(325): CodeIgniter\CodeIgniter->run()
 5 SYSTEMPATH\Boot.php(67): CodeIgniter\Boot::runCodeIgniter(Object(CodeIgniter\CodeIgniter))
 6 FCPATH\index.php(56): CodeIgniter\Boot::bootWeb(Object(Config\Paths))
INFO - 2025-08-05 11:46:00 --> Session: Class initialized using 'CodeIgniter\Session\Handlers\FileHandler' driver.
WARNING - 2025-08-05 11:46:00 --> [DEPRECATED] Creation of dynamic property App\Controllers\MaterialController::$db is deprecated in APPPATH\Controllers\MaterialController.php on line 15.
 1 SYSTEMPATH\CodeIgniter.php(903): App\Controllers\MaterialController->__construct()
 2 SYSTEMPATH\CodeIgniter.php(500): CodeIgniter\CodeIgniter->createController()
 3 SYSTEMPATH\CodeIgniter.php(355): CodeIgniter\CodeIgniter->handleRequest(null, Object(Config\Cache), false)
 4 SYSTEMPATH\Boot.php(325): CodeIgniter\CodeIgniter->run()
 5 SYSTEMPATH\Boot.php(67): CodeIgniter\Boot::runCodeIgniter(Object(CodeIgniter\CodeIgniter))
 6 FCPATH\index.php(56): CodeIgniter\Boot::bootWeb(Object(Config\Paths))
WARNING - 2025-08-05 11:46:00 --> [DEPRECATED] Creation of dynamic property App\Controllers\MaterialController::$session is deprecated in APPPATH\Controllers\MaterialController.php on line 16.
 1 SYSTEMPATH\CodeIgniter.php(903): App\Controllers\MaterialController->__construct()
 2 SYSTEMPATH\CodeIgniter.php(500): CodeIgniter\CodeIgniter->createController()
 3 SYSTEMPATH\CodeIgniter.php(355): CodeIgniter\CodeIgniter->handleRequest(null, Object(Config\Cache), false)
 4 SYSTEMPATH\Boot.php(325): CodeIgniter\CodeIgniter->run()
 5 SYSTEMPATH\Boot.php(67): CodeIgniter\Boot::runCodeIgniter(Object(CodeIgniter\CodeIgniter))
 6 FCPATH\index.php(56): CodeIgniter\Boot::bootWeb(Object(Config\Paths))
WARNING - 2025-08-05 11:46:00 --> [DEPRECATED] Creation of dynamic property App\Controllers\MaterialController::$uri is deprecated in APPPATH\Controllers\MaterialController.php on line 17.
 1 SYSTEMPATH\CodeIgniter.php(903): App\Controllers\MaterialController->__construct()
 2 SYSTEMPATH\CodeIgniter.php(500): CodeIgniter\CodeIgniter->createController()
 3 SYSTEMPATH\CodeIgniter.php(355): CodeIgniter\CodeIgniter->handleRequest(null, Object(Config\Cache), false)
 4 SYSTEMPATH\Boot.php(325): CodeIgniter\CodeIgniter->run()
 5 SYSTEMPATH\Boot.php(67): CodeIgniter\Boot::runCodeIgniter(Object(CodeIgniter\CodeIgniter))
 6 FCPATH\index.php(56): CodeIgniter\Boot::bootWeb(Object(Config\Paths))
WARNING - 2025-08-05 11:46:00 --> [DEPRECATED] Creation of dynamic property App\Controllers\MaterialController::$form_validation is deprecated in APPPATH\Controllers\MaterialController.php on line 19.
 1 SYSTEMPATH\CodeIgniter.php(903): App\Controllers\MaterialController->__construct()
 2 SYSTEMPATH\CodeIgniter.php(500): CodeIgniter\CodeIgniter->createController()
 3 SYSTEMPATH\CodeIgniter.php(355): CodeIgniter\CodeIgniter->handleRequest(null, Object(Config\Cache), false)
 4 SYSTEMPATH\Boot.php(325): CodeIgniter\CodeIgniter->run()
 5 SYSTEMPATH\Boot.php(67): CodeIgniter\Boot::runCodeIgniter(Object(CodeIgniter\CodeIgniter))
 6 FCPATH\index.php(56): CodeIgniter\Boot::bootWeb(Object(Config\Paths))
WARNING - 2025-08-05 11:46:00 --> [DEPRECATED] Creation of dynamic property App\Controllers\MaterialController::$userValidation is deprecated in APPPATH\Controllers\MaterialController.php on line 20.
 1 SYSTEMPATH\CodeIgniter.php(903): App\Controllers\MaterialController->__construct()
 2 SYSTEMPATH\CodeIgniter.php(500): CodeIgniter\CodeIgniter->createController()
 3 SYSTEMPATH\CodeIgniter.php(355): CodeIgniter\CodeIgniter->handleRequest(null, Object(Config\Cache), false)
 4 SYSTEMPATH\Boot.php(325): CodeIgniter\CodeIgniter->run()
 5 SYSTEMPATH\Boot.php(67): CodeIgniter\Boot::runCodeIgniter(Object(CodeIgniter\CodeIgniter))
 6 FCPATH\index.php(56): CodeIgniter\Boot::bootWeb(Object(Config\Paths))
INFO - 2025-08-05 11:46:01 --> Session: Class initialized using 'CodeIgniter\Session\Handlers\FileHandler' driver.
WARNING - 2025-08-05 11:46:01 --> [DEPRECATED] Creation of dynamic property App\Controllers\MaterialController::$db is deprecated in APPPATH\Controllers\MaterialController.php on line 15.
 1 SYSTEMPATH\CodeIgniter.php(903): App\Controllers\MaterialController->__construct()
 2 SYSTEMPATH\CodeIgniter.php(500): CodeIgniter\CodeIgniter->createController()
 3 SYSTEMPATH\CodeIgniter.php(355): CodeIgniter\CodeIgniter->handleRequest(null, Object(Config\Cache), false)
 4 SYSTEMPATH\Boot.php(325): CodeIgniter\CodeIgniter->run()
 5 SYSTEMPATH\Boot.php(67): CodeIgniter\Boot::runCodeIgniter(Object(CodeIgniter\CodeIgniter))
 6 FCPATH\index.php(56): CodeIgniter\Boot::bootWeb(Object(Config\Paths))
WARNING - 2025-08-05 11:46:01 --> [DEPRECATED] Creation of dynamic property App\Controllers\MaterialController::$session is deprecated in APPPATH\Controllers\MaterialController.php on line 16.
 1 SYSTEMPATH\CodeIgniter.php(903): App\Controllers\MaterialController->__construct()
 2 SYSTEMPATH\CodeIgniter.php(500): CodeIgniter\CodeIgniter->createController()
 3 SYSTEMPATH\CodeIgniter.php(355): CodeIgniter\CodeIgniter->handleRequest(null, Object(Config\Cache), false)
 4 SYSTEMPATH\Boot.php(325): CodeIgniter\CodeIgniter->run()
 5 SYSTEMPATH\Boot.php(67): CodeIgniter\Boot::runCodeIgniter(Object(CodeIgniter\CodeIgniter))
 6 FCPATH\index.php(56): CodeIgniter\Boot::bootWeb(Object(Config\Paths))
WARNING - 2025-08-05 11:46:01 --> [DEPRECATED] Creation of dynamic property App\Controllers\MaterialController::$uri is deprecated in APPPATH\Controllers\MaterialController.php on line 17.
 1 SYSTEMPATH\CodeIgniter.php(903): App\Controllers\MaterialController->__construct()
 2 SYSTEMPATH\CodeIgniter.php(500): CodeIgniter\CodeIgniter->createController()
 3 SYSTEMPATH\CodeIgniter.php(355): CodeIgniter\CodeIgniter->handleRequest(null, Object(Config\Cache), false)
 4 SYSTEMPATH\Boot.php(325): CodeIgniter\CodeIgniter->run()
 5 SYSTEMPATH\Boot.php(67): CodeIgniter\Boot::runCodeIgniter(Object(CodeIgniter\CodeIgniter))
 6 FCPATH\index.php(56): CodeIgniter\Boot::bootWeb(Object(Config\Paths))
WARNING - 2025-08-05 11:46:01 --> [DEPRECATED] Creation of dynamic property App\Controllers\MaterialController::$form_validation is deprecated in APPPATH\Controllers\MaterialController.php on line 19.
 1 SYSTEMPATH\CodeIgniter.php(903): App\Controllers\MaterialController->__construct()
 2 SYSTEMPATH\CodeIgniter.php(500): CodeIgniter\CodeIgniter->createController()
 3 SYSTEMPATH\CodeIgniter.php(355): CodeIgniter\CodeIgniter->handleRequest(null, Object(Config\Cache), false)
 4 SYSTEMPATH\Boot.php(325): CodeIgniter\CodeIgniter->run()
 5 SYSTEMPATH\Boot.php(67): CodeIgniter\Boot::runCodeIgniter(Object(CodeIgniter\CodeIgniter))
 6 FCPATH\index.php(56): CodeIgniter\Boot::bootWeb(Object(Config\Paths))
WARNING - 2025-08-05 11:46:01 --> [DEPRECATED] Creation of dynamic property App\Controllers\MaterialController::$userValidation is deprecated in APPPATH\Controllers\MaterialController.php on line 20.
 1 SYSTEMPATH\CodeIgniter.php(903): App\Controllers\MaterialController->__construct()
 2 SYSTEMPATH\CodeIgniter.php(500): CodeIgniter\CodeIgniter->createController()
 3 SYSTEMPATH\CodeIgniter.php(355): CodeIgniter\CodeIgniter->handleRequest(null, Object(Config\Cache), false)
 4 SYSTEMPATH\Boot.php(325): CodeIgniter\CodeIgniter->run()
 5 SYSTEMPATH\Boot.php(67): CodeIgniter\Boot::runCodeIgniter(Object(CodeIgniter\CodeIgniter))
 6 FCPATH\index.php(56): CodeIgniter\Boot::bootWeb(Object(Config\Paths))
INFO - 2025-08-05 11:46:02 --> Session: Class initialized using 'CodeIgniter\Session\Handlers\FileHandler' driver.
WARNING - 2025-08-05 11:46:02 --> [DEPRECATED] Creation of dynamic property App\Controllers\MaterialController::$db is deprecated in APPPATH\Controllers\MaterialController.php on line 15.
 1 SYSTEMPATH\CodeIgniter.php(903): App\Controllers\MaterialController->__construct()
 2 SYSTEMPATH\CodeIgniter.php(500): CodeIgniter\CodeIgniter->createController()
 3 SYSTEMPATH\CodeIgniter.php(355): CodeIgniter\CodeIgniter->handleRequest(null, Object(Config\Cache), false)
 4 SYSTEMPATH\Boot.php(325): CodeIgniter\CodeIgniter->run()
 5 SYSTEMPATH\Boot.php(67): CodeIgniter\Boot::runCodeIgniter(Object(CodeIgniter\CodeIgniter))
 6 FCPATH\index.php(56): CodeIgniter\Boot::bootWeb(Object(Config\Paths))
WARNING - 2025-08-05 11:46:02 --> [DEPRECATED] Creation of dynamic property App\Controllers\MaterialController::$session is deprecated in APPPATH\Controllers\MaterialController.php on line 16.
 1 SYSTEMPATH\CodeIgniter.php(903): App\Controllers\MaterialController->__construct()
 2 SYSTEMPATH\CodeIgniter.php(500): CodeIgniter\CodeIgniter->createController()
 3 SYSTEMPATH\CodeIgniter.php(355): CodeIgniter\CodeIgniter->handleRequest(null, Object(Config\Cache), false)
 4 SYSTEMPATH\Boot.php(325): CodeIgniter\CodeIgniter->run()
 5 SYSTEMPATH\Boot.php(67): CodeIgniter\Boot::runCodeIgniter(Object(CodeIgniter\CodeIgniter))
 6 FCPATH\index.php(56): CodeIgniter\Boot::bootWeb(Object(Config\Paths))
WARNING - 2025-08-05 11:46:02 --> [DEPRECATED] Creation of dynamic property App\Controllers\MaterialController::$uri is deprecated in APPPATH\Controllers\MaterialController.php on line 17.
 1 SYSTEMPATH\CodeIgniter.php(903): App\Controllers\MaterialController->__construct()
 2 SYSTEMPATH\CodeIgniter.php(500): CodeIgniter\CodeIgniter->createController()
 3 SYSTEMPATH\CodeIgniter.php(355): CodeIgniter\CodeIgniter->handleRequest(null, Object(Config\Cache), false)
 4 SYSTEMPATH\Boot.php(325): CodeIgniter\CodeIgniter->run()
 5 SYSTEMPATH\Boot.php(67): CodeIgniter\Boot::runCodeIgniter(Object(CodeIgniter\CodeIgniter))
 6 FCPATH\index.php(56): CodeIgniter\Boot::bootWeb(Object(Config\Paths))
WARNING - 2025-08-05 11:46:02 --> [DEPRECATED] Creation of dynamic property App\Controllers\MaterialController::$form_validation is deprecated in APPPATH\Controllers\MaterialController.php on line 19.
 1 SYSTEMPATH\CodeIgniter.php(903): App\Controllers\MaterialController->__construct()
 2 SYSTEMPATH\CodeIgniter.php(500): CodeIgniter\CodeIgniter->createController()
 3 SYSTEMPATH\CodeIgniter.php(355): CodeIgniter\CodeIgniter->handleRequest(null, Object(Config\Cache), false)
 4 SYSTEMPATH\Boot.php(325): CodeIgniter\CodeIgniter->run()
 5 SYSTEMPATH\Boot.php(67): CodeIgniter\Boot::runCodeIgniter(Object(CodeIgniter\CodeIgniter))
 6 FCPATH\index.php(56): CodeIgniter\Boot::bootWeb(Object(Config\Paths))
WARNING - 2025-08-05 11:46:02 --> [DEPRECATED] Creation of dynamic property App\Controllers\MaterialController::$userValidation is deprecated in APPPATH\Controllers\MaterialController.php on line 20.
 1 SYSTEMPATH\CodeIgniter.php(903): App\Controllers\MaterialController->__construct()
 2 SYSTEMPATH\CodeIgniter.php(500): CodeIgniter\CodeIgniter->createController()
 3 SYSTEMPATH\CodeIgniter.php(355): CodeIgniter\CodeIgniter->handleRequest(null, Object(Config\Cache), false)
 4 SYSTEMPATH\Boot.php(325): CodeIgniter\CodeIgniter->run()
 5 SYSTEMPATH\Boot.php(67): CodeIgniter\Boot::runCodeIgniter(Object(CodeIgniter\CodeIgniter))
 6 FCPATH\index.php(56): CodeIgniter\Boot::bootWeb(Object(Config\Paths))
INFO - 2025-08-05 11:46:02 --> Session: Class initialized using 'CodeIgniter\Session\Handlers\FileHandler' driver.
WARNING - 2025-08-05 11:46:02 --> [DEPRECATED] Creation of dynamic property App\Controllers\MaterialController::$db is deprecated in APPPATH\Controllers\MaterialController.php on line 15.
 1 SYSTEMPATH\CodeIgniter.php(903): App\Controllers\MaterialController->__construct()
 2 SYSTEMPATH\CodeIgniter.php(500): CodeIgniter\CodeIgniter->createController()
 3 SYSTEMPATH\CodeIgniter.php(355): CodeIgniter\CodeIgniter->handleRequest(null, Object(Config\Cache), false)
 4 SYSTEMPATH\Boot.php(325): CodeIgniter\CodeIgniter->run()
 5 SYSTEMPATH\Boot.php(67): CodeIgniter\Boot::runCodeIgniter(Object(CodeIgniter\CodeIgniter))
 6 FCPATH\index.php(56): CodeIgniter\Boot::bootWeb(Object(Config\Paths))
WARNING - 2025-08-05 11:46:02 --> [DEPRECATED] Creation of dynamic property App\Controllers\MaterialController::$session is deprecated in APPPATH\Controllers\MaterialController.php on line 16.
 1 SYSTEMPATH\CodeIgniter.php(903): App\Controllers\MaterialController->__construct()
 2 SYSTEMPATH\CodeIgniter.php(500): CodeIgniter\CodeIgniter->createController()
 3 SYSTEMPATH\CodeIgniter.php(355): CodeIgniter\CodeIgniter->handleRequest(null, Object(Config\Cache), false)
 4 SYSTEMPATH\Boot.php(325): CodeIgniter\CodeIgniter->run()
 5 SYSTEMPATH\Boot.php(67): CodeIgniter\Boot::runCodeIgniter(Object(CodeIgniter\CodeIgniter))
 6 FCPATH\index.php(56): CodeIgniter\Boot::bootWeb(Object(Config\Paths))
WARNING - 2025-08-05 11:46:02 --> [DEPRECATED] Creation of dynamic property App\Controllers\MaterialController::$uri is deprecated in APPPATH\Controllers\MaterialController.php on line 17.
 1 SYSTEMPATH\CodeIgniter.php(903): App\Controllers\MaterialController->__construct()
 2 SYSTEMPATH\CodeIgniter.php(500): CodeIgniter\CodeIgniter->createController()
 3 SYSTEMPATH\CodeIgniter.php(355): CodeIgniter\CodeIgniter->handleRequest(null, Object(Config\Cache), false)
 4 SYSTEMPATH\Boot.php(325): CodeIgniter\CodeIgniter->run()
 5 SYSTEMPATH\Boot.php(67): CodeIgniter\Boot::runCodeIgniter(Object(CodeIgniter\CodeIgniter))
 6 FCPATH\index.php(56): CodeIgniter\Boot::bootWeb(Object(Config\Paths))
WARNING - 2025-08-05 11:46:02 --> [DEPRECATED] Creation of dynamic property App\Controllers\MaterialController::$form_validation is deprecated in APPPATH\Controllers\MaterialController.php on line 19.
 1 SYSTEMPATH\CodeIgniter.php(903): App\Controllers\MaterialController->__construct()
 2 SYSTEMPATH\CodeIgniter.php(500): CodeIgniter\CodeIgniter->createController()
 3 SYSTEMPATH\CodeIgniter.php(355): CodeIgniter\CodeIgniter->handleRequest(null, Object(Config\Cache), false)
 4 SYSTEMPATH\Boot.php(325): CodeIgniter\CodeIgniter->run()
 5 SYSTEMPATH\Boot.php(67): CodeIgniter\Boot::runCodeIgniter(Object(CodeIgniter\CodeIgniter))
 6 FCPATH\index.php(56): CodeIgniter\Boot::bootWeb(Object(Config\Paths))
WARNING - 2025-08-05 11:46:02 --> [DEPRECATED] Creation of dynamic property App\Controllers\MaterialController::$userValidation is deprecated in APPPATH\Controllers\MaterialController.php on line 20.
 1 SYSTEMPATH\CodeIgniter.php(903): App\Controllers\MaterialController->__construct()
 2 SYSTEMPATH\CodeIgniter.php(500): CodeIgniter\CodeIgniter->createController()
 3 SYSTEMPATH\CodeIgniter.php(355): CodeIgniter\CodeIgniter->handleRequest(null, Object(Config\Cache), false)
 4 SYSTEMPATH\Boot.php(325): CodeIgniter\CodeIgniter->run()
 5 SYSTEMPATH\Boot.php(67): CodeIgniter\Boot::runCodeIgniter(Object(CodeIgniter\CodeIgniter))
 6 FCPATH\index.php(56): CodeIgniter\Boot::bootWeb(Object(Config\Paths))
INFO - 2025-08-05 11:46:03 --> Session: Class initialized using 'CodeIgniter\Session\Handlers\FileHandler' driver.
WARNING - 2025-08-05 11:46:03 --> [DEPRECATED] Creation of dynamic property App\Controllers\MaterialController::$db is deprecated in APPPATH\Controllers\MaterialController.php on line 15.
 1 SYSTEMPATH\CodeIgniter.php(903): App\Controllers\MaterialController->__construct()
 2 SYSTEMPATH\CodeIgniter.php(500): CodeIgniter\CodeIgniter->createController()
 3 SYSTEMPATH\CodeIgniter.php(355): CodeIgniter\CodeIgniter->handleRequest(null, Object(Config\Cache), false)
 4 SYSTEMPATH\Boot.php(325): CodeIgniter\CodeIgniter->run()
 5 SYSTEMPATH\Boot.php(67): CodeIgniter\Boot::runCodeIgniter(Object(CodeIgniter\CodeIgniter))
 6 FCPATH\index.php(56): CodeIgniter\Boot::bootWeb(Object(Config\Paths))
WARNING - 2025-08-05 11:46:03 --> [DEPRECATED] Creation of dynamic property App\Controllers\MaterialController::$session is deprecated in APPPATH\Controllers\MaterialController.php on line 16.
 1 SYSTEMPATH\CodeIgniter.php(903): App\Controllers\MaterialController->__construct()
 2 SYSTEMPATH\CodeIgniter.php(500): CodeIgniter\CodeIgniter->createController()
 3 SYSTEMPATH\CodeIgniter.php(355): CodeIgniter\CodeIgniter->handleRequest(null, Object(Config\Cache), false)
 4 SYSTEMPATH\Boot.php(325): CodeIgniter\CodeIgniter->run()
 5 SYSTEMPATH\Boot.php(67): CodeIgniter\Boot::runCodeIgniter(Object(CodeIgniter\CodeIgniter))
 6 FCPATH\index.php(56): CodeIgniter\Boot::bootWeb(Object(Config\Paths))
WARNING - 2025-08-05 11:46:03 --> [DEPRECATED] Creation of dynamic property App\Controllers\MaterialController::$uri is deprecated in APPPATH\Controllers\MaterialController.php on line 17.
 1 SYSTEMPATH\CodeIgniter.php(903): App\Controllers\MaterialController->__construct()
 2 SYSTEMPATH\CodeIgniter.php(500): CodeIgniter\CodeIgniter->createController()
 3 SYSTEMPATH\CodeIgniter.php(355): CodeIgniter\CodeIgniter->handleRequest(null, Object(Config\Cache), false)
 4 SYSTEMPATH\Boot.php(325): CodeIgniter\CodeIgniter->run()
 5 SYSTEMPATH\Boot.php(67): CodeIgniter\Boot::runCodeIgniter(Object(CodeIgniter\CodeIgniter))
 6 FCPATH\index.php(56): CodeIgniter\Boot::bootWeb(Object(Config\Paths))
WARNING - 2025-08-05 11:46:03 --> [DEPRECATED] Creation of dynamic property App\Controllers\MaterialController::$form_validation is deprecated in APPPATH\Controllers\MaterialController.php on line 19.
 1 SYSTEMPATH\CodeIgniter.php(903): App\Controllers\MaterialController->__construct()
 2 SYSTEMPATH\CodeIgniter.php(500): CodeIgniter\CodeIgniter->createController()
 3 SYSTEMPATH\CodeIgniter.php(355): CodeIgniter\CodeIgniter->handleRequest(null, Object(Config\Cache), false)
 4 SYSTEMPATH\Boot.php(325): CodeIgniter\CodeIgniter->run()
 5 SYSTEMPATH\Boot.php(67): CodeIgniter\Boot::runCodeIgniter(Object(CodeIgniter\CodeIgniter))
 6 FCPATH\index.php(56): CodeIgniter\Boot::bootWeb(Object(Config\Paths))
WARNING - 2025-08-05 11:46:03 --> [DEPRECATED] Creation of dynamic property App\Controllers\MaterialController::$userValidation is deprecated in APPPATH\Controllers\MaterialController.php on line 20.
 1 SYSTEMPATH\CodeIgniter.php(903): App\Controllers\MaterialController->__construct()
 2 SYSTEMPATH\CodeIgniter.php(500): CodeIgniter\CodeIgniter->createController()
 3 SYSTEMPATH\CodeIgniter.php(355): CodeIgniter\CodeIgniter->handleRequest(null, Object(Config\Cache), false)
 4 SYSTEMPATH\Boot.php(325): CodeIgniter\CodeIgniter->run()
 5 SYSTEMPATH\Boot.php(67): CodeIgniter\Boot::runCodeIgniter(Object(CodeIgniter\CodeIgniter))
 6 FCPATH\index.php(56): CodeIgniter\Boot::bootWeb(Object(Config\Paths))
INFO - 2025-08-05 11:46:03 --> Session: Class initialized using 'CodeIgniter\Session\Handlers\FileHandler' driver.
WARNING - 2025-08-05 11:46:03 --> [DEPRECATED] Creation of dynamic property App\Controllers\MaterialController::$db is deprecated in APPPATH\Controllers\MaterialController.php on line 15.
 1 SYSTEMPATH\CodeIgniter.php(903): App\Controllers\MaterialController->__construct()
 2 SYSTEMPATH\CodeIgniter.php(500): CodeIgniter\CodeIgniter->createController()
 3 SYSTEMPATH\CodeIgniter.php(355): CodeIgniter\CodeIgniter->handleRequest(null, Object(Config\Cache), false)
 4 SYSTEMPATH\Boot.php(325): CodeIgniter\CodeIgniter->run()
 5 SYSTEMPATH\Boot.php(67): CodeIgniter\Boot::runCodeIgniter(Object(CodeIgniter\CodeIgniter))
 6 FCPATH\index.php(56): CodeIgniter\Boot::bootWeb(Object(Config\Paths))
WARNING - 2025-08-05 11:46:03 --> [DEPRECATED] Creation of dynamic property App\Controllers\MaterialController::$session is deprecated in APPPATH\Controllers\MaterialController.php on line 16.
 1 SYSTEMPATH\CodeIgniter.php(903): App\Controllers\MaterialController->__construct()
 2 SYSTEMPATH\CodeIgniter.php(500): CodeIgniter\CodeIgniter->createController()
 3 SYSTEMPATH\CodeIgniter.php(355): CodeIgniter\CodeIgniter->handleRequest(null, Object(Config\Cache), false)
 4 SYSTEMPATH\Boot.php(325): CodeIgniter\CodeIgniter->run()
 5 SYSTEMPATH\Boot.php(67): CodeIgniter\Boot::runCodeIgniter(Object(CodeIgniter\CodeIgniter))
 6 FCPATH\index.php(56): CodeIgniter\Boot::bootWeb(Object(Config\Paths))
WARNING - 2025-08-05 11:46:03 --> [DEPRECATED] Creation of dynamic property App\Controllers\MaterialController::$uri is deprecated in APPPATH\Controllers\MaterialController.php on line 17.
 1 SYSTEMPATH\CodeIgniter.php(903): App\Controllers\MaterialController->__construct()
 2 SYSTEMPATH\CodeIgniter.php(500): CodeIgniter\CodeIgniter->createController()
 3 SYSTEMPATH\CodeIgniter.php(355): CodeIgniter\CodeIgniter->handleRequest(null, Object(Config\Cache), false)
 4 SYSTEMPATH\Boot.php(325): CodeIgniter\CodeIgniter->run()
 5 SYSTEMPATH\Boot.php(67): CodeIgniter\Boot::runCodeIgniter(Object(CodeIgniter\CodeIgniter))
 6 FCPATH\index.php(56): CodeIgniter\Boot::bootWeb(Object(Config\Paths))
WARNING - 2025-08-05 11:46:03 --> [DEPRECATED] Creation of dynamic property App\Controllers\MaterialController::$form_validation is deprecated in APPPATH\Controllers\MaterialController.php on line 19.
 1 SYSTEMPATH\CodeIgniter.php(903): App\Controllers\MaterialController->__construct()
 2 SYSTEMPATH\CodeIgniter.php(500): CodeIgniter\CodeIgniter->createController()
 3 SYSTEMPATH\CodeIgniter.php(355): CodeIgniter\CodeIgniter->handleRequest(null, Object(Config\Cache), false)
 4 SYSTEMPATH\Boot.php(325): CodeIgniter\CodeIgniter->run()
 5 SYSTEMPATH\Boot.php(67): CodeIgniter\Boot::runCodeIgniter(Object(CodeIgniter\CodeIgniter))
 6 FCPATH\index.php(56): CodeIgniter\Boot::bootWeb(Object(Config\Paths))
WARNING - 2025-08-05 11:46:03 --> [DEPRECATED] Creation of dynamic property App\Controllers\MaterialController::$userValidation is deprecated in APPPATH\Controllers\MaterialController.php on line 20.
 1 SYSTEMPATH\CodeIgniter.php(903): App\Controllers\MaterialController->__construct()
 2 SYSTEMPATH\CodeIgniter.php(500): CodeIgniter\CodeIgniter->createController()
 3 SYSTEMPATH\CodeIgniter.php(355): CodeIgniter\CodeIgniter->handleRequest(null, Object(Config\Cache), false)
 4 SYSTEMPATH\Boot.php(325): CodeIgniter\CodeIgniter->run()
 5 SYSTEMPATH\Boot.php(67): CodeIgniter\Boot::runCodeIgniter(Object(CodeIgniter\CodeIgniter))
 6 FCPATH\index.php(56): CodeIgniter\Boot::bootWeb(Object(Config\Paths))
INFO - 2025-08-05 11:46:04 --> Session: Class initialized using 'CodeIgniter\Session\Handlers\FileHandler' driver.
WARNING - 2025-08-05 11:46:04 --> [DEPRECATED] Creation of dynamic property App\Controllers\MaterialController::$db is deprecated in APPPATH\Controllers\MaterialController.php on line 15.
 1 SYSTEMPATH\CodeIgniter.php(903): App\Controllers\MaterialController->__construct()
 2 SYSTEMPATH\CodeIgniter.php(500): CodeIgniter\CodeIgniter->createController()
 3 SYSTEMPATH\CodeIgniter.php(355): CodeIgniter\CodeIgniter->handleRequest(null, Object(Config\Cache), false)
 4 SYSTEMPATH\Boot.php(325): CodeIgniter\CodeIgniter->run()
 5 SYSTEMPATH\Boot.php(67): CodeIgniter\Boot::runCodeIgniter(Object(CodeIgniter\CodeIgniter))
 6 FCPATH\index.php(56): CodeIgniter\Boot::bootWeb(Object(Config\Paths))
WARNING - 2025-08-05 11:46:04 --> [DEPRECATED] Creation of dynamic property App\Controllers\MaterialController::$session is deprecated in APPPATH\Controllers\MaterialController.php on line 16.
 1 SYSTEMPATH\CodeIgniter.php(903): App\Controllers\MaterialController->__construct()
 2 SYSTEMPATH\CodeIgniter.php(500): CodeIgniter\CodeIgniter->createController()
 3 SYSTEMPATH\CodeIgniter.php(355): CodeIgniter\CodeIgniter->handleRequest(null, Object(Config\Cache), false)
 4 SYSTEMPATH\Boot.php(325): CodeIgniter\CodeIgniter->run()
 5 SYSTEMPATH\Boot.php(67): CodeIgniter\Boot::runCodeIgniter(Object(CodeIgniter\CodeIgniter))
 6 FCPATH\index.php(56): CodeIgniter\Boot::bootWeb(Object(Config\Paths))
WARNING - 2025-08-05 11:46:04 --> [DEPRECATED] Creation of dynamic property App\Controllers\MaterialController::$uri is deprecated in APPPATH\Controllers\MaterialController.php on line 17.
 1 SYSTEMPATH\CodeIgniter.php(903): App\Controllers\MaterialController->__construct()
 2 SYSTEMPATH\CodeIgniter.php(500): CodeIgniter\CodeIgniter->createController()
 3 SYSTEMPATH\CodeIgniter.php(355): CodeIgniter\CodeIgniter->handleRequest(null, Object(Config\Cache), false)
 4 SYSTEMPATH\Boot.php(325): CodeIgniter\CodeIgniter->run()
 5 SYSTEMPATH\Boot.php(67): CodeIgniter\Boot::runCodeIgniter(Object(CodeIgniter\CodeIgniter))
 6 FCPATH\index.php(56): CodeIgniter\Boot::bootWeb(Object(Config\Paths))
WARNING - 2025-08-05 11:46:04 --> [DEPRECATED] Creation of dynamic property App\Controllers\MaterialController::$form_validation is deprecated in APPPATH\Controllers\MaterialController.php on line 19.
 1 SYSTEMPATH\CodeIgniter.php(903): App\Controllers\MaterialController->__construct()
 2 SYSTEMPATH\CodeIgniter.php(500): CodeIgniter\CodeIgniter->createController()
 3 SYSTEMPATH\CodeIgniter.php(355): CodeIgniter\CodeIgniter->handleRequest(null, Object(Config\Cache), false)
 4 SYSTEMPATH\Boot.php(325): CodeIgniter\CodeIgniter->run()
 5 SYSTEMPATH\Boot.php(67): CodeIgniter\Boot::runCodeIgniter(Object(CodeIgniter\CodeIgniter))
 6 FCPATH\index.php(56): CodeIgniter\Boot::bootWeb(Object(Config\Paths))
WARNING - 2025-08-05 11:46:04 --> [DEPRECATED] Creation of dynamic property App\Controllers\MaterialController::$userValidation is deprecated in APPPATH\Controllers\MaterialController.php on line 20.
 1 SYSTEMPATH\CodeIgniter.php(903): App\Controllers\MaterialController->__construct()
 2 SYSTEMPATH\CodeIgniter.php(500): CodeIgniter\CodeIgniter->createController()
 3 SYSTEMPATH\CodeIgniter.php(355): CodeIgniter\CodeIgniter->handleRequest(null, Object(Config\Cache), false)
 4 SYSTEMPATH\Boot.php(325): CodeIgniter\CodeIgniter->run()
 5 SYSTEMPATH\Boot.php(67): CodeIgniter\Boot::runCodeIgniter(Object(CodeIgniter\CodeIgniter))
 6 FCPATH\index.php(56): CodeIgniter\Boot::bootWeb(Object(Config\Paths))
INFO - 2025-08-05 11:46:05 --> Session: Class initialized using 'CodeIgniter\Session\Handlers\FileHandler' driver.
WARNING - 2025-08-05 11:46:05 --> [DEPRECATED] Creation of dynamic property App\Controllers\MaterialController::$db is deprecated in APPPATH\Controllers\MaterialController.php on line 15.
 1 SYSTEMPATH\CodeIgniter.php(903): App\Controllers\MaterialController->__construct()
 2 SYSTEMPATH\CodeIgniter.php(500): CodeIgniter\CodeIgniter->createController()
 3 SYSTEMPATH\CodeIgniter.php(355): CodeIgniter\CodeIgniter->handleRequest(null, Object(Config\Cache), false)
 4 SYSTEMPATH\Boot.php(325): CodeIgniter\CodeIgniter->run()
 5 SYSTEMPATH\Boot.php(67): CodeIgniter\Boot::runCodeIgniter(Object(CodeIgniter\CodeIgniter))
 6 FCPATH\index.php(56): CodeIgniter\Boot::bootWeb(Object(Config\Paths))
WARNING - 2025-08-05 11:46:05 --> [DEPRECATED] Creation of dynamic property App\Controllers\MaterialController::$session is deprecated in APPPATH\Controllers\MaterialController.php on line 16.
 1 SYSTEMPATH\CodeIgniter.php(903): App\Controllers\MaterialController->__construct()
 2 SYSTEMPATH\CodeIgniter.php(500): CodeIgniter\CodeIgniter->createController()
 3 SYSTEMPATH\CodeIgniter.php(355): CodeIgniter\CodeIgniter->handleRequest(null, Object(Config\Cache), false)
 4 SYSTEMPATH\Boot.php(325): CodeIgniter\CodeIgniter->run()
 5 SYSTEMPATH\Boot.php(67): CodeIgniter\Boot::runCodeIgniter(Object(CodeIgniter\CodeIgniter))
 6 FCPATH\index.php(56): CodeIgniter\Boot::bootWeb(Object(Config\Paths))
WARNING - 2025-08-05 11:46:05 --> [DEPRECATED] Creation of dynamic property App\Controllers\MaterialController::$uri is deprecated in APPPATH\Controllers\MaterialController.php on line 17.
 1 SYSTEMPATH\CodeIgniter.php(903): App\Controllers\MaterialController->__construct()
 2 SYSTEMPATH\CodeIgniter.php(500): CodeIgniter\CodeIgniter->createController()
 3 SYSTEMPATH\CodeIgniter.php(355): CodeIgniter\CodeIgniter->handleRequest(null, Object(Config\Cache), false)
 4 SYSTEMPATH\Boot.php(325): CodeIgniter\CodeIgniter->run()
 5 SYSTEMPATH\Boot.php(67): CodeIgniter\Boot::runCodeIgniter(Object(CodeIgniter\CodeIgniter))
 6 FCPATH\index.php(56): CodeIgniter\Boot::bootWeb(Object(Config\Paths))
WARNING - 2025-08-05 11:46:05 --> [DEPRECATED] Creation of dynamic property App\Controllers\MaterialController::$form_validation is deprecated in APPPATH\Controllers\MaterialController.php on line 19.
 1 SYSTEMPATH\CodeIgniter.php(903): App\Controllers\MaterialController->__construct()
 2 SYSTEMPATH\CodeIgniter.php(500): CodeIgniter\CodeIgniter->createController()
 3 SYSTEMPATH\CodeIgniter.php(355): CodeIgniter\CodeIgniter->handleRequest(null, Object(Config\Cache), false)
 4 SYSTEMPATH\Boot.php(325): CodeIgniter\CodeIgniter->run()
 5 SYSTEMPATH\Boot.php(67): CodeIgniter\Boot::runCodeIgniter(Object(CodeIgniter\CodeIgniter))
 6 FCPATH\index.php(56): CodeIgniter\Boot::bootWeb(Object(Config\Paths))
WARNING - 2025-08-05 11:46:05 --> [DEPRECATED] Creation of dynamic property App\Controllers\MaterialController::$userValidation is deprecated in APPPATH\Controllers\MaterialController.php on line 20.
 1 SYSTEMPATH\CodeIgniter.php(903): App\Controllers\MaterialController->__construct()
 2 SYSTEMPATH\CodeIgniter.php(500): CodeIgniter\CodeIgniter->createController()
 3 SYSTEMPATH\CodeIgniter.php(355): CodeIgniter\CodeIgniter->handleRequest(null, Object(Config\Cache), false)
 4 SYSTEMPATH\Boot.php(325): CodeIgniter\CodeIgniter->run()
 5 SYSTEMPATH\Boot.php(67): CodeIgniter\Boot::runCodeIgniter(Object(CodeIgniter\CodeIgniter))
 6 FCPATH\index.php(56): CodeIgniter\Boot::bootWeb(Object(Config\Paths))
INFO - 2025-08-05 11:46:11 --> Session: Class initialized using 'CodeIgniter\Session\Handlers\FileHandler' driver.
WARNING - 2025-08-05 11:46:11 --> [DEPRECATED] Creation of dynamic property App\Controllers\MaterialController::$db is deprecated in APPPATH\Controllers\MaterialController.php on line 15.
 1 SYSTEMPATH\CodeIgniter.php(903): App\Controllers\MaterialController->__construct()
 2 SYSTEMPATH\CodeIgniter.php(500): CodeIgniter\CodeIgniter->createController()
 3 SYSTEMPATH\CodeIgniter.php(355): CodeIgniter\CodeIgniter->handleRequest(null, Object(Config\Cache), false)
 4 SYSTEMPATH\Boot.php(325): CodeIgniter\CodeIgniter->run()
 5 SYSTEMPATH\Boot.php(67): CodeIgniter\Boot::runCodeIgniter(Object(CodeIgniter\CodeIgniter))
 6 FCPATH\index.php(56): CodeIgniter\Boot::bootWeb(Object(Config\Paths))
WARNING - 2025-08-05 11:46:11 --> [DEPRECATED] Creation of dynamic property App\Controllers\MaterialController::$session is deprecated in APPPATH\Controllers\MaterialController.php on line 16.
 1 SYSTEMPATH\CodeIgniter.php(903): App\Controllers\MaterialController->__construct()
 2 SYSTEMPATH\CodeIgniter.php(500): CodeIgniter\CodeIgniter->createController()
 3 SYSTEMPATH\CodeIgniter.php(355): CodeIgniter\CodeIgniter->handleRequest(null, Object(Config\Cache), false)
 4 SYSTEMPATH\Boot.php(325): CodeIgniter\CodeIgniter->run()
 5 SYSTEMPATH\Boot.php(67): CodeIgniter\Boot::runCodeIgniter(Object(CodeIgniter\CodeIgniter))
 6 FCPATH\index.php(56): CodeIgniter\Boot::bootWeb(Object(Config\Paths))
WARNING - 2025-08-05 11:46:11 --> [DEPRECATED] Creation of dynamic property App\Controllers\MaterialController::$uri is deprecated in APPPATH\Controllers\MaterialController.php on line 17.
 1 SYSTEMPATH\CodeIgniter.php(903): App\Controllers\MaterialController->__construct()
 2 SYSTEMPATH\CodeIgniter.php(500): CodeIgniter\CodeIgniter->createController()
 3 SYSTEMPATH\CodeIgniter.php(355): CodeIgniter\CodeIgniter->handleRequest(null, Object(Config\Cache), false)
 4 SYSTEMPATH\Boot.php(325): CodeIgniter\CodeIgniter->run()
 5 SYSTEMPATH\Boot.php(67): CodeIgniter\Boot::runCodeIgniter(Object(CodeIgniter\CodeIgniter))
 6 FCPATH\index.php(56): CodeIgniter\Boot::bootWeb(Object(Config\Paths))
WARNING - 2025-08-05 11:46:11 --> [DEPRECATED] Creation of dynamic property App\Controllers\MaterialController::$form_validation is deprecated in APPPATH\Controllers\MaterialController.php on line 19.
 1 SYSTEMPATH\CodeIgniter.php(903): App\Controllers\MaterialController->__construct()
 2 SYSTEMPATH\CodeIgniter.php(500): CodeIgniter\CodeIgniter->createController()
 3 SYSTEMPATH\CodeIgniter.php(355): CodeIgniter\CodeIgniter->handleRequest(null, Object(Config\Cache), false)
 4 SYSTEMPATH\Boot.php(325): CodeIgniter\CodeIgniter->run()
 5 SYSTEMPATH\Boot.php(67): CodeIgniter\Boot::runCodeIgniter(Object(CodeIgniter\CodeIgniter))
 6 FCPATH\index.php(56): CodeIgniter\Boot::bootWeb(Object(Config\Paths))
WARNING - 2025-08-05 11:46:11 --> [DEPRECATED] Creation of dynamic property App\Controllers\MaterialController::$userValidation is deprecated in APPPATH\Controllers\MaterialController.php on line 20.
 1 SYSTEMPATH\CodeIgniter.php(903): App\Controllers\MaterialController->__construct()
 2 SYSTEMPATH\CodeIgniter.php(500): CodeIgniter\CodeIgniter->createController()
 3 SYSTEMPATH\CodeIgniter.php(355): CodeIgniter\CodeIgniter->handleRequest(null, Object(Config\Cache), false)
 4 SYSTEMPATH\Boot.php(325): CodeIgniter\CodeIgniter->run()
 5 SYSTEMPATH\Boot.php(67): CodeIgniter\Boot::runCodeIgniter(Object(CodeIgniter\CodeIgniter))
 6 FCPATH\index.php(56): CodeIgniter\Boot::bootWeb(Object(Config\Paths))
INFO - 2025-08-05 12:01:44 --> Session: Class initialized using 'CodeIgniter\Session\Handlers\FileHandler' driver.
WARNING - 2025-08-05 12:01:44 --> [DEPRECATED] Creation of dynamic property App\Controllers\MaterialController::$db is deprecated in APPPATH\Controllers\MaterialController.php on line 15.
 1 SYSTEMPATH\CodeIgniter.php(903): App\Controllers\MaterialController->__construct()
 2 SYSTEMPATH\CodeIgniter.php(500): CodeIgniter\CodeIgniter->createController()
 3 SYSTEMPATH\CodeIgniter.php(355): CodeIgniter\CodeIgniter->handleRequest(null, Object(Config\Cache), false)
 4 SYSTEMPATH\Boot.php(325): CodeIgniter\CodeIgniter->run()
 5 SYSTEMPATH\Boot.php(67): CodeIgniter\Boot::runCodeIgniter(Object(CodeIgniter\CodeIgniter))
 6 FCPATH\index.php(56): CodeIgniter\Boot::bootWeb(Object(Config\Paths))
WARNING - 2025-08-05 12:01:44 --> [DEPRECATED] Creation of dynamic property App\Controllers\MaterialController::$session is deprecated in APPPATH\Controllers\MaterialController.php on line 16.
 1 SYSTEMPATH\CodeIgniter.php(903): App\Controllers\MaterialController->__construct()
 2 SYSTEMPATH\CodeIgniter.php(500): CodeIgniter\CodeIgniter->createController()
 3 SYSTEMPATH\CodeIgniter.php(355): CodeIgniter\CodeIgniter->handleRequest(null, Object(Config\Cache), false)
 4 SYSTEMPATH\Boot.php(325): CodeIgniter\CodeIgniter->run()
 5 SYSTEMPATH\Boot.php(67): CodeIgniter\Boot::runCodeIgniter(Object(CodeIgniter\CodeIgniter))
 6 FCPATH\index.php(56): CodeIgniter\Boot::bootWeb(Object(Config\Paths))
WARNING - 2025-08-05 12:01:44 --> [DEPRECATED] Creation of dynamic property App\Controllers\MaterialController::$uri is deprecated in APPPATH\Controllers\MaterialController.php on line 17.
 1 SYSTEMPATH\CodeIgniter.php(903): App\Controllers\MaterialController->__construct()
 2 SYSTEMPATH\CodeIgniter.php(500): CodeIgniter\CodeIgniter->createController()
 3 SYSTEMPATH\CodeIgniter.php(355): CodeIgniter\CodeIgniter->handleRequest(null, Object(Config\Cache), false)
 4 SYSTEMPATH\Boot.php(325): CodeIgniter\CodeIgniter->run()
 5 SYSTEMPATH\Boot.php(67): CodeIgniter\Boot::runCodeIgniter(Object(CodeIgniter\CodeIgniter))
 6 FCPATH\index.php(56): CodeIgniter\Boot::bootWeb(Object(Config\Paths))
WARNING - 2025-08-05 12:01:44 --> [DEPRECATED] Creation of dynamic property App\Controllers\MaterialController::$form_validation is deprecated in APPPATH\Controllers\MaterialController.php on line 19.
 1 SYSTEMPATH\CodeIgniter.php(903): App\Controllers\MaterialController->__construct()
 2 SYSTEMPATH\CodeIgniter.php(500): CodeIgniter\CodeIgniter->createController()
 3 SYSTEMPATH\CodeIgniter.php(355): CodeIgniter\CodeIgniter->handleRequest(null, Object(Config\Cache), false)
 4 SYSTEMPATH\Boot.php(325): CodeIgniter\CodeIgniter->run()
 5 SYSTEMPATH\Boot.php(67): CodeIgniter\Boot::runCodeIgniter(Object(CodeIgniter\CodeIgniter))
 6 FCPATH\index.php(56): CodeIgniter\Boot::bootWeb(Object(Config\Paths))
WARNING - 2025-08-05 12:01:44 --> [DEPRECATED] Creation of dynamic property App\Controllers\MaterialController::$userValidation is deprecated in APPPATH\Controllers\MaterialController.php on line 20.
 1 SYSTEMPATH\CodeIgniter.php(903): App\Controllers\MaterialController->__construct()
 2 SYSTEMPATH\CodeIgniter.php(500): CodeIgniter\CodeIgniter->createController()
 3 SYSTEMPATH\CodeIgniter.php(355): CodeIgniter\CodeIgniter->handleRequest(null, Object(Config\Cache), false)
 4 SYSTEMPATH\Boot.php(325): CodeIgniter\CodeIgniter->run()
 5 SYSTEMPATH\Boot.php(67): CodeIgniter\Boot::runCodeIgniter(Object(CodeIgniter\CodeIgniter))
 6 FCPATH\index.php(56): CodeIgniter\Boot::bootWeb(Object(Config\Paths))
INFO - 2025-08-05 12:01:44 --> Session: Class initialized using 'CodeIgniter\Session\Handlers\FileHandler' driver.
WARNING - 2025-08-05 12:01:44 --> [DEPRECATED] Creation of dynamic property App\Controllers\MaterialController::$db is deprecated in APPPATH\Controllers\MaterialController.php on line 15.
 1 SYSTEMPATH\CodeIgniter.php(903): App\Controllers\MaterialController->__construct()
 2 SYSTEMPATH\CodeIgniter.php(500): CodeIgniter\CodeIgniter->createController()
 3 SYSTEMPATH\CodeIgniter.php(355): CodeIgniter\CodeIgniter->handleRequest(null, Object(Config\Cache), false)
 4 SYSTEMPATH\Boot.php(325): CodeIgniter\CodeIgniter->run()
 5 SYSTEMPATH\Boot.php(67): CodeIgniter\Boot::runCodeIgniter(Object(CodeIgniter\CodeIgniter))
 6 FCPATH\index.php(56): CodeIgniter\Boot::bootWeb(Object(Config\Paths))
WARNING - 2025-08-05 12:01:44 --> [DEPRECATED] Creation of dynamic property App\Controllers\MaterialController::$session is deprecated in APPPATH\Controllers\MaterialController.php on line 16.
 1 SYSTEMPATH\CodeIgniter.php(903): App\Controllers\MaterialController->__construct()
 2 SYSTEMPATH\CodeIgniter.php(500): CodeIgniter\CodeIgniter->createController()
 3 SYSTEMPATH\CodeIgniter.php(355): CodeIgniter\CodeIgniter->handleRequest(null, Object(Config\Cache), false)
 4 SYSTEMPATH\Boot.php(325): CodeIgniter\CodeIgniter->run()
 5 SYSTEMPATH\Boot.php(67): CodeIgniter\Boot::runCodeIgniter(Object(CodeIgniter\CodeIgniter))
 6 FCPATH\index.php(56): CodeIgniter\Boot::bootWeb(Object(Config\Paths))
WARNING - 2025-08-05 12:01:44 --> [DEPRECATED] Creation of dynamic property App\Controllers\MaterialController::$uri is deprecated in APPPATH\Controllers\MaterialController.php on line 17.
 1 SYSTEMPATH\CodeIgniter.php(903): App\Controllers\MaterialController->__construct()
 2 SYSTEMPATH\CodeIgniter.php(500): CodeIgniter\CodeIgniter->createController()
 3 SYSTEMPATH\CodeIgniter.php(355): CodeIgniter\CodeIgniter->handleRequest(null, Object(Config\Cache), false)
 4 SYSTEMPATH\Boot.php(325): CodeIgniter\CodeIgniter->run()
 5 SYSTEMPATH\Boot.php(67): CodeIgniter\Boot::runCodeIgniter(Object(CodeIgniter\CodeIgniter))
 6 FCPATH\index.php(56): CodeIgniter\Boot::bootWeb(Object(Config\Paths))
WARNING - 2025-08-05 12:01:44 --> [DEPRECATED] Creation of dynamic property App\Controllers\MaterialController::$form_validation is deprecated in APPPATH\Controllers\MaterialController.php on line 19.
 1 SYSTEMPATH\CodeIgniter.php(903): App\Controllers\MaterialController->__construct()
 2 SYSTEMPATH\CodeIgniter.php(500): CodeIgniter\CodeIgniter->createController()
 3 SYSTEMPATH\CodeIgniter.php(355): CodeIgniter\CodeIgniter->handleRequest(null, Object(Config\Cache), false)
 4 SYSTEMPATH\Boot.php(325): CodeIgniter\CodeIgniter->run()
 5 SYSTEMPATH\Boot.php(67): CodeIgniter\Boot::runCodeIgniter(Object(CodeIgniter\CodeIgniter))
 6 FCPATH\index.php(56): CodeIgniter\Boot::bootWeb(Object(Config\Paths))
WARNING - 2025-08-05 12:01:44 --> [DEPRECATED] Creation of dynamic property App\Controllers\MaterialController::$userValidation is deprecated in APPPATH\Controllers\MaterialController.php on line 20.
 1 SYSTEMPATH\CodeIgniter.php(903): App\Controllers\MaterialController->__construct()
 2 SYSTEMPATH\CodeIgniter.php(500): CodeIgniter\CodeIgniter->createController()
 3 SYSTEMPATH\CodeIgniter.php(355): CodeIgniter\CodeIgniter->handleRequest(null, Object(Config\Cache), false)
 4 SYSTEMPATH\Boot.php(325): CodeIgniter\CodeIgniter->run()
 5 SYSTEMPATH\Boot.php(67): CodeIgniter\Boot::runCodeIgniter(Object(CodeIgniter\CodeIgniter))
 6 FCPATH\index.php(56): CodeIgniter\Boot::bootWeb(Object(Config\Paths))
INFO - 2025-08-05 12:01:45 --> Session: Class initialized using 'CodeIgniter\Session\Handlers\FileHandler' driver.
WARNING - 2025-08-05 12:01:45 --> [DEPRECATED] Creation of dynamic property App\Controllers\MaterialController::$db is deprecated in APPPATH\Controllers\MaterialController.php on line 15.
 1 SYSTEMPATH\CodeIgniter.php(903): App\Controllers\MaterialController->__construct()
 2 SYSTEMPATH\CodeIgniter.php(500): CodeIgniter\CodeIgniter->createController()
 3 SYSTEMPATH\CodeIgniter.php(355): CodeIgniter\CodeIgniter->handleRequest(null, Object(Config\Cache), false)
 4 SYSTEMPATH\Boot.php(325): CodeIgniter\CodeIgniter->run()
 5 SYSTEMPATH\Boot.php(67): CodeIgniter\Boot::runCodeIgniter(Object(CodeIgniter\CodeIgniter))
 6 FCPATH\index.php(56): CodeIgniter\Boot::bootWeb(Object(Config\Paths))
WARNING - 2025-08-05 12:01:45 --> [DEPRECATED] Creation of dynamic property App\Controllers\MaterialController::$session is deprecated in APPPATH\Controllers\MaterialController.php on line 16.
 1 SYSTEMPATH\CodeIgniter.php(903): App\Controllers\MaterialController->__construct()
 2 SYSTEMPATH\CodeIgniter.php(500): CodeIgniter\CodeIgniter->createController()
 3 SYSTEMPATH\CodeIgniter.php(355): CodeIgniter\CodeIgniter->handleRequest(null, Object(Config\Cache), false)
 4 SYSTEMPATH\Boot.php(325): CodeIgniter\CodeIgniter->run()
 5 SYSTEMPATH\Boot.php(67): CodeIgniter\Boot::runCodeIgniter(Object(CodeIgniter\CodeIgniter))
 6 FCPATH\index.php(56): CodeIgniter\Boot::bootWeb(Object(Config\Paths))
WARNING - 2025-08-05 12:01:45 --> [DEPRECATED] Creation of dynamic property App\Controllers\MaterialController::$uri is deprecated in APPPATH\Controllers\MaterialController.php on line 17.
 1 SYSTEMPATH\CodeIgniter.php(903): App\Controllers\MaterialController->__construct()
 2 SYSTEMPATH\CodeIgniter.php(500): CodeIgniter\CodeIgniter->createController()
 3 SYSTEMPATH\CodeIgniter.php(355): CodeIgniter\CodeIgniter->handleRequest(null, Object(Config\Cache), false)
 4 SYSTEMPATH\Boot.php(325): CodeIgniter\CodeIgniter->run()
 5 SYSTEMPATH\Boot.php(67): CodeIgniter\Boot::runCodeIgniter(Object(CodeIgniter\CodeIgniter))
 6 FCPATH\index.php(56): CodeIgniter\Boot::bootWeb(Object(Config\Paths))
WARNING - 2025-08-05 12:01:45 --> [DEPRECATED] Creation of dynamic property App\Controllers\MaterialController::$form_validation is deprecated in APPPATH\Controllers\MaterialController.php on line 19.
 1 SYSTEMPATH\CodeIgniter.php(903): App\Controllers\MaterialController->__construct()
 2 SYSTEMPATH\CodeIgniter.php(500): CodeIgniter\CodeIgniter->createController()
 3 SYSTEMPATH\CodeIgniter.php(355): CodeIgniter\CodeIgniter->handleRequest(null, Object(Config\Cache), false)
 4 SYSTEMPATH\Boot.php(325): CodeIgniter\CodeIgniter->run()
 5 SYSTEMPATH\Boot.php(67): CodeIgniter\Boot::runCodeIgniter(Object(CodeIgniter\CodeIgniter))
 6 FCPATH\index.php(56): CodeIgniter\Boot::bootWeb(Object(Config\Paths))
WARNING - 2025-08-05 12:01:45 --> [DEPRECATED] Creation of dynamic property App\Controllers\MaterialController::$userValidation is deprecated in APPPATH\Controllers\MaterialController.php on line 20.
 1 SYSTEMPATH\CodeIgniter.php(903): App\Controllers\MaterialController->__construct()
 2 SYSTEMPATH\CodeIgniter.php(500): CodeIgniter\CodeIgniter->createController()
 3 SYSTEMPATH\CodeIgniter.php(355): CodeIgniter\CodeIgniter->handleRequest(null, Object(Config\Cache), false)
 4 SYSTEMPATH\Boot.php(325): CodeIgniter\CodeIgniter->run()
 5 SYSTEMPATH\Boot.php(67): CodeIgniter\Boot::runCodeIgniter(Object(CodeIgniter\CodeIgniter))
 6 FCPATH\index.php(56): CodeIgniter\Boot::bootWeb(Object(Config\Paths))
INFO - 2025-08-05 12:01:47 --> Session: Class initialized using 'CodeIgniter\Session\Handlers\FileHandler' driver.
WARNING - 2025-08-05 12:01:47 --> [DEPRECATED] Creation of dynamic property App\Controllers\MaterialController::$db is deprecated in APPPATH\Controllers\MaterialController.php on line 15.
 1 SYSTEMPATH\CodeIgniter.php(903): App\Controllers\MaterialController->__construct()
 2 SYSTEMPATH\CodeIgniter.php(500): CodeIgniter\CodeIgniter->createController()
 3 SYSTEMPATH\CodeIgniter.php(355): CodeIgniter\CodeIgniter->handleRequest(null, Object(Config\Cache), false)
 4 SYSTEMPATH\Boot.php(325): CodeIgniter\CodeIgniter->run()
 5 SYSTEMPATH\Boot.php(67): CodeIgniter\Boot::runCodeIgniter(Object(CodeIgniter\CodeIgniter))
 6 FCPATH\index.php(56): CodeIgniter\Boot::bootWeb(Object(Config\Paths))
WARNING - 2025-08-05 12:01:47 --> [DEPRECATED] Creation of dynamic property App\Controllers\MaterialController::$session is deprecated in APPPATH\Controllers\MaterialController.php on line 16.
 1 SYSTEMPATH\CodeIgniter.php(903): App\Controllers\MaterialController->__construct()
 2 SYSTEMPATH\CodeIgniter.php(500): CodeIgniter\CodeIgniter->createController()
 3 SYSTEMPATH\CodeIgniter.php(355): CodeIgniter\CodeIgniter->handleRequest(null, Object(Config\Cache), false)
 4 SYSTEMPATH\Boot.php(325): CodeIgniter\CodeIgniter->run()
 5 SYSTEMPATH\Boot.php(67): CodeIgniter\Boot::runCodeIgniter(Object(CodeIgniter\CodeIgniter))
 6 FCPATH\index.php(56): CodeIgniter\Boot::bootWeb(Object(Config\Paths))
WARNING - 2025-08-05 12:01:47 --> [DEPRECATED] Creation of dynamic property App\Controllers\MaterialController::$uri is deprecated in APPPATH\Controllers\MaterialController.php on line 17.
 1 SYSTEMPATH\CodeIgniter.php(903): App\Controllers\MaterialController->__construct()
 2 SYSTEMPATH\CodeIgniter.php(500): CodeIgniter\CodeIgniter->createController()
 3 SYSTEMPATH\CodeIgniter.php(355): CodeIgniter\CodeIgniter->handleRequest(null, Object(Config\Cache), false)
 4 SYSTEMPATH\Boot.php(325): CodeIgniter\CodeIgniter->run()
 5 SYSTEMPATH\Boot.php(67): CodeIgniter\Boot::runCodeIgniter(Object(CodeIgniter\CodeIgniter))
 6 FCPATH\index.php(56): CodeIgniter\Boot::bootWeb(Object(Config\Paths))
WARNING - 2025-08-05 12:01:47 --> [DEPRECATED] Creation of dynamic property App\Controllers\MaterialController::$form_validation is deprecated in APPPATH\Controllers\MaterialController.php on line 19.
 1 SYSTEMPATH\CodeIgniter.php(903): App\Controllers\MaterialController->__construct()
 2 SYSTEMPATH\CodeIgniter.php(500): CodeIgniter\CodeIgniter->createController()
 3 SYSTEMPATH\CodeIgniter.php(355): CodeIgniter\CodeIgniter->handleRequest(null, Object(Config\Cache), false)
 4 SYSTEMPATH\Boot.php(325): CodeIgniter\CodeIgniter->run()
 5 SYSTEMPATH\Boot.php(67): CodeIgniter\Boot::runCodeIgniter(Object(CodeIgniter\CodeIgniter))
 6 FCPATH\index.php(56): CodeIgniter\Boot::bootWeb(Object(Config\Paths))
WARNING - 2025-08-05 12:01:47 --> [DEPRECATED] Creation of dynamic property App\Controllers\MaterialController::$userValidation is deprecated in APPPATH\Controllers\MaterialController.php on line 20.
 1 SYSTEMPATH\CodeIgniter.php(903): App\Controllers\MaterialController->__construct()
 2 SYSTEMPATH\CodeIgniter.php(500): CodeIgniter\CodeIgniter->createController()
 3 SYSTEMPATH\CodeIgniter.php(355): CodeIgniter\CodeIgniter->handleRequest(null, Object(Config\Cache), false)
 4 SYSTEMPATH\Boot.php(325): CodeIgniter\CodeIgniter->run()
 5 SYSTEMPATH\Boot.php(67): CodeIgniter\Boot::runCodeIgniter(Object(CodeIgniter\CodeIgniter))
 6 FCPATH\index.php(56): CodeIgniter\Boot::bootWeb(Object(Config\Paths))
INFO - 2025-08-05 12:01:47 --> Session: Class initialized using 'CodeIgniter\Session\Handlers\FileHandler' driver.
WARNING - 2025-08-05 12:01:47 --> [DEPRECATED] Creation of dynamic property App\Controllers\MaterialController::$db is deprecated in APPPATH\Controllers\MaterialController.php on line 15.
 1 SYSTEMPATH\CodeIgniter.php(903): App\Controllers\MaterialController->__construct()
 2 SYSTEMPATH\CodeIgniter.php(500): CodeIgniter\CodeIgniter->createController()
 3 SYSTEMPATH\CodeIgniter.php(355): CodeIgniter\CodeIgniter->handleRequest(null, Object(Config\Cache), false)
 4 SYSTEMPATH\Boot.php(325): CodeIgniter\CodeIgniter->run()
 5 SYSTEMPATH\Boot.php(67): CodeIgniter\Boot::runCodeIgniter(Object(CodeIgniter\CodeIgniter))
 6 FCPATH\index.php(56): CodeIgniter\Boot::bootWeb(Object(Config\Paths))
WARNING - 2025-08-05 12:01:47 --> [DEPRECATED] Creation of dynamic property App\Controllers\MaterialController::$session is deprecated in APPPATH\Controllers\MaterialController.php on line 16.
 1 SYSTEMPATH\CodeIgniter.php(903): App\Controllers\MaterialController->__construct()
 2 SYSTEMPATH\CodeIgniter.php(500): CodeIgniter\CodeIgniter->createController()
 3 SYSTEMPATH\CodeIgniter.php(355): CodeIgniter\CodeIgniter->handleRequest(null, Object(Config\Cache), false)
 4 SYSTEMPATH\Boot.php(325): CodeIgniter\CodeIgniter->run()
 5 SYSTEMPATH\Boot.php(67): CodeIgniter\Boot::runCodeIgniter(Object(CodeIgniter\CodeIgniter))
 6 FCPATH\index.php(56): CodeIgniter\Boot::bootWeb(Object(Config\Paths))
WARNING - 2025-08-05 12:01:47 --> [DEPRECATED] Creation of dynamic property App\Controllers\MaterialController::$uri is deprecated in APPPATH\Controllers\MaterialController.php on line 17.
 1 SYSTEMPATH\CodeIgniter.php(903): App\Controllers\MaterialController->__construct()
 2 SYSTEMPATH\CodeIgniter.php(500): CodeIgniter\CodeIgniter->createController()
 3 SYSTEMPATH\CodeIgniter.php(355): CodeIgniter\CodeIgniter->handleRequest(null, Object(Config\Cache), false)
 4 SYSTEMPATH\Boot.php(325): CodeIgniter\CodeIgniter->run()
 5 SYSTEMPATH\Boot.php(67): CodeIgniter\Boot::runCodeIgniter(Object(CodeIgniter\CodeIgniter))
 6 FCPATH\index.php(56): CodeIgniter\Boot::bootWeb(Object(Config\Paths))
WARNING - 2025-08-05 12:01:47 --> [DEPRECATED] Creation of dynamic property App\Controllers\MaterialController::$form_validation is deprecated in APPPATH\Controllers\MaterialController.php on line 19.
 1 SYSTEMPATH\CodeIgniter.php(903): App\Controllers\MaterialController->__construct()
 2 SYSTEMPATH\CodeIgniter.php(500): CodeIgniter\CodeIgniter->createController()
 3 SYSTEMPATH\CodeIgniter.php(355): CodeIgniter\CodeIgniter->handleRequest(null, Object(Config\Cache), false)
 4 SYSTEMPATH\Boot.php(325): CodeIgniter\CodeIgniter->run()
 5 SYSTEMPATH\Boot.php(67): CodeIgniter\Boot::runCodeIgniter(Object(CodeIgniter\CodeIgniter))
 6 FCPATH\index.php(56): CodeIgniter\Boot::bootWeb(Object(Config\Paths))
WARNING - 2025-08-05 12:01:47 --> [DEPRECATED] Creation of dynamic property App\Controllers\MaterialController::$userValidation is deprecated in APPPATH\Controllers\MaterialController.php on line 20.
 1 SYSTEMPATH\CodeIgniter.php(903): App\Controllers\MaterialController->__construct()
 2 SYSTEMPATH\CodeIgniter.php(500): CodeIgniter\CodeIgniter->createController()
 3 SYSTEMPATH\CodeIgniter.php(355): CodeIgniter\CodeIgniter->handleRequest(null, Object(Config\Cache), false)
 4 SYSTEMPATH\Boot.php(325): CodeIgniter\CodeIgniter->run()
 5 SYSTEMPATH\Boot.php(67): CodeIgniter\Boot::runCodeIgniter(Object(CodeIgniter\CodeIgniter))
 6 FCPATH\index.php(56): CodeIgniter\Boot::bootWeb(Object(Config\Paths))
INFO - 2025-08-05 12:01:48 --> Session: Class initialized using 'CodeIgniter\Session\Handlers\FileHandler' driver.
WARNING - 2025-08-05 12:01:48 --> [DEPRECATED] Creation of dynamic property App\Controllers\MaterialController::$db is deprecated in APPPATH\Controllers\MaterialController.php on line 15.
 1 SYSTEMPATH\CodeIgniter.php(903): App\Controllers\MaterialController->__construct()
 2 SYSTEMPATH\CodeIgniter.php(500): CodeIgniter\CodeIgniter->createController()
 3 SYSTEMPATH\CodeIgniter.php(355): CodeIgniter\CodeIgniter->handleRequest(null, Object(Config\Cache), false)
 4 SYSTEMPATH\Boot.php(325): CodeIgniter\CodeIgniter->run()
 5 SYSTEMPATH\Boot.php(67): CodeIgniter\Boot::runCodeIgniter(Object(CodeIgniter\CodeIgniter))
 6 FCPATH\index.php(56): CodeIgniter\Boot::bootWeb(Object(Config\Paths))
WARNING - 2025-08-05 12:01:48 --> [DEPRECATED] Creation of dynamic property App\Controllers\MaterialController::$session is deprecated in APPPATH\Controllers\MaterialController.php on line 16.
 1 SYSTEMPATH\CodeIgniter.php(903): App\Controllers\MaterialController->__construct()
 2 SYSTEMPATH\CodeIgniter.php(500): CodeIgniter\CodeIgniter->createController()
 3 SYSTEMPATH\CodeIgniter.php(355): CodeIgniter\CodeIgniter->handleRequest(null, Object(Config\Cache), false)
 4 SYSTEMPATH\Boot.php(325): CodeIgniter\CodeIgniter->run()
 5 SYSTEMPATH\Boot.php(67): CodeIgniter\Boot::runCodeIgniter(Object(CodeIgniter\CodeIgniter))
 6 FCPATH\index.php(56): CodeIgniter\Boot::bootWeb(Object(Config\Paths))
WARNING - 2025-08-05 12:01:48 --> [DEPRECATED] Creation of dynamic property App\Controllers\MaterialController::$uri is deprecated in APPPATH\Controllers\MaterialController.php on line 17.
 1 SYSTEMPATH\CodeIgniter.php(903): App\Controllers\MaterialController->__construct()
 2 SYSTEMPATH\CodeIgniter.php(500): CodeIgniter\CodeIgniter->createController()
 3 SYSTEMPATH\CodeIgniter.php(355): CodeIgniter\CodeIgniter->handleRequest(null, Object(Config\Cache), false)
 4 SYSTEMPATH\Boot.php(325): CodeIgniter\CodeIgniter->run()
 5 SYSTEMPATH\Boot.php(67): CodeIgniter\Boot::runCodeIgniter(Object(CodeIgniter\CodeIgniter))
 6 FCPATH\index.php(56): CodeIgniter\Boot::bootWeb(Object(Config\Paths))
WARNING - 2025-08-05 12:01:48 --> [DEPRECATED] Creation of dynamic property App\Controllers\MaterialController::$form_validation is deprecated in APPPATH\Controllers\MaterialController.php on line 19.
 1 SYSTEMPATH\CodeIgniter.php(903): App\Controllers\MaterialController->__construct()
 2 SYSTEMPATH\CodeIgniter.php(500): CodeIgniter\CodeIgniter->createController()
 3 SYSTEMPATH\CodeIgniter.php(355): CodeIgniter\CodeIgniter->handleRequest(null, Object(Config\Cache), false)
 4 SYSTEMPATH\Boot.php(325): CodeIgniter\CodeIgniter->run()
 5 SYSTEMPATH\Boot.php(67): CodeIgniter\Boot::runCodeIgniter(Object(CodeIgniter\CodeIgniter))
 6 FCPATH\index.php(56): CodeIgniter\Boot::bootWeb(Object(Config\Paths))
WARNING - 2025-08-05 12:01:48 --> [DEPRECATED] Creation of dynamic property App\Controllers\MaterialController::$userValidation is deprecated in APPPATH\Controllers\MaterialController.php on line 20.
 1 SYSTEMPATH\CodeIgniter.php(903): App\Controllers\MaterialController->__construct()
 2 SYSTEMPATH\CodeIgniter.php(500): CodeIgniter\CodeIgniter->createController()
 3 SYSTEMPATH\CodeIgniter.php(355): CodeIgniter\CodeIgniter->handleRequest(null, Object(Config\Cache), false)
 4 SYSTEMPATH\Boot.php(325): CodeIgniter\CodeIgniter->run()
 5 SYSTEMPATH\Boot.php(67): CodeIgniter\Boot::runCodeIgniter(Object(CodeIgniter\CodeIgniter))
 6 FCPATH\index.php(56): CodeIgniter\Boot::bootWeb(Object(Config\Paths))
INFO - 2025-08-05 12:01:48 --> Session: Class initialized using 'CodeIgniter\Session\Handlers\FileHandler' driver.
WARNING - 2025-08-05 12:01:48 --> [DEPRECATED] Creation of dynamic property App\Controllers\MaterialController::$db is deprecated in APPPATH\Controllers\MaterialController.php on line 15.
 1 SYSTEMPATH\CodeIgniter.php(903): App\Controllers\MaterialController->__construct()
 2 SYSTEMPATH\CodeIgniter.php(500): CodeIgniter\CodeIgniter->createController()
 3 SYSTEMPATH\CodeIgniter.php(355): CodeIgniter\CodeIgniter->handleRequest(null, Object(Config\Cache), false)
 4 SYSTEMPATH\Boot.php(325): CodeIgniter\CodeIgniter->run()
 5 SYSTEMPATH\Boot.php(67): CodeIgniter\Boot::runCodeIgniter(Object(CodeIgniter\CodeIgniter))
 6 FCPATH\index.php(56): CodeIgniter\Boot::bootWeb(Object(Config\Paths))
WARNING - 2025-08-05 12:01:48 --> [DEPRECATED] Creation of dynamic property App\Controllers\MaterialController::$session is deprecated in APPPATH\Controllers\MaterialController.php on line 16.
 1 SYSTEMPATH\CodeIgniter.php(903): App\Controllers\MaterialController->__construct()
 2 SYSTEMPATH\CodeIgniter.php(500): CodeIgniter\CodeIgniter->createController()
 3 SYSTEMPATH\CodeIgniter.php(355): CodeIgniter\CodeIgniter->handleRequest(null, Object(Config\Cache), false)
 4 SYSTEMPATH\Boot.php(325): CodeIgniter\CodeIgniter->run()
 5 SYSTEMPATH\Boot.php(67): CodeIgniter\Boot::runCodeIgniter(Object(CodeIgniter\CodeIgniter))
 6 FCPATH\index.php(56): CodeIgniter\Boot::bootWeb(Object(Config\Paths))
WARNING - 2025-08-05 12:01:48 --> [DEPRECATED] Creation of dynamic property App\Controllers\MaterialController::$uri is deprecated in APPPATH\Controllers\MaterialController.php on line 17.
 1 SYSTEMPATH\CodeIgniter.php(903): App\Controllers\MaterialController->__construct()
 2 SYSTEMPATH\CodeIgniter.php(500): CodeIgniter\CodeIgniter->createController()
 3 SYSTEMPATH\CodeIgniter.php(355): CodeIgniter\CodeIgniter->handleRequest(null, Object(Config\Cache), false)
 4 SYSTEMPATH\Boot.php(325): CodeIgniter\CodeIgniter->run()
 5 SYSTEMPATH\Boot.php(67): CodeIgniter\Boot::runCodeIgniter(Object(CodeIgniter\CodeIgniter))
 6 FCPATH\index.php(56): CodeIgniter\Boot::bootWeb(Object(Config\Paths))
WARNING - 2025-08-05 12:01:48 --> [DEPRECATED] Creation of dynamic property App\Controllers\MaterialController::$form_validation is deprecated in APPPATH\Controllers\MaterialController.php on line 19.
 1 SYSTEMPATH\CodeIgniter.php(903): App\Controllers\MaterialController->__construct()
 2 SYSTEMPATH\CodeIgniter.php(500): CodeIgniter\CodeIgniter->createController()
 3 SYSTEMPATH\CodeIgniter.php(355): CodeIgniter\CodeIgniter->handleRequest(null, Object(Config\Cache), false)
 4 SYSTEMPATH\Boot.php(325): CodeIgniter\CodeIgniter->run()
 5 SYSTEMPATH\Boot.php(67): CodeIgniter\Boot::runCodeIgniter(Object(CodeIgniter\CodeIgniter))
 6 FCPATH\index.php(56): CodeIgniter\Boot::bootWeb(Object(Config\Paths))
WARNING - 2025-08-05 12:01:48 --> [DEPRECATED] Creation of dynamic property App\Controllers\MaterialController::$userValidation is deprecated in APPPATH\Controllers\MaterialController.php on line 20.
 1 SYSTEMPATH\CodeIgniter.php(903): App\Controllers\MaterialController->__construct()
 2 SYSTEMPATH\CodeIgniter.php(500): CodeIgniter\CodeIgniter->createController()
 3 SYSTEMPATH\CodeIgniter.php(355): CodeIgniter\CodeIgniter->handleRequest(null, Object(Config\Cache), false)
 4 SYSTEMPATH\Boot.php(325): CodeIgniter\CodeIgniter->run()
 5 SYSTEMPATH\Boot.php(67): CodeIgniter\Boot::runCodeIgniter(Object(CodeIgniter\CodeIgniter))
 6 FCPATH\index.php(56): CodeIgniter\Boot::bootWeb(Object(Config\Paths))
INFO - 2025-08-05 12:01:48 --> Session: Class initialized using 'CodeIgniter\Session\Handlers\FileHandler' driver.
WARNING - 2025-08-05 12:01:48 --> [DEPRECATED] Creation of dynamic property App\Controllers\MaterialController::$db is deprecated in APPPATH\Controllers\MaterialController.php on line 15.
 1 SYSTEMPATH\CodeIgniter.php(903): App\Controllers\MaterialController->__construct()
 2 SYSTEMPATH\CodeIgniter.php(500): CodeIgniter\CodeIgniter->createController()
 3 SYSTEMPATH\CodeIgniter.php(355): CodeIgniter\CodeIgniter->handleRequest(null, Object(Config\Cache), false)
 4 SYSTEMPATH\Boot.php(325): CodeIgniter\CodeIgniter->run()
 5 SYSTEMPATH\Boot.php(67): CodeIgniter\Boot::runCodeIgniter(Object(CodeIgniter\CodeIgniter))
 6 FCPATH\index.php(56): CodeIgniter\Boot::bootWeb(Object(Config\Paths))
WARNING - 2025-08-05 12:01:48 --> [DEPRECATED] Creation of dynamic property App\Controllers\MaterialController::$session is deprecated in APPPATH\Controllers\MaterialController.php on line 16.
 1 SYSTEMPATH\CodeIgniter.php(903): App\Controllers\MaterialController->__construct()
 2 SYSTEMPATH\CodeIgniter.php(500): CodeIgniter\CodeIgniter->createController()
 3 SYSTEMPATH\CodeIgniter.php(355): CodeIgniter\CodeIgniter->handleRequest(null, Object(Config\Cache), false)
 4 SYSTEMPATH\Boot.php(325): CodeIgniter\CodeIgniter->run()
 5 SYSTEMPATH\Boot.php(67): CodeIgniter\Boot::runCodeIgniter(Object(CodeIgniter\CodeIgniter))
 6 FCPATH\index.php(56): CodeIgniter\Boot::bootWeb(Object(Config\Paths))
WARNING - 2025-08-05 12:01:48 --> [DEPRECATED] Creation of dynamic property App\Controllers\MaterialController::$uri is deprecated in APPPATH\Controllers\MaterialController.php on line 17.
 1 SYSTEMPATH\CodeIgniter.php(903): App\Controllers\MaterialController->__construct()
 2 SYSTEMPATH\CodeIgniter.php(500): CodeIgniter\CodeIgniter->createController()
 3 SYSTEMPATH\CodeIgniter.php(355): CodeIgniter\CodeIgniter->handleRequest(null, Object(Config\Cache), false)
 4 SYSTEMPATH\Boot.php(325): CodeIgniter\CodeIgniter->run()
 5 SYSTEMPATH\Boot.php(67): CodeIgniter\Boot::runCodeIgniter(Object(CodeIgniter\CodeIgniter))
 6 FCPATH\index.php(56): CodeIgniter\Boot::bootWeb(Object(Config\Paths))
WARNING - 2025-08-05 12:01:48 --> [DEPRECATED] Creation of dynamic property App\Controllers\MaterialController::$form_validation is deprecated in APPPATH\Controllers\MaterialController.php on line 19.
 1 SYSTEMPATH\CodeIgniter.php(903): App\Controllers\MaterialController->__construct()
 2 SYSTEMPATH\CodeIgniter.php(500): CodeIgniter\CodeIgniter->createController()
 3 SYSTEMPATH\CodeIgniter.php(355): CodeIgniter\CodeIgniter->handleRequest(null, Object(Config\Cache), false)
 4 SYSTEMPATH\Boot.php(325): CodeIgniter\CodeIgniter->run()
 5 SYSTEMPATH\Boot.php(67): CodeIgniter\Boot::runCodeIgniter(Object(CodeIgniter\CodeIgniter))
 6 FCPATH\index.php(56): CodeIgniter\Boot::bootWeb(Object(Config\Paths))
WARNING - 2025-08-05 12:01:48 --> [DEPRECATED] Creation of dynamic property App\Controllers\MaterialController::$userValidation is deprecated in APPPATH\Controllers\MaterialController.php on line 20.
 1 SYSTEMPATH\CodeIgniter.php(903): App\Controllers\MaterialController->__construct()
 2 SYSTEMPATH\CodeIgniter.php(500): CodeIgniter\CodeIgniter->createController()
 3 SYSTEMPATH\CodeIgniter.php(355): CodeIgniter\CodeIgniter->handleRequest(null, Object(Config\Cache), false)
 4 SYSTEMPATH\Boot.php(325): CodeIgniter\CodeIgniter->run()
 5 SYSTEMPATH\Boot.php(67): CodeIgniter\Boot::runCodeIgniter(Object(CodeIgniter\CodeIgniter))
 6 FCPATH\index.php(56): CodeIgniter\Boot::bootWeb(Object(Config\Paths))
INFO - 2025-08-05 12:01:49 --> Session: Class initialized using 'CodeIgniter\Session\Handlers\FileHandler' driver.
WARNING - 2025-08-05 12:01:49 --> [DEPRECATED] Creation of dynamic property App\Controllers\MaterialController::$db is deprecated in APPPATH\Controllers\MaterialController.php on line 15.
 1 SYSTEMPATH\CodeIgniter.php(903): App\Controllers\MaterialController->__construct()
 2 SYSTEMPATH\CodeIgniter.php(500): CodeIgniter\CodeIgniter->createController()
 3 SYSTEMPATH\CodeIgniter.php(355): CodeIgniter\CodeIgniter->handleRequest(null, Object(Config\Cache), false)
 4 SYSTEMPATH\Boot.php(325): CodeIgniter\CodeIgniter->run()
 5 SYSTEMPATH\Boot.php(67): CodeIgniter\Boot::runCodeIgniter(Object(CodeIgniter\CodeIgniter))
 6 FCPATH\index.php(56): CodeIgniter\Boot::bootWeb(Object(Config\Paths))
WARNING - 2025-08-05 12:01:49 --> [DEPRECATED] Creation of dynamic property App\Controllers\MaterialController::$session is deprecated in APPPATH\Controllers\MaterialController.php on line 16.
 1 SYSTEMPATH\CodeIgniter.php(903): App\Controllers\MaterialController->__construct()
 2 SYSTEMPATH\CodeIgniter.php(500): CodeIgniter\CodeIgniter->createController()
 3 SYSTEMPATH\CodeIgniter.php(355): CodeIgniter\CodeIgniter->handleRequest(null, Object(Config\Cache), false)
 4 SYSTEMPATH\Boot.php(325): CodeIgniter\CodeIgniter->run()
 5 SYSTEMPATH\Boot.php(67): CodeIgniter\Boot::runCodeIgniter(Object(CodeIgniter\CodeIgniter))
 6 FCPATH\index.php(56): CodeIgniter\Boot::bootWeb(Object(Config\Paths))
WARNING - 2025-08-05 12:01:49 --> [DEPRECATED] Creation of dynamic property App\Controllers\MaterialController::$uri is deprecated in APPPATH\Controllers\MaterialController.php on line 17.
 1 SYSTEMPATH\CodeIgniter.php(903): App\Controllers\MaterialController->__construct()
 2 SYSTEMPATH\CodeIgniter.php(500): CodeIgniter\CodeIgniter->createController()
 3 SYSTEMPATH\CodeIgniter.php(355): CodeIgniter\CodeIgniter->handleRequest(null, Object(Config\Cache), false)
 4 SYSTEMPATH\Boot.php(325): CodeIgniter\CodeIgniter->run()
 5 SYSTEMPATH\Boot.php(67): CodeIgniter\Boot::runCodeIgniter(Object(CodeIgniter\CodeIgniter))
 6 FCPATH\index.php(56): CodeIgniter\Boot::bootWeb(Object(Config\Paths))
WARNING - 2025-08-05 12:01:49 --> [DEPRECATED] Creation of dynamic property App\Controllers\MaterialController::$form_validation is deprecated in APPPATH\Controllers\MaterialController.php on line 19.
 1 SYSTEMPATH\CodeIgniter.php(903): App\Controllers\MaterialController->__construct()
 2 SYSTEMPATH\CodeIgniter.php(500): CodeIgniter\CodeIgniter->createController()
 3 SYSTEMPATH\CodeIgniter.php(355): CodeIgniter\CodeIgniter->handleRequest(null, Object(Config\Cache), false)
 4 SYSTEMPATH\Boot.php(325): CodeIgniter\CodeIgniter->run()
 5 SYSTEMPATH\Boot.php(67): CodeIgniter\Boot::runCodeIgniter(Object(CodeIgniter\CodeIgniter))
 6 FCPATH\index.php(56): CodeIgniter\Boot::bootWeb(Object(Config\Paths))
WARNING - 2025-08-05 12:01:49 --> [DEPRECATED] Creation of dynamic property App\Controllers\MaterialController::$userValidation is deprecated in APPPATH\Controllers\MaterialController.php on line 20.
 1 SYSTEMPATH\CodeIgniter.php(903): App\Controllers\MaterialController->__construct()
 2 SYSTEMPATH\CodeIgniter.php(500): CodeIgniter\CodeIgniter->createController()
 3 SYSTEMPATH\CodeIgniter.php(355): CodeIgniter\CodeIgniter->handleRequest(null, Object(Config\Cache), false)
 4 SYSTEMPATH\Boot.php(325): CodeIgniter\CodeIgniter->run()
 5 SYSTEMPATH\Boot.php(67): CodeIgniter\Boot::runCodeIgniter(Object(CodeIgniter\CodeIgniter))
 6 FCPATH\index.php(56): CodeIgniter\Boot::bootWeb(Object(Config\Paths))
INFO - 2025-08-05 13:07:06 --> Session: Class initialized using 'CodeIgniter\Session\Handlers\FileHandler' driver.
WARNING - 2025-08-05 13:07:06 --> [DEPRECATED] Creation of dynamic property App\Controllers\MaterialController::$db is deprecated in APPPATH\Controllers\MaterialController.php on line 15.
 1 SYSTEMPATH\CodeIgniter.php(903): App\Controllers\MaterialController->__construct()
 2 SYSTEMPATH\CodeIgniter.php(500): CodeIgniter\CodeIgniter->createController()
 3 SYSTEMPATH\CodeIgniter.php(355): CodeIgniter\CodeIgniter->handleRequest(null, Object(Config\Cache), false)
 4 SYSTEMPATH\Boot.php(325): CodeIgniter\CodeIgniter->run()
 5 SYSTEMPATH\Boot.php(67): CodeIgniter\Boot::runCodeIgniter(Object(CodeIgniter\CodeIgniter))
 6 FCPATH\index.php(56): CodeIgniter\Boot::bootWeb(Object(Config\Paths))
WARNING - 2025-08-05 13:07:06 --> [DEPRECATED] Creation of dynamic property App\Controllers\MaterialController::$session is deprecated in APPPATH\Controllers\MaterialController.php on line 16.
 1 SYSTEMPATH\CodeIgniter.php(903): App\Controllers\MaterialController->__construct()
 2 SYSTEMPATH\CodeIgniter.php(500): CodeIgniter\CodeIgniter->createController()
 3 SYSTEMPATH\CodeIgniter.php(355): CodeIgniter\CodeIgniter->handleRequest(null, Object(Config\Cache), false)
 4 SYSTEMPATH\Boot.php(325): CodeIgniter\CodeIgniter->run()
 5 SYSTEMPATH\Boot.php(67): CodeIgniter\Boot::runCodeIgniter(Object(CodeIgniter\CodeIgniter))
 6 FCPATH\index.php(56): CodeIgniter\Boot::bootWeb(Object(Config\Paths))
WARNING - 2025-08-05 13:07:06 --> [DEPRECATED] Creation of dynamic property App\Controllers\MaterialController::$uri is deprecated in APPPATH\Controllers\MaterialController.php on line 17.
 1 SYSTEMPATH\CodeIgniter.php(903): App\Controllers\MaterialController->__construct()
 2 SYSTEMPATH\CodeIgniter.php(500): CodeIgniter\CodeIgniter->createController()
 3 SYSTEMPATH\CodeIgniter.php(355): CodeIgniter\CodeIgniter->handleRequest(null, Object(Config\Cache), false)
 4 SYSTEMPATH\Boot.php(325): CodeIgniter\CodeIgniter->run()
 5 SYSTEMPATH\Boot.php(67): CodeIgniter\Boot::runCodeIgniter(Object(CodeIgniter\CodeIgniter))
 6 FCPATH\index.php(56): CodeIgniter\Boot::bootWeb(Object(Config\Paths))
WARNING - 2025-08-05 13:07:06 --> [DEPRECATED] Creation of dynamic property App\Controllers\MaterialController::$form_validation is deprecated in APPPATH\Controllers\MaterialController.php on line 19.
 1 SYSTEMPATH\CodeIgniter.php(903): App\Controllers\MaterialController->__construct()
 2 SYSTEMPATH\CodeIgniter.php(500): CodeIgniter\CodeIgniter->createController()
 3 SYSTEMPATH\CodeIgniter.php(355): CodeIgniter\CodeIgniter->handleRequest(null, Object(Config\Cache), false)
 4 SYSTEMPATH\Boot.php(325): CodeIgniter\CodeIgniter->run()
 5 SYSTEMPATH\Boot.php(67): CodeIgniter\Boot::runCodeIgniter(Object(CodeIgniter\CodeIgniter))
 6 FCPATH\index.php(56): CodeIgniter\Boot::bootWeb(Object(Config\Paths))
WARNING - 2025-08-05 13:07:06 --> [DEPRECATED] Creation of dynamic property App\Controllers\MaterialController::$userValidation is deprecated in APPPATH\Controllers\MaterialController.php on line 20.
 1 SYSTEMPATH\CodeIgniter.php(903): App\Controllers\MaterialController->__construct()
 2 SYSTEMPATH\CodeIgniter.php(500): CodeIgniter\CodeIgniter->createController()
 3 SYSTEMPATH\CodeIgniter.php(355): CodeIgniter\CodeIgniter->handleRequest(null, Object(Config\Cache), false)
 4 SYSTEMPATH\Boot.php(325): CodeIgniter\CodeIgniter->run()
 5 SYSTEMPATH\Boot.php(67): CodeIgniter\Boot::runCodeIgniter(Object(CodeIgniter\CodeIgniter))
 6 FCPATH\index.php(56): CodeIgniter\Boot::bootWeb(Object(Config\Paths))
INFO - 2025-08-05 13:07:06 --> Session: Class initialized using 'CodeIgniter\Session\Handlers\FileHandler' driver.
WARNING - 2025-08-05 13:07:06 --> [DEPRECATED] Creation of dynamic property App\Controllers\MaterialController::$db is deprecated in APPPATH\Controllers\MaterialController.php on line 15.
 1 SYSTEMPATH\CodeIgniter.php(903): App\Controllers\MaterialController->__construct()
 2 SYSTEMPATH\CodeIgniter.php(500): CodeIgniter\CodeIgniter->createController()
 3 SYSTEMPATH\CodeIgniter.php(355): CodeIgniter\CodeIgniter->handleRequest(null, Object(Config\Cache), false)
 4 SYSTEMPATH\Boot.php(325): CodeIgniter\CodeIgniter->run()
 5 SYSTEMPATH\Boot.php(67): CodeIgniter\Boot::runCodeIgniter(Object(CodeIgniter\CodeIgniter))
 6 FCPATH\index.php(56): CodeIgniter\Boot::bootWeb(Object(Config\Paths))
WARNING - 2025-08-05 13:07:06 --> [DEPRECATED] Creation of dynamic property App\Controllers\MaterialController::$session is deprecated in APPPATH\Controllers\MaterialController.php on line 16.
 1 SYSTEMPATH\CodeIgniter.php(903): App\Controllers\MaterialController->__construct()
 2 SYSTEMPATH\CodeIgniter.php(500): CodeIgniter\CodeIgniter->createController()
 3 SYSTEMPATH\CodeIgniter.php(355): CodeIgniter\CodeIgniter->handleRequest(null, Object(Config\Cache), false)
 4 SYSTEMPATH\Boot.php(325): CodeIgniter\CodeIgniter->run()
 5 SYSTEMPATH\Boot.php(67): CodeIgniter\Boot::runCodeIgniter(Object(CodeIgniter\CodeIgniter))
 6 FCPATH\index.php(56): CodeIgniter\Boot::bootWeb(Object(Config\Paths))
WARNING - 2025-08-05 13:07:06 --> [DEPRECATED] Creation of dynamic property App\Controllers\MaterialController::$uri is deprecated in APPPATH\Controllers\MaterialController.php on line 17.
 1 SYSTEMPATH\CodeIgniter.php(903): App\Controllers\MaterialController->__construct()
 2 SYSTEMPATH\CodeIgniter.php(500): CodeIgniter\CodeIgniter->createController()
 3 SYSTEMPATH\CodeIgniter.php(355): CodeIgniter\CodeIgniter->handleRequest(null, Object(Config\Cache), false)
 4 SYSTEMPATH\Boot.php(325): CodeIgniter\CodeIgniter->run()
 5 SYSTEMPATH\Boot.php(67): CodeIgniter\Boot::runCodeIgniter(Object(CodeIgniter\CodeIgniter))
 6 FCPATH\index.php(56): CodeIgniter\Boot::bootWeb(Object(Config\Paths))
WARNING - 2025-08-05 13:07:06 --> [DEPRECATED] Creation of dynamic property App\Controllers\MaterialController::$form_validation is deprecated in APPPATH\Controllers\MaterialController.php on line 19.
 1 SYSTEMPATH\CodeIgniter.php(903): App\Controllers\MaterialController->__construct()
 2 SYSTEMPATH\CodeIgniter.php(500): CodeIgniter\CodeIgniter->createController()
 3 SYSTEMPATH\CodeIgniter.php(355): CodeIgniter\CodeIgniter->handleRequest(null, Object(Config\Cache), false)
 4 SYSTEMPATH\Boot.php(325): CodeIgniter\CodeIgniter->run()
 5 SYSTEMPATH\Boot.php(67): CodeIgniter\Boot::runCodeIgniter(Object(CodeIgniter\CodeIgniter))
 6 FCPATH\index.php(56): CodeIgniter\Boot::bootWeb(Object(Config\Paths))
WARNING - 2025-08-05 13:07:06 --> [DEPRECATED] Creation of dynamic property App\Controllers\MaterialController::$userValidation is deprecated in APPPATH\Controllers\MaterialController.php on line 20.
 1 SYSTEMPATH\CodeIgniter.php(903): App\Controllers\MaterialController->__construct()
 2 SYSTEMPATH\CodeIgniter.php(500): CodeIgniter\CodeIgniter->createController()
 3 SYSTEMPATH\CodeIgniter.php(355): CodeIgniter\CodeIgniter->handleRequest(null, Object(Config\Cache), false)
 4 SYSTEMPATH\Boot.php(325): CodeIgniter\CodeIgniter->run()
 5 SYSTEMPATH\Boot.php(67): CodeIgniter\Boot::runCodeIgniter(Object(CodeIgniter\CodeIgniter))
 6 FCPATH\index.php(56): CodeIgniter\Boot::bootWeb(Object(Config\Paths))
INFO - 2025-08-05 13:07:07 --> Session: Class initialized using 'CodeIgniter\Session\Handlers\FileHandler' driver.
WARNING - 2025-08-05 13:07:07 --> [DEPRECATED] Creation of dynamic property App\Controllers\MaterialController::$db is deprecated in APPPATH\Controllers\MaterialController.php on line 15.
 1 SYSTEMPATH\CodeIgniter.php(903): App\Controllers\MaterialController->__construct()
 2 SYSTEMPATH\CodeIgniter.php(500): CodeIgniter\CodeIgniter->createController()
 3 SYSTEMPATH\CodeIgniter.php(355): CodeIgniter\CodeIgniter->handleRequest(null, Object(Config\Cache), false)
 4 SYSTEMPATH\Boot.php(325): CodeIgniter\CodeIgniter->run()
 5 SYSTEMPATH\Boot.php(67): CodeIgniter\Boot::runCodeIgniter(Object(CodeIgniter\CodeIgniter))
 6 FCPATH\index.php(56): CodeIgniter\Boot::bootWeb(Object(Config\Paths))
WARNING - 2025-08-05 13:07:07 --> [DEPRECATED] Creation of dynamic property App\Controllers\MaterialController::$session is deprecated in APPPATH\Controllers\MaterialController.php on line 16.
 1 SYSTEMPATH\CodeIgniter.php(903): App\Controllers\MaterialController->__construct()
 2 SYSTEMPATH\CodeIgniter.php(500): CodeIgniter\CodeIgniter->createController()
 3 SYSTEMPATH\CodeIgniter.php(355): CodeIgniter\CodeIgniter->handleRequest(null, Object(Config\Cache), false)
 4 SYSTEMPATH\Boot.php(325): CodeIgniter\CodeIgniter->run()
 5 SYSTEMPATH\Boot.php(67): CodeIgniter\Boot::runCodeIgniter(Object(CodeIgniter\CodeIgniter))
 6 FCPATH\index.php(56): CodeIgniter\Boot::bootWeb(Object(Config\Paths))
WARNING - 2025-08-05 13:07:07 --> [DEPRECATED] Creation of dynamic property App\Controllers\MaterialController::$uri is deprecated in APPPATH\Controllers\MaterialController.php on line 17.
 1 SYSTEMPATH\CodeIgniter.php(903): App\Controllers\MaterialController->__construct()
 2 SYSTEMPATH\CodeIgniter.php(500): CodeIgniter\CodeIgniter->createController()
 3 SYSTEMPATH\CodeIgniter.php(355): CodeIgniter\CodeIgniter->handleRequest(null, Object(Config\Cache), false)
 4 SYSTEMPATH\Boot.php(325): CodeIgniter\CodeIgniter->run()
 5 SYSTEMPATH\Boot.php(67): CodeIgniter\Boot::runCodeIgniter(Object(CodeIgniter\CodeIgniter))
 6 FCPATH\index.php(56): CodeIgniter\Boot::bootWeb(Object(Config\Paths))
WARNING - 2025-08-05 13:07:07 --> [DEPRECATED] Creation of dynamic property App\Controllers\MaterialController::$form_validation is deprecated in APPPATH\Controllers\MaterialController.php on line 19.
 1 SYSTEMPATH\CodeIgniter.php(903): App\Controllers\MaterialController->__construct()
 2 SYSTEMPATH\CodeIgniter.php(500): CodeIgniter\CodeIgniter->createController()
 3 SYSTEMPATH\CodeIgniter.php(355): CodeIgniter\CodeIgniter->handleRequest(null, Object(Config\Cache), false)
 4 SYSTEMPATH\Boot.php(325): CodeIgniter\CodeIgniter->run()
 5 SYSTEMPATH\Boot.php(67): CodeIgniter\Boot::runCodeIgniter(Object(CodeIgniter\CodeIgniter))
 6 FCPATH\index.php(56): CodeIgniter\Boot::bootWeb(Object(Config\Paths))
WARNING - 2025-08-05 13:07:07 --> [DEPRECATED] Creation of dynamic property App\Controllers\MaterialController::$userValidation is deprecated in APPPATH\Controllers\MaterialController.php on line 20.
 1 SYSTEMPATH\CodeIgniter.php(903): App\Controllers\MaterialController->__construct()
 2 SYSTEMPATH\CodeIgniter.php(500): CodeIgniter\CodeIgniter->createController()
 3 SYSTEMPATH\CodeIgniter.php(355): CodeIgniter\CodeIgniter->handleRequest(null, Object(Config\Cache), false)
 4 SYSTEMPATH\Boot.php(325): CodeIgniter\CodeIgniter->run()
 5 SYSTEMPATH\Boot.php(67): CodeIgniter\Boot::runCodeIgniter(Object(CodeIgniter\CodeIgniter))
 6 FCPATH\index.php(56): CodeIgniter\Boot::bootWeb(Object(Config\Paths))
INFO - 2025-08-05 13:07:08 --> Session: Class initialized using 'CodeIgniter\Session\Handlers\FileHandler' driver.
WARNING - 2025-08-05 13:07:08 --> [DEPRECATED] Creation of dynamic property App\Controllers\MaterialController::$db is deprecated in APPPATH\Controllers\MaterialController.php on line 15.
 1 SYSTEMPATH\CodeIgniter.php(903): App\Controllers\MaterialController->__construct()
 2 SYSTEMPATH\CodeIgniter.php(500): CodeIgniter\CodeIgniter->createController()
 3 SYSTEMPATH\CodeIgniter.php(355): CodeIgniter\CodeIgniter->handleRequest(null, Object(Config\Cache), false)
 4 SYSTEMPATH\Boot.php(325): CodeIgniter\CodeIgniter->run()
 5 SYSTEMPATH\Boot.php(67): CodeIgniter\Boot::runCodeIgniter(Object(CodeIgniter\CodeIgniter))
 6 FCPATH\index.php(56): CodeIgniter\Boot::bootWeb(Object(Config\Paths))
WARNING - 2025-08-05 13:07:08 --> [DEPRECATED] Creation of dynamic property App\Controllers\MaterialController::$session is deprecated in APPPATH\Controllers\MaterialController.php on line 16.
 1 SYSTEMPATH\CodeIgniter.php(903): App\Controllers\MaterialController->__construct()
 2 SYSTEMPATH\CodeIgniter.php(500): CodeIgniter\CodeIgniter->createController()
 3 SYSTEMPATH\CodeIgniter.php(355): CodeIgniter\CodeIgniter->handleRequest(null, Object(Config\Cache), false)
 4 SYSTEMPATH\Boot.php(325): CodeIgniter\CodeIgniter->run()
 5 SYSTEMPATH\Boot.php(67): CodeIgniter\Boot::runCodeIgniter(Object(CodeIgniter\CodeIgniter))
 6 FCPATH\index.php(56): CodeIgniter\Boot::bootWeb(Object(Config\Paths))
WARNING - 2025-08-05 13:07:08 --> [DEPRECATED] Creation of dynamic property App\Controllers\MaterialController::$uri is deprecated in APPPATH\Controllers\MaterialController.php on line 17.
 1 SYSTEMPATH\CodeIgniter.php(903): App\Controllers\MaterialController->__construct()
 2 SYSTEMPATH\CodeIgniter.php(500): CodeIgniter\CodeIgniter->createController()
 3 SYSTEMPATH\CodeIgniter.php(355): CodeIgniter\CodeIgniter->handleRequest(null, Object(Config\Cache), false)
 4 SYSTEMPATH\Boot.php(325): CodeIgniter\CodeIgniter->run()
 5 SYSTEMPATH\Boot.php(67): CodeIgniter\Boot::runCodeIgniter(Object(CodeIgniter\CodeIgniter))
 6 FCPATH\index.php(56): CodeIgniter\Boot::bootWeb(Object(Config\Paths))
WARNING - 2025-08-05 13:07:08 --> [DEPRECATED] Creation of dynamic property App\Controllers\MaterialController::$form_validation is deprecated in APPPATH\Controllers\MaterialController.php on line 19.
 1 SYSTEMPATH\CodeIgniter.php(903): App\Controllers\MaterialController->__construct()
 2 SYSTEMPATH\CodeIgniter.php(500): CodeIgniter\CodeIgniter->createController()
 3 SYSTEMPATH\CodeIgniter.php(355): CodeIgniter\CodeIgniter->handleRequest(null, Object(Config\Cache), false)
 4 SYSTEMPATH\Boot.php(325): CodeIgniter\CodeIgniter->run()
 5 SYSTEMPATH\Boot.php(67): CodeIgniter\Boot::runCodeIgniter(Object(CodeIgniter\CodeIgniter))
 6 FCPATH\index.php(56): CodeIgniter\Boot::bootWeb(Object(Config\Paths))
WARNING - 2025-08-05 13:07:08 --> [DEPRECATED] Creation of dynamic property App\Controllers\MaterialController::$userValidation is deprecated in APPPATH\Controllers\MaterialController.php on line 20.
 1 SYSTEMPATH\CodeIgniter.php(903): App\Controllers\MaterialController->__construct()
 2 SYSTEMPATH\CodeIgniter.php(500): CodeIgniter\CodeIgniter->createController()
 3 SYSTEMPATH\CodeIgniter.php(355): CodeIgniter\CodeIgniter->handleRequest(null, Object(Config\Cache), false)
 4 SYSTEMPATH\Boot.php(325): CodeIgniter\CodeIgniter->run()
 5 SYSTEMPATH\Boot.php(67): CodeIgniter\Boot::runCodeIgniter(Object(CodeIgniter\CodeIgniter))
 6 FCPATH\index.php(56): CodeIgniter\Boot::bootWeb(Object(Config\Paths))
INFO - 2025-08-05 13:07:08 --> Session: Class initialized using 'CodeIgniter\Session\Handlers\FileHandler' driver.
WARNING - 2025-08-05 13:07:08 --> [DEPRECATED] Creation of dynamic property App\Controllers\MaterialController::$db is deprecated in APPPATH\Controllers\MaterialController.php on line 15.
 1 SYSTEMPATH\CodeIgniter.php(903): App\Controllers\MaterialController->__construct()
 2 SYSTEMPATH\CodeIgniter.php(500): CodeIgniter\CodeIgniter->createController()
 3 SYSTEMPATH\CodeIgniter.php(355): CodeIgniter\CodeIgniter->handleRequest(null, Object(Config\Cache), false)
 4 SYSTEMPATH\Boot.php(325): CodeIgniter\CodeIgniter->run()
 5 SYSTEMPATH\Boot.php(67): CodeIgniter\Boot::runCodeIgniter(Object(CodeIgniter\CodeIgniter))
 6 FCPATH\index.php(56): CodeIgniter\Boot::bootWeb(Object(Config\Paths))
WARNING - 2025-08-05 13:07:08 --> [DEPRECATED] Creation of dynamic property App\Controllers\MaterialController::$session is deprecated in APPPATH\Controllers\MaterialController.php on line 16.
 1 SYSTEMPATH\CodeIgniter.php(903): App\Controllers\MaterialController->__construct()
 2 SYSTEMPATH\CodeIgniter.php(500): CodeIgniter\CodeIgniter->createController()
 3 SYSTEMPATH\CodeIgniter.php(355): CodeIgniter\CodeIgniter->handleRequest(null, Object(Config\Cache), false)
 4 SYSTEMPATH\Boot.php(325): CodeIgniter\CodeIgniter->run()
 5 SYSTEMPATH\Boot.php(67): CodeIgniter\Boot::runCodeIgniter(Object(CodeIgniter\CodeIgniter))
 6 FCPATH\index.php(56): CodeIgniter\Boot::bootWeb(Object(Config\Paths))
WARNING - 2025-08-05 13:07:08 --> [DEPRECATED] Creation of dynamic property App\Controllers\MaterialController::$uri is deprecated in APPPATH\Controllers\MaterialController.php on line 17.
 1 SYSTEMPATH\CodeIgniter.php(903): App\Controllers\MaterialController->__construct()
 2 SYSTEMPATH\CodeIgniter.php(500): CodeIgniter\CodeIgniter->createController()
 3 SYSTEMPATH\CodeIgniter.php(355): CodeIgniter\CodeIgniter->handleRequest(null, Object(Config\Cache), false)
 4 SYSTEMPATH\Boot.php(325): CodeIgniter\CodeIgniter->run()
 5 SYSTEMPATH\Boot.php(67): CodeIgniter\Boot::runCodeIgniter(Object(CodeIgniter\CodeIgniter))
 6 FCPATH\index.php(56): CodeIgniter\Boot::bootWeb(Object(Config\Paths))
WARNING - 2025-08-05 13:07:08 --> [DEPRECATED] Creation of dynamic property App\Controllers\MaterialController::$form_validation is deprecated in APPPATH\Controllers\MaterialController.php on line 19.
 1 SYSTEMPATH\CodeIgniter.php(903): App\Controllers\MaterialController->__construct()
 2 SYSTEMPATH\CodeIgniter.php(500): CodeIgniter\CodeIgniter->createController()
 3 SYSTEMPATH\CodeIgniter.php(355): CodeIgniter\CodeIgniter->handleRequest(null, Object(Config\Cache), false)
 4 SYSTEMPATH\Boot.php(325): CodeIgniter\CodeIgniter->run()
 5 SYSTEMPATH\Boot.php(67): CodeIgniter\Boot::runCodeIgniter(Object(CodeIgniter\CodeIgniter))
 6 FCPATH\index.php(56): CodeIgniter\Boot::bootWeb(Object(Config\Paths))
WARNING - 2025-08-05 13:07:08 --> [DEPRECATED] Creation of dynamic property App\Controllers\MaterialController::$userValidation is deprecated in APPPATH\Controllers\MaterialController.php on line 20.
 1 SYSTEMPATH\CodeIgniter.php(903): App\Controllers\MaterialController->__construct()
 2 SYSTEMPATH\CodeIgniter.php(500): CodeIgniter\CodeIgniter->createController()
 3 SYSTEMPATH\CodeIgniter.php(355): CodeIgniter\CodeIgniter->handleRequest(null, Object(Config\Cache), false)
 4 SYSTEMPATH\Boot.php(325): CodeIgniter\CodeIgniter->run()
 5 SYSTEMPATH\Boot.php(67): CodeIgniter\Boot::runCodeIgniter(Object(CodeIgniter\CodeIgniter))
 6 FCPATH\index.php(56): CodeIgniter\Boot::bootWeb(Object(Config\Paths))
INFO - 2025-08-05 13:07:09 --> Session: Class initialized using 'CodeIgniter\Session\Handlers\FileHandler' driver.
WARNING - 2025-08-05 13:07:09 --> [DEPRECATED] Creation of dynamic property App\Controllers\MaterialController::$db is deprecated in APPPATH\Controllers\MaterialController.php on line 15.
 1 SYSTEMPATH\CodeIgniter.php(903): App\Controllers\MaterialController->__construct()
 2 SYSTEMPATH\CodeIgniter.php(500): CodeIgniter\CodeIgniter->createController()
 3 SYSTEMPATH\CodeIgniter.php(355): CodeIgniter\CodeIgniter->handleRequest(null, Object(Config\Cache), false)
 4 SYSTEMPATH\Boot.php(325): CodeIgniter\CodeIgniter->run()
 5 SYSTEMPATH\Boot.php(67): CodeIgniter\Boot::runCodeIgniter(Object(CodeIgniter\CodeIgniter))
 6 FCPATH\index.php(56): CodeIgniter\Boot::bootWeb(Object(Config\Paths))
WARNING - 2025-08-05 13:07:09 --> [DEPRECATED] Creation of dynamic property App\Controllers\MaterialController::$session is deprecated in APPPATH\Controllers\MaterialController.php on line 16.
 1 SYSTEMPATH\CodeIgniter.php(903): App\Controllers\MaterialController->__construct()
 2 SYSTEMPATH\CodeIgniter.php(500): CodeIgniter\CodeIgniter->createController()
 3 SYSTEMPATH\CodeIgniter.php(355): CodeIgniter\CodeIgniter->handleRequest(null, Object(Config\Cache), false)
 4 SYSTEMPATH\Boot.php(325): CodeIgniter\CodeIgniter->run()
 5 SYSTEMPATH\Boot.php(67): CodeIgniter\Boot::runCodeIgniter(Object(CodeIgniter\CodeIgniter))
 6 FCPATH\index.php(56): CodeIgniter\Boot::bootWeb(Object(Config\Paths))
WARNING - 2025-08-05 13:07:09 --> [DEPRECATED] Creation of dynamic property App\Controllers\MaterialController::$uri is deprecated in APPPATH\Controllers\MaterialController.php on line 17.
 1 SYSTEMPATH\CodeIgniter.php(903): App\Controllers\MaterialController->__construct()
 2 SYSTEMPATH\CodeIgniter.php(500): CodeIgniter\CodeIgniter->createController()
 3 SYSTEMPATH\CodeIgniter.php(355): CodeIgniter\CodeIgniter->handleRequest(null, Object(Config\Cache), false)
 4 SYSTEMPATH\Boot.php(325): CodeIgniter\CodeIgniter->run()
 5 SYSTEMPATH\Boot.php(67): CodeIgniter\Boot::runCodeIgniter(Object(CodeIgniter\CodeIgniter))
 6 FCPATH\index.php(56): CodeIgniter\Boot::bootWeb(Object(Config\Paths))
WARNING - 2025-08-05 13:07:09 --> [DEPRECATED] Creation of dynamic property App\Controllers\MaterialController::$form_validation is deprecated in APPPATH\Controllers\MaterialController.php on line 19.
 1 SYSTEMPATH\CodeIgniter.php(903): App\Controllers\MaterialController->__construct()
 2 SYSTEMPATH\CodeIgniter.php(500): CodeIgniter\CodeIgniter->createController()
 3 SYSTEMPATH\CodeIgniter.php(355): CodeIgniter\CodeIgniter->handleRequest(null, Object(Config\Cache), false)
 4 SYSTEMPATH\Boot.php(325): CodeIgniter\CodeIgniter->run()
 5 SYSTEMPATH\Boot.php(67): CodeIgniter\Boot::runCodeIgniter(Object(CodeIgniter\CodeIgniter))
 6 FCPATH\index.php(56): CodeIgniter\Boot::bootWeb(Object(Config\Paths))
WARNING - 2025-08-05 13:07:09 --> [DEPRECATED] Creation of dynamic property App\Controllers\MaterialController::$userValidation is deprecated in APPPATH\Controllers\MaterialController.php on line 20.
 1 SYSTEMPATH\CodeIgniter.php(903): App\Controllers\MaterialController->__construct()
 2 SYSTEMPATH\CodeIgniter.php(500): CodeIgniter\CodeIgniter->createController()
 3 SYSTEMPATH\CodeIgniter.php(355): CodeIgniter\CodeIgniter->handleRequest(null, Object(Config\Cache), false)
 4 SYSTEMPATH\Boot.php(325): CodeIgniter\CodeIgniter->run()
 5 SYSTEMPATH\Boot.php(67): CodeIgniter\Boot::runCodeIgniter(Object(CodeIgniter\CodeIgniter))
 6 FCPATH\index.php(56): CodeIgniter\Boot::bootWeb(Object(Config\Paths))
INFO - 2025-08-05 13:07:09 --> Session: Class initialized using 'CodeIgniter\Session\Handlers\FileHandler' driver.
WARNING - 2025-08-05 13:07:09 --> [DEPRECATED] Creation of dynamic property App\Controllers\MaterialController::$db is deprecated in APPPATH\Controllers\MaterialController.php on line 15.
 1 SYSTEMPATH\CodeIgniter.php(903): App\Controllers\MaterialController->__construct()
 2 SYSTEMPATH\CodeIgniter.php(500): CodeIgniter\CodeIgniter->createController()
 3 SYSTEMPATH\CodeIgniter.php(355): CodeIgniter\CodeIgniter->handleRequest(null, Object(Config\Cache), false)
 4 SYSTEMPATH\Boot.php(325): CodeIgniter\CodeIgniter->run()
 5 SYSTEMPATH\Boot.php(67): CodeIgniter\Boot::runCodeIgniter(Object(CodeIgniter\CodeIgniter))
 6 FCPATH\index.php(56): CodeIgniter\Boot::bootWeb(Object(Config\Paths))
WARNING - 2025-08-05 13:07:09 --> [DEPRECATED] Creation of dynamic property App\Controllers\MaterialController::$session is deprecated in APPPATH\Controllers\MaterialController.php on line 16.
 1 SYSTEMPATH\CodeIgniter.php(903): App\Controllers\MaterialController->__construct()
 2 SYSTEMPATH\CodeIgniter.php(500): CodeIgniter\CodeIgniter->createController()
 3 SYSTEMPATH\CodeIgniter.php(355): CodeIgniter\CodeIgniter->handleRequest(null, Object(Config\Cache), false)
 4 SYSTEMPATH\Boot.php(325): CodeIgniter\CodeIgniter->run()
 5 SYSTEMPATH\Boot.php(67): CodeIgniter\Boot::runCodeIgniter(Object(CodeIgniter\CodeIgniter))
 6 FCPATH\index.php(56): CodeIgniter\Boot::bootWeb(Object(Config\Paths))
WARNING - 2025-08-05 13:07:09 --> [DEPRECATED] Creation of dynamic property App\Controllers\MaterialController::$uri is deprecated in APPPATH\Controllers\MaterialController.php on line 17.
 1 SYSTEMPATH\CodeIgniter.php(903): App\Controllers\MaterialController->__construct()
 2 SYSTEMPATH\CodeIgniter.php(500): CodeIgniter\CodeIgniter->createController()
 3 SYSTEMPATH\CodeIgniter.php(355): CodeIgniter\CodeIgniter->handleRequest(null, Object(Config\Cache), false)
 4 SYSTEMPATH\Boot.php(325): CodeIgniter\CodeIgniter->run()
 5 SYSTEMPATH\Boot.php(67): CodeIgniter\Boot::runCodeIgniter(Object(CodeIgniter\CodeIgniter))
 6 FCPATH\index.php(56): CodeIgniter\Boot::bootWeb(Object(Config\Paths))
WARNING - 2025-08-05 13:07:09 --> [DEPRECATED] Creation of dynamic property App\Controllers\MaterialController::$form_validation is deprecated in APPPATH\Controllers\MaterialController.php on line 19.
 1 SYSTEMPATH\CodeIgniter.php(903): App\Controllers\MaterialController->__construct()
 2 SYSTEMPATH\CodeIgniter.php(500): CodeIgniter\CodeIgniter->createController()
 3 SYSTEMPATH\CodeIgniter.php(355): CodeIgniter\CodeIgniter->handleRequest(null, Object(Config\Cache), false)
 4 SYSTEMPATH\Boot.php(325): CodeIgniter\CodeIgniter->run()
 5 SYSTEMPATH\Boot.php(67): CodeIgniter\Boot::runCodeIgniter(Object(CodeIgniter\CodeIgniter))
 6 FCPATH\index.php(56): CodeIgniter\Boot::bootWeb(Object(Config\Paths))
WARNING - 2025-08-05 13:07:09 --> [DEPRECATED] Creation of dynamic property App\Controllers\MaterialController::$userValidation is deprecated in APPPATH\Controllers\MaterialController.php on line 20.
 1 SYSTEMPATH\CodeIgniter.php(903): App\Controllers\MaterialController->__construct()
 2 SYSTEMPATH\CodeIgniter.php(500): CodeIgniter\CodeIgniter->createController()
 3 SYSTEMPATH\CodeIgniter.php(355): CodeIgniter\CodeIgniter->handleRequest(null, Object(Config\Cache), false)
 4 SYSTEMPATH\Boot.php(325): CodeIgniter\CodeIgniter->run()
 5 SYSTEMPATH\Boot.php(67): CodeIgniter\Boot::runCodeIgniter(Object(CodeIgniter\CodeIgniter))
 6 FCPATH\index.php(56): CodeIgniter\Boot::bootWeb(Object(Config\Paths))
INFO - 2025-08-05 13:07:10 --> Session: Class initialized using 'CodeIgniter\Session\Handlers\FileHandler' driver.
WARNING - 2025-08-05 13:07:10 --> [DEPRECATED] Creation of dynamic property App\Controllers\MaterialController::$db is deprecated in APPPATH\Controllers\MaterialController.php on line 15.
 1 SYSTEMPATH\CodeIgniter.php(903): App\Controllers\MaterialController->__construct()
 2 SYSTEMPATH\CodeIgniter.php(500): CodeIgniter\CodeIgniter->createController()
 3 SYSTEMPATH\CodeIgniter.php(355): CodeIgniter\CodeIgniter->handleRequest(null, Object(Config\Cache), false)
 4 SYSTEMPATH\Boot.php(325): CodeIgniter\CodeIgniter->run()
 5 SYSTEMPATH\Boot.php(67): CodeIgniter\Boot::runCodeIgniter(Object(CodeIgniter\CodeIgniter))
 6 FCPATH\index.php(56): CodeIgniter\Boot::bootWeb(Object(Config\Paths))
WARNING - 2025-08-05 13:07:10 --> [DEPRECATED] Creation of dynamic property App\Controllers\MaterialController::$session is deprecated in APPPATH\Controllers\MaterialController.php on line 16.
 1 SYSTEMPATH\CodeIgniter.php(903): App\Controllers\MaterialController->__construct()
 2 SYSTEMPATH\CodeIgniter.php(500): CodeIgniter\CodeIgniter->createController()
 3 SYSTEMPATH\CodeIgniter.php(355): CodeIgniter\CodeIgniter->handleRequest(null, Object(Config\Cache), false)
 4 SYSTEMPATH\Boot.php(325): CodeIgniter\CodeIgniter->run()
 5 SYSTEMPATH\Boot.php(67): CodeIgniter\Boot::runCodeIgniter(Object(CodeIgniter\CodeIgniter))
 6 FCPATH\index.php(56): CodeIgniter\Boot::bootWeb(Object(Config\Paths))
WARNING - 2025-08-05 13:07:10 --> [DEPRECATED] Creation of dynamic property App\Controllers\MaterialController::$uri is deprecated in APPPATH\Controllers\MaterialController.php on line 17.
 1 SYSTEMPATH\CodeIgniter.php(903): App\Controllers\MaterialController->__construct()
 2 SYSTEMPATH\CodeIgniter.php(500): CodeIgniter\CodeIgniter->createController()
 3 SYSTEMPATH\CodeIgniter.php(355): CodeIgniter\CodeIgniter->handleRequest(null, Object(Config\Cache), false)
 4 SYSTEMPATH\Boot.php(325): CodeIgniter\CodeIgniter->run()
 5 SYSTEMPATH\Boot.php(67): CodeIgniter\Boot::runCodeIgniter(Object(CodeIgniter\CodeIgniter))
 6 FCPATH\index.php(56): CodeIgniter\Boot::bootWeb(Object(Config\Paths))
WARNING - 2025-08-05 13:07:10 --> [DEPRECATED] Creation of dynamic property App\Controllers\MaterialController::$form_validation is deprecated in APPPATH\Controllers\MaterialController.php on line 19.
 1 SYSTEMPATH\CodeIgniter.php(903): App\Controllers\MaterialController->__construct()
 2 SYSTEMPATH\CodeIgniter.php(500): CodeIgniter\CodeIgniter->createController()
 3 SYSTEMPATH\CodeIgniter.php(355): CodeIgniter\CodeIgniter->handleRequest(null, Object(Config\Cache), false)
 4 SYSTEMPATH\Boot.php(325): CodeIgniter\CodeIgniter->run()
 5 SYSTEMPATH\Boot.php(67): CodeIgniter\Boot::runCodeIgniter(Object(CodeIgniter\CodeIgniter))
 6 FCPATH\index.php(56): CodeIgniter\Boot::bootWeb(Object(Config\Paths))
WARNING - 2025-08-05 13:07:10 --> [DEPRECATED] Creation of dynamic property App\Controllers\MaterialController::$userValidation is deprecated in APPPATH\Controllers\MaterialController.php on line 20.
 1 SYSTEMPATH\CodeIgniter.php(903): App\Controllers\MaterialController->__construct()
 2 SYSTEMPATH\CodeIgniter.php(500): CodeIgniter\CodeIgniter->createController()
 3 SYSTEMPATH\CodeIgniter.php(355): CodeIgniter\CodeIgniter->handleRequest(null, Object(Config\Cache), false)
 4 SYSTEMPATH\Boot.php(325): CodeIgniter\CodeIgniter->run()
 5 SYSTEMPATH\Boot.php(67): CodeIgniter\Boot::runCodeIgniter(Object(CodeIgniter\CodeIgniter))
 6 FCPATH\index.php(56): CodeIgniter\Boot::bootWeb(Object(Config\Paths))
INFO - 2025-08-05 13:07:10 --> Session: Class initialized using 'CodeIgniter\Session\Handlers\FileHandler' driver.
WARNING - 2025-08-05 13:07:10 --> [DEPRECATED] Creation of dynamic property App\Controllers\MaterialController::$db is deprecated in APPPATH\Controllers\MaterialController.php on line 15.
 1 SYSTEMPATH\CodeIgniter.php(903): App\Controllers\MaterialController->__construct()
 2 SYSTEMPATH\CodeIgniter.php(500): CodeIgniter\CodeIgniter->createController()
 3 SYSTEMPATH\CodeIgniter.php(355): CodeIgniter\CodeIgniter->handleRequest(null, Object(Config\Cache), false)
 4 SYSTEMPATH\Boot.php(325): CodeIgniter\CodeIgniter->run()
 5 SYSTEMPATH\Boot.php(67): CodeIgniter\Boot::runCodeIgniter(Object(CodeIgniter\CodeIgniter))
 6 FCPATH\index.php(56): CodeIgniter\Boot::bootWeb(Object(Config\Paths))
WARNING - 2025-08-05 13:07:10 --> [DEPRECATED] Creation of dynamic property App\Controllers\MaterialController::$session is deprecated in APPPATH\Controllers\MaterialController.php on line 16.
 1 SYSTEMPATH\CodeIgniter.php(903): App\Controllers\MaterialController->__construct()
 2 SYSTEMPATH\CodeIgniter.php(500): CodeIgniter\CodeIgniter->createController()
 3 SYSTEMPATH\CodeIgniter.php(355): CodeIgniter\CodeIgniter->handleRequest(null, Object(Config\Cache), false)
 4 SYSTEMPATH\Boot.php(325): CodeIgniter\CodeIgniter->run()
 5 SYSTEMPATH\Boot.php(67): CodeIgniter\Boot::runCodeIgniter(Object(CodeIgniter\CodeIgniter))
 6 FCPATH\index.php(56): CodeIgniter\Boot::bootWeb(Object(Config\Paths))
WARNING - 2025-08-05 13:07:10 --> [DEPRECATED] Creation of dynamic property App\Controllers\MaterialController::$uri is deprecated in APPPATH\Controllers\MaterialController.php on line 17.
 1 SYSTEMPATH\CodeIgniter.php(903): App\Controllers\MaterialController->__construct()
 2 SYSTEMPATH\CodeIgniter.php(500): CodeIgniter\CodeIgniter->createController()
 3 SYSTEMPATH\CodeIgniter.php(355): CodeIgniter\CodeIgniter->handleRequest(null, Object(Config\Cache), false)
 4 SYSTEMPATH\Boot.php(325): CodeIgniter\CodeIgniter->run()
 5 SYSTEMPATH\Boot.php(67): CodeIgniter\Boot::runCodeIgniter(Object(CodeIgniter\CodeIgniter))
 6 FCPATH\index.php(56): CodeIgniter\Boot::bootWeb(Object(Config\Paths))
WARNING - 2025-08-05 13:07:10 --> [DEPRECATED] Creation of dynamic property App\Controllers\MaterialController::$form_validation is deprecated in APPPATH\Controllers\MaterialController.php on line 19.
 1 SYSTEMPATH\CodeIgniter.php(903): App\Controllers\MaterialController->__construct()
 2 SYSTEMPATH\CodeIgniter.php(500): CodeIgniter\CodeIgniter->createController()
 3 SYSTEMPATH\CodeIgniter.php(355): CodeIgniter\CodeIgniter->handleRequest(null, Object(Config\Cache), false)
 4 SYSTEMPATH\Boot.php(325): CodeIgniter\CodeIgniter->run()
 5 SYSTEMPATH\Boot.php(67): CodeIgniter\Boot::runCodeIgniter(Object(CodeIgniter\CodeIgniter))
 6 FCPATH\index.php(56): CodeIgniter\Boot::bootWeb(Object(Config\Paths))
WARNING - 2025-08-05 13:07:10 --> [DEPRECATED] Creation of dynamic property App\Controllers\MaterialController::$userValidation is deprecated in APPPATH\Controllers\MaterialController.php on line 20.
 1 SYSTEMPATH\CodeIgniter.php(903): App\Controllers\MaterialController->__construct()
 2 SYSTEMPATH\CodeIgniter.php(500): CodeIgniter\CodeIgniter->createController()
 3 SYSTEMPATH\CodeIgniter.php(355): CodeIgniter\CodeIgniter->handleRequest(null, Object(Config\Cache), false)
 4 SYSTEMPATH\Boot.php(325): CodeIgniter\CodeIgniter->run()
 5 SYSTEMPATH\Boot.php(67): CodeIgniter\Boot::runCodeIgniter(Object(CodeIgniter\CodeIgniter))
 6 FCPATH\index.php(56): CodeIgniter\Boot::bootWeb(Object(Config\Paths))
INFO - 2025-08-05 13:07:16 --> Session: Class initialized using 'CodeIgniter\Session\Handlers\FileHandler' driver.
WARNING - 2025-08-05 13:07:16 --> [DEPRECATED] Creation of dynamic property App\Controllers\MaterialController::$db is deprecated in APPPATH\Controllers\MaterialController.php on line 15.
 1 SYSTEMPATH\CodeIgniter.php(903): App\Controllers\MaterialController->__construct()
 2 SYSTEMPATH\CodeIgniter.php(500): CodeIgniter\CodeIgniter->createController()
 3 SYSTEMPATH\CodeIgniter.php(355): CodeIgniter\CodeIgniter->handleRequest(null, Object(Config\Cache), false)
 4 SYSTEMPATH\Boot.php(325): CodeIgniter\CodeIgniter->run()
 5 SYSTEMPATH\Boot.php(67): CodeIgniter\Boot::runCodeIgniter(Object(CodeIgniter\CodeIgniter))
 6 FCPATH\index.php(56): CodeIgniter\Boot::bootWeb(Object(Config\Paths))
WARNING - 2025-08-05 13:07:16 --> [DEPRECATED] Creation of dynamic property App\Controllers\MaterialController::$session is deprecated in APPPATH\Controllers\MaterialController.php on line 16.
 1 SYSTEMPATH\CodeIgniter.php(903): App\Controllers\MaterialController->__construct()
 2 SYSTEMPATH\CodeIgniter.php(500): CodeIgniter\CodeIgniter->createController()
 3 SYSTEMPATH\CodeIgniter.php(355): CodeIgniter\CodeIgniter->handleRequest(null, Object(Config\Cache), false)
 4 SYSTEMPATH\Boot.php(325): CodeIgniter\CodeIgniter->run()
 5 SYSTEMPATH\Boot.php(67): CodeIgniter\Boot::runCodeIgniter(Object(CodeIgniter\CodeIgniter))
 6 FCPATH\index.php(56): CodeIgniter\Boot::bootWeb(Object(Config\Paths))
WARNING - 2025-08-05 13:07:16 --> [DEPRECATED] Creation of dynamic property App\Controllers\MaterialController::$uri is deprecated in APPPATH\Controllers\MaterialController.php on line 17.
 1 SYSTEMPATH\CodeIgniter.php(903): App\Controllers\MaterialController->__construct()
 2 SYSTEMPATH\CodeIgniter.php(500): CodeIgniter\CodeIgniter->createController()
 3 SYSTEMPATH\CodeIgniter.php(355): CodeIgniter\CodeIgniter->handleRequest(null, Object(Config\Cache), false)
 4 SYSTEMPATH\Boot.php(325): CodeIgniter\CodeIgniter->run()
 5 SYSTEMPATH\Boot.php(67): CodeIgniter\Boot::runCodeIgniter(Object(CodeIgniter\CodeIgniter))
 6 FCPATH\index.php(56): CodeIgniter\Boot::bootWeb(Object(Config\Paths))
WARNING - 2025-08-05 13:07:16 --> [DEPRECATED] Creation of dynamic property App\Controllers\MaterialController::$form_validation is deprecated in APPPATH\Controllers\MaterialController.php on line 19.
 1 SYSTEMPATH\CodeIgniter.php(903): App\Controllers\MaterialController->__construct()
 2 SYSTEMPATH\CodeIgniter.php(500): CodeIgniter\CodeIgniter->createController()
 3 SYSTEMPATH\CodeIgniter.php(355): CodeIgniter\CodeIgniter->handleRequest(null, Object(Config\Cache), false)
 4 SYSTEMPATH\Boot.php(325): CodeIgniter\CodeIgniter->run()
 5 SYSTEMPATH\Boot.php(67): CodeIgniter\Boot::runCodeIgniter(Object(CodeIgniter\CodeIgniter))
 6 FCPATH\index.php(56): CodeIgniter\Boot::bootWeb(Object(Config\Paths))
WARNING - 2025-08-05 13:07:16 --> [DEPRECATED] Creation of dynamic property App\Controllers\MaterialController::$userValidation is deprecated in APPPATH\Controllers\MaterialController.php on line 20.
 1 SYSTEMPATH\CodeIgniter.php(903): App\Controllers\MaterialController->__construct()
 2 SYSTEMPATH\CodeIgniter.php(500): CodeIgniter\CodeIgniter->createController()
 3 SYSTEMPATH\CodeIgniter.php(355): CodeIgniter\CodeIgniter->handleRequest(null, Object(Config\Cache), false)
 4 SYSTEMPATH\Boot.php(325): CodeIgniter\CodeIgniter->run()
 5 SYSTEMPATH\Boot.php(67): CodeIgniter\Boot::runCodeIgniter(Object(CodeIgniter\CodeIgniter))
 6 FCPATH\index.php(56): CodeIgniter\Boot::bootWeb(Object(Config\Paths))
INFO - 2025-08-05 13:07:16 --> Session: Class initialized using 'CodeIgniter\Session\Handlers\FileHandler' driver.
WARNING - 2025-08-05 13:07:16 --> [DEPRECATED] Creation of dynamic property App\Controllers\MaterialController::$db is deprecated in APPPATH\Controllers\MaterialController.php on line 15.
 1 SYSTEMPATH\CodeIgniter.php(903): App\Controllers\MaterialController->__construct()
 2 SYSTEMPATH\CodeIgniter.php(500): CodeIgniter\CodeIgniter->createController()
 3 SYSTEMPATH\CodeIgniter.php(355): CodeIgniter\CodeIgniter->handleRequest(null, Object(Config\Cache), false)
 4 SYSTEMPATH\Boot.php(325): CodeIgniter\CodeIgniter->run()
 5 SYSTEMPATH\Boot.php(67): CodeIgniter\Boot::runCodeIgniter(Object(CodeIgniter\CodeIgniter))
 6 FCPATH\index.php(56): CodeIgniter\Boot::bootWeb(Object(Config\Paths))
WARNING - 2025-08-05 13:07:16 --> [DEPRECATED] Creation of dynamic property App\Controllers\MaterialController::$session is deprecated in APPPATH\Controllers\MaterialController.php on line 16.
 1 SYSTEMPATH\CodeIgniter.php(903): App\Controllers\MaterialController->__construct()
 2 SYSTEMPATH\CodeIgniter.php(500): CodeIgniter\CodeIgniter->createController()
 3 SYSTEMPATH\CodeIgniter.php(355): CodeIgniter\CodeIgniter->handleRequest(null, Object(Config\Cache), false)
 4 SYSTEMPATH\Boot.php(325): CodeIgniter\CodeIgniter->run()
 5 SYSTEMPATH\Boot.php(67): CodeIgniter\Boot::runCodeIgniter(Object(CodeIgniter\CodeIgniter))
 6 FCPATH\index.php(56): CodeIgniter\Boot::bootWeb(Object(Config\Paths))
WARNING - 2025-08-05 13:07:16 --> [DEPRECATED] Creation of dynamic property App\Controllers\MaterialController::$uri is deprecated in APPPATH\Controllers\MaterialController.php on line 17.
 1 SYSTEMPATH\CodeIgniter.php(903): App\Controllers\MaterialController->__construct()
 2 SYSTEMPATH\CodeIgniter.php(500): CodeIgniter\CodeIgniter->createController()
 3 SYSTEMPATH\CodeIgniter.php(355): CodeIgniter\CodeIgniter->handleRequest(null, Object(Config\Cache), false)
 4 SYSTEMPATH\Boot.php(325): CodeIgniter\CodeIgniter->run()
 5 SYSTEMPATH\Boot.php(67): CodeIgniter\Boot::runCodeIgniter(Object(CodeIgniter\CodeIgniter))
 6 FCPATH\index.php(56): CodeIgniter\Boot::bootWeb(Object(Config\Paths))
WARNING - 2025-08-05 13:07:16 --> [DEPRECATED] Creation of dynamic property App\Controllers\MaterialController::$form_validation is deprecated in APPPATH\Controllers\MaterialController.php on line 19.
 1 SYSTEMPATH\CodeIgniter.php(903): App\Controllers\MaterialController->__construct()
 2 SYSTEMPATH\CodeIgniter.php(500): CodeIgniter\CodeIgniter->createController()
 3 SYSTEMPATH\CodeIgniter.php(355): CodeIgniter\CodeIgniter->handleRequest(null, Object(Config\Cache), false)
 4 SYSTEMPATH\Boot.php(325): CodeIgniter\CodeIgniter->run()
 5 SYSTEMPATH\Boot.php(67): CodeIgniter\Boot::runCodeIgniter(Object(CodeIgniter\CodeIgniter))
 6 FCPATH\index.php(56): CodeIgniter\Boot::bootWeb(Object(Config\Paths))
WARNING - 2025-08-05 13:07:16 --> [DEPRECATED] Creation of dynamic property App\Controllers\MaterialController::$userValidation is deprecated in APPPATH\Controllers\MaterialController.php on line 20.
 1 SYSTEMPATH\CodeIgniter.php(903): App\Controllers\MaterialController->__construct()
 2 SYSTEMPATH\CodeIgniter.php(500): CodeIgniter\CodeIgniter->createController()
 3 SYSTEMPATH\CodeIgniter.php(355): CodeIgniter\CodeIgniter->handleRequest(null, Object(Config\Cache), false)
 4 SYSTEMPATH\Boot.php(325): CodeIgniter\CodeIgniter->run()
 5 SYSTEMPATH\Boot.php(67): CodeIgniter\Boot::runCodeIgniter(Object(CodeIgniter\CodeIgniter))
 6 FCPATH\index.php(56): CodeIgniter\Boot::bootWeb(Object(Config\Paths))
INFO - 2025-08-05 13:07:17 --> Session: Class initialized using 'CodeIgniter\Session\Handlers\FileHandler' driver.
WARNING - 2025-08-05 13:07:17 --> [DEPRECATED] Creation of dynamic property App\Controllers\MaterialController::$db is deprecated in APPPATH\Controllers\MaterialController.php on line 15.
 1 SYSTEMPATH\CodeIgniter.php(903): App\Controllers\MaterialController->__construct()
 2 SYSTEMPATH\CodeIgniter.php(500): CodeIgniter\CodeIgniter->createController()
 3 SYSTEMPATH\CodeIgniter.php(355): CodeIgniter\CodeIgniter->handleRequest(null, Object(Config\Cache), false)
 4 SYSTEMPATH\Boot.php(325): CodeIgniter\CodeIgniter->run()
 5 SYSTEMPATH\Boot.php(67): CodeIgniter\Boot::runCodeIgniter(Object(CodeIgniter\CodeIgniter))
 6 FCPATH\index.php(56): CodeIgniter\Boot::bootWeb(Object(Config\Paths))
WARNING - 2025-08-05 13:07:17 --> [DEPRECATED] Creation of dynamic property App\Controllers\MaterialController::$session is deprecated in APPPATH\Controllers\MaterialController.php on line 16.
 1 SYSTEMPATH\CodeIgniter.php(903): App\Controllers\MaterialController->__construct()
 2 SYSTEMPATH\CodeIgniter.php(500): CodeIgniter\CodeIgniter->createController()
 3 SYSTEMPATH\CodeIgniter.php(355): CodeIgniter\CodeIgniter->handleRequest(null, Object(Config\Cache), false)
 4 SYSTEMPATH\Boot.php(325): CodeIgniter\CodeIgniter->run()
 5 SYSTEMPATH\Boot.php(67): CodeIgniter\Boot::runCodeIgniter(Object(CodeIgniter\CodeIgniter))
 6 FCPATH\index.php(56): CodeIgniter\Boot::bootWeb(Object(Config\Paths))
WARNING - 2025-08-05 13:07:17 --> [DEPRECATED] Creation of dynamic property App\Controllers\MaterialController::$uri is deprecated in APPPATH\Controllers\MaterialController.php on line 17.
 1 SYSTEMPATH\CodeIgniter.php(903): App\Controllers\MaterialController->__construct()
 2 SYSTEMPATH\CodeIgniter.php(500): CodeIgniter\CodeIgniter->createController()
 3 SYSTEMPATH\CodeIgniter.php(355): CodeIgniter\CodeIgniter->handleRequest(null, Object(Config\Cache), false)
 4 SYSTEMPATH\Boot.php(325): CodeIgniter\CodeIgniter->run()
 5 SYSTEMPATH\Boot.php(67): CodeIgniter\Boot::runCodeIgniter(Object(CodeIgniter\CodeIgniter))
 6 FCPATH\index.php(56): CodeIgniter\Boot::bootWeb(Object(Config\Paths))
WARNING - 2025-08-05 13:07:17 --> [DEPRECATED] Creation of dynamic property App\Controllers\MaterialController::$form_validation is deprecated in APPPATH\Controllers\MaterialController.php on line 19.
 1 SYSTEMPATH\CodeIgniter.php(903): App\Controllers\MaterialController->__construct()
 2 SYSTEMPATH\CodeIgniter.php(500): CodeIgniter\CodeIgniter->createController()
 3 SYSTEMPATH\CodeIgniter.php(355): CodeIgniter\CodeIgniter->handleRequest(null, Object(Config\Cache), false)
 4 SYSTEMPATH\Boot.php(325): CodeIgniter\CodeIgniter->run()
 5 SYSTEMPATH\Boot.php(67): CodeIgniter\Boot::runCodeIgniter(Object(CodeIgniter\CodeIgniter))
 6 FCPATH\index.php(56): CodeIgniter\Boot::bootWeb(Object(Config\Paths))
WARNING - 2025-08-05 13:07:17 --> [DEPRECATED] Creation of dynamic property App\Controllers\MaterialController::$userValidation is deprecated in APPPATH\Controllers\MaterialController.php on line 20.
 1 SYSTEMPATH\CodeIgniter.php(903): App\Controllers\MaterialController->__construct()
 2 SYSTEMPATH\CodeIgniter.php(500): CodeIgniter\CodeIgniter->createController()
 3 SYSTEMPATH\CodeIgniter.php(355): CodeIgniter\CodeIgniter->handleRequest(null, Object(Config\Cache), false)
 4 SYSTEMPATH\Boot.php(325): CodeIgniter\CodeIgniter->run()
 5 SYSTEMPATH\Boot.php(67): CodeIgniter\Boot::runCodeIgniter(Object(CodeIgniter\CodeIgniter))
 6 FCPATH\index.php(56): CodeIgniter\Boot::bootWeb(Object(Config\Paths))
INFO - 2025-08-05 13:07:17 --> Session: Class initialized using 'CodeIgniter\Session\Handlers\FileHandler' driver.
WARNING - 2025-08-05 13:07:17 --> [DEPRECATED] Creation of dynamic property App\Controllers\MaterialController::$db is deprecated in APPPATH\Controllers\MaterialController.php on line 15.
 1 SYSTEMPATH\CodeIgniter.php(903): App\Controllers\MaterialController->__construct()
 2 SYSTEMPATH\CodeIgniter.php(500): CodeIgniter\CodeIgniter->createController()
 3 SYSTEMPATH\CodeIgniter.php(355): CodeIgniter\CodeIgniter->handleRequest(null, Object(Config\Cache), false)
 4 SYSTEMPATH\Boot.php(325): CodeIgniter\CodeIgniter->run()
 5 SYSTEMPATH\Boot.php(67): CodeIgniter\Boot::runCodeIgniter(Object(CodeIgniter\CodeIgniter))
 6 FCPATH\index.php(56): CodeIgniter\Boot::bootWeb(Object(Config\Paths))
WARNING - 2025-08-05 13:07:17 --> [DEPRECATED] Creation of dynamic property App\Controllers\MaterialController::$session is deprecated in APPPATH\Controllers\MaterialController.php on line 16.
 1 SYSTEMPATH\CodeIgniter.php(903): App\Controllers\MaterialController->__construct()
 2 SYSTEMPATH\CodeIgniter.php(500): CodeIgniter\CodeIgniter->createController()
 3 SYSTEMPATH\CodeIgniter.php(355): CodeIgniter\CodeIgniter->handleRequest(null, Object(Config\Cache), false)
 4 SYSTEMPATH\Boot.php(325): CodeIgniter\CodeIgniter->run()
 5 SYSTEMPATH\Boot.php(67): CodeIgniter\Boot::runCodeIgniter(Object(CodeIgniter\CodeIgniter))
 6 FCPATH\index.php(56): CodeIgniter\Boot::bootWeb(Object(Config\Paths))
WARNING - 2025-08-05 13:07:17 --> [DEPRECATED] Creation of dynamic property App\Controllers\MaterialController::$uri is deprecated in APPPATH\Controllers\MaterialController.php on line 17.
 1 SYSTEMPATH\CodeIgniter.php(903): App\Controllers\MaterialController->__construct()
 2 SYSTEMPATH\CodeIgniter.php(500): CodeIgniter\CodeIgniter->createController()
 3 SYSTEMPATH\CodeIgniter.php(355): CodeIgniter\CodeIgniter->handleRequest(null, Object(Config\Cache), false)
 4 SYSTEMPATH\Boot.php(325): CodeIgniter\CodeIgniter->run()
 5 SYSTEMPATH\Boot.php(67): CodeIgniter\Boot::runCodeIgniter(Object(CodeIgniter\CodeIgniter))
 6 FCPATH\index.php(56): CodeIgniter\Boot::bootWeb(Object(Config\Paths))
WARNING - 2025-08-05 13:07:17 --> [DEPRECATED] Creation of dynamic property App\Controllers\MaterialController::$form_validation is deprecated in APPPATH\Controllers\MaterialController.php on line 19.
 1 SYSTEMPATH\CodeIgniter.php(903): App\Controllers\MaterialController->__construct()
 2 SYSTEMPATH\CodeIgniter.php(500): CodeIgniter\CodeIgniter->createController()
 3 SYSTEMPATH\CodeIgniter.php(355): CodeIgniter\CodeIgniter->handleRequest(null, Object(Config\Cache), false)
 4 SYSTEMPATH\Boot.php(325): CodeIgniter\CodeIgniter->run()
 5 SYSTEMPATH\Boot.php(67): CodeIgniter\Boot::runCodeIgniter(Object(CodeIgniter\CodeIgniter))
 6 FCPATH\index.php(56): CodeIgniter\Boot::bootWeb(Object(Config\Paths))
WARNING - 2025-08-05 13:07:17 --> [DEPRECATED] Creation of dynamic property App\Controllers\MaterialController::$userValidation is deprecated in APPPATH\Controllers\MaterialController.php on line 20.
 1 SYSTEMPATH\CodeIgniter.php(903): App\Controllers\MaterialController->__construct()
 2 SYSTEMPATH\CodeIgniter.php(500): CodeIgniter\CodeIgniter->createController()
 3 SYSTEMPATH\CodeIgniter.php(355): CodeIgniter\CodeIgniter->handleRequest(null, Object(Config\Cache), false)
 4 SYSTEMPATH\Boot.php(325): CodeIgniter\CodeIgniter->run()
 5 SYSTEMPATH\Boot.php(67): CodeIgniter\Boot::runCodeIgniter(Object(CodeIgniter\CodeIgniter))
 6 FCPATH\index.php(56): CodeIgniter\Boot::bootWeb(Object(Config\Paths))
INFO - 2025-08-05 13:07:18 --> Session: Class initialized using 'CodeIgniter\Session\Handlers\FileHandler' driver.
WARNING - 2025-08-05 13:07:18 --> [DEPRECATED] Creation of dynamic property App\Controllers\MaterialController::$db is deprecated in APPPATH\Controllers\MaterialController.php on line 15.
 1 SYSTEMPATH\CodeIgniter.php(903): App\Controllers\MaterialController->__construct()
 2 SYSTEMPATH\CodeIgniter.php(500): CodeIgniter\CodeIgniter->createController()
 3 SYSTEMPATH\CodeIgniter.php(355): CodeIgniter\CodeIgniter->handleRequest(null, Object(Config\Cache), false)
 4 SYSTEMPATH\Boot.php(325): CodeIgniter\CodeIgniter->run()
 5 SYSTEMPATH\Boot.php(67): CodeIgniter\Boot::runCodeIgniter(Object(CodeIgniter\CodeIgniter))
 6 FCPATH\index.php(56): CodeIgniter\Boot::bootWeb(Object(Config\Paths))
WARNING - 2025-08-05 13:07:18 --> [DEPRECATED] Creation of dynamic property App\Controllers\MaterialController::$session is deprecated in APPPATH\Controllers\MaterialController.php on line 16.
 1 SYSTEMPATH\CodeIgniter.php(903): App\Controllers\MaterialController->__construct()
 2 SYSTEMPATH\CodeIgniter.php(500): CodeIgniter\CodeIgniter->createController()
 3 SYSTEMPATH\CodeIgniter.php(355): CodeIgniter\CodeIgniter->handleRequest(null, Object(Config\Cache), false)
 4 SYSTEMPATH\Boot.php(325): CodeIgniter\CodeIgniter->run()
 5 SYSTEMPATH\Boot.php(67): CodeIgniter\Boot::runCodeIgniter(Object(CodeIgniter\CodeIgniter))
 6 FCPATH\index.php(56): CodeIgniter\Boot::bootWeb(Object(Config\Paths))
WARNING - 2025-08-05 13:07:18 --> [DEPRECATED] Creation of dynamic property App\Controllers\MaterialController::$uri is deprecated in APPPATH\Controllers\MaterialController.php on line 17.
 1 SYSTEMPATH\CodeIgniter.php(903): App\Controllers\MaterialController->__construct()
 2 SYSTEMPATH\CodeIgniter.php(500): CodeIgniter\CodeIgniter->createController()
 3 SYSTEMPATH\CodeIgniter.php(355): CodeIgniter\CodeIgniter->handleRequest(null, Object(Config\Cache), false)
 4 SYSTEMPATH\Boot.php(325): CodeIgniter\CodeIgniter->run()
 5 SYSTEMPATH\Boot.php(67): CodeIgniter\Boot::runCodeIgniter(Object(CodeIgniter\CodeIgniter))
 6 FCPATH\index.php(56): CodeIgniter\Boot::bootWeb(Object(Config\Paths))
WARNING - 2025-08-05 13:07:18 --> [DEPRECATED] Creation of dynamic property App\Controllers\MaterialController::$form_validation is deprecated in APPPATH\Controllers\MaterialController.php on line 19.
 1 SYSTEMPATH\CodeIgniter.php(903): App\Controllers\MaterialController->__construct()
 2 SYSTEMPATH\CodeIgniter.php(500): CodeIgniter\CodeIgniter->createController()
 3 SYSTEMPATH\CodeIgniter.php(355): CodeIgniter\CodeIgniter->handleRequest(null, Object(Config\Cache), false)
 4 SYSTEMPATH\Boot.php(325): CodeIgniter\CodeIgniter->run()
 5 SYSTEMPATH\Boot.php(67): CodeIgniter\Boot::runCodeIgniter(Object(CodeIgniter\CodeIgniter))
 6 FCPATH\index.php(56): CodeIgniter\Boot::bootWeb(Object(Config\Paths))
WARNING - 2025-08-05 13:07:18 --> [DEPRECATED] Creation of dynamic property App\Controllers\MaterialController::$userValidation is deprecated in APPPATH\Controllers\MaterialController.php on line 20.
 1 SYSTEMPATH\CodeIgniter.php(903): App\Controllers\MaterialController->__construct()
 2 SYSTEMPATH\CodeIgniter.php(500): CodeIgniter\CodeIgniter->createController()
 3 SYSTEMPATH\CodeIgniter.php(355): CodeIgniter\CodeIgniter->handleRequest(null, Object(Config\Cache), false)
 4 SYSTEMPATH\Boot.php(325): CodeIgniter\CodeIgniter->run()
 5 SYSTEMPATH\Boot.php(67): CodeIgniter\Boot::runCodeIgniter(Object(CodeIgniter\CodeIgniter))
 6 FCPATH\index.php(56): CodeIgniter\Boot::bootWeb(Object(Config\Paths))
INFO - 2025-08-05 13:07:18 --> Session: Class initialized using 'CodeIgniter\Session\Handlers\FileHandler' driver.
WARNING - 2025-08-05 13:07:18 --> [DEPRECATED] Creation of dynamic property App\Controllers\MaterialController::$db is deprecated in APPPATH\Controllers\MaterialController.php on line 15.
 1 SYSTEMPATH\CodeIgniter.php(903): App\Controllers\MaterialController->__construct()
 2 SYSTEMPATH\CodeIgniter.php(500): CodeIgniter\CodeIgniter->createController()
 3 SYSTEMPATH\CodeIgniter.php(355): CodeIgniter\CodeIgniter->handleRequest(null, Object(Config\Cache), false)
 4 SYSTEMPATH\Boot.php(325): CodeIgniter\CodeIgniter->run()
 5 SYSTEMPATH\Boot.php(67): CodeIgniter\Boot::runCodeIgniter(Object(CodeIgniter\CodeIgniter))
 6 FCPATH\index.php(56): CodeIgniter\Boot::bootWeb(Object(Config\Paths))
WARNING - 2025-08-05 13:07:18 --> [DEPRECATED] Creation of dynamic property App\Controllers\MaterialController::$session is deprecated in APPPATH\Controllers\MaterialController.php on line 16.
 1 SYSTEMPATH\CodeIgniter.php(903): App\Controllers\MaterialController->__construct()
 2 SYSTEMPATH\CodeIgniter.php(500): CodeIgniter\CodeIgniter->createController()
 3 SYSTEMPATH\CodeIgniter.php(355): CodeIgniter\CodeIgniter->handleRequest(null, Object(Config\Cache), false)
 4 SYSTEMPATH\Boot.php(325): CodeIgniter\CodeIgniter->run()
 5 SYSTEMPATH\Boot.php(67): CodeIgniter\Boot::runCodeIgniter(Object(CodeIgniter\CodeIgniter))
 6 FCPATH\index.php(56): CodeIgniter\Boot::bootWeb(Object(Config\Paths))
WARNING - 2025-08-05 13:07:18 --> [DEPRECATED] Creation of dynamic property App\Controllers\MaterialController::$uri is deprecated in APPPATH\Controllers\MaterialController.php on line 17.
 1 SYSTEMPATH\CodeIgniter.php(903): App\Controllers\MaterialController->__construct()
 2 SYSTEMPATH\CodeIgniter.php(500): CodeIgniter\CodeIgniter->createController()
 3 SYSTEMPATH\CodeIgniter.php(355): CodeIgniter\CodeIgniter->handleRequest(null, Object(Config\Cache), false)
 4 SYSTEMPATH\Boot.php(325): CodeIgniter\CodeIgniter->run()
 5 SYSTEMPATH\Boot.php(67): CodeIgniter\Boot::runCodeIgniter(Object(CodeIgniter\CodeIgniter))
 6 FCPATH\index.php(56): CodeIgniter\Boot::bootWeb(Object(Config\Paths))
WARNING - 2025-08-05 13:07:18 --> [DEPRECATED] Creation of dynamic property App\Controllers\MaterialController::$form_validation is deprecated in APPPATH\Controllers\MaterialController.php on line 19.
 1 SYSTEMPATH\CodeIgniter.php(903): App\Controllers\MaterialController->__construct()
 2 SYSTEMPATH\CodeIgniter.php(500): CodeIgniter\CodeIgniter->createController()
 3 SYSTEMPATH\CodeIgniter.php(355): CodeIgniter\CodeIgniter->handleRequest(null, Object(Config\Cache), false)
 4 SYSTEMPATH\Boot.php(325): CodeIgniter\CodeIgniter->run()
 5 SYSTEMPATH\Boot.php(67): CodeIgniter\Boot::runCodeIgniter(Object(CodeIgniter\CodeIgniter))
 6 FCPATH\index.php(56): CodeIgniter\Boot::bootWeb(Object(Config\Paths))
WARNING - 2025-08-05 13:07:18 --> [DEPRECATED] Creation of dynamic property App\Controllers\MaterialController::$userValidation is deprecated in APPPATH\Controllers\MaterialController.php on line 20.
 1 SYSTEMPATH\CodeIgniter.php(903): App\Controllers\MaterialController->__construct()
 2 SYSTEMPATH\CodeIgniter.php(500): CodeIgniter\CodeIgniter->createController()
 3 SYSTEMPATH\CodeIgniter.php(355): CodeIgniter\CodeIgniter->handleRequest(null, Object(Config\Cache), false)
 4 SYSTEMPATH\Boot.php(325): CodeIgniter\CodeIgniter->run()
 5 SYSTEMPATH\Boot.php(67): CodeIgniter\Boot::runCodeIgniter(Object(CodeIgniter\CodeIgniter))
 6 FCPATH\index.php(56): CodeIgniter\Boot::bootWeb(Object(Config\Paths))
INFO - 2025-08-05 13:07:21 --> Session: Class initialized using 'CodeIgniter\Session\Handlers\FileHandler' driver.
WARNING - 2025-08-05 13:07:21 --> [DEPRECATED] Creation of dynamic property App\Controllers\MaterialController::$db is deprecated in APPPATH\Controllers\MaterialController.php on line 15.
 1 SYSTEMPATH\CodeIgniter.php(903): App\Controllers\MaterialController->__construct()
 2 SYSTEMPATH\CodeIgniter.php(500): CodeIgniter\CodeIgniter->createController()
 3 SYSTEMPATH\CodeIgniter.php(355): CodeIgniter\CodeIgniter->handleRequest(null, Object(Config\Cache), false)
 4 SYSTEMPATH\Boot.php(325): CodeIgniter\CodeIgniter->run()
 5 SYSTEMPATH\Boot.php(67): CodeIgniter\Boot::runCodeIgniter(Object(CodeIgniter\CodeIgniter))
 6 FCPATH\index.php(56): CodeIgniter\Boot::bootWeb(Object(Config\Paths))
WARNING - 2025-08-05 13:07:21 --> [DEPRECATED] Creation of dynamic property App\Controllers\MaterialController::$session is deprecated in APPPATH\Controllers\MaterialController.php on line 16.
 1 SYSTEMPATH\CodeIgniter.php(903): App\Controllers\MaterialController->__construct()
 2 SYSTEMPATH\CodeIgniter.php(500): CodeIgniter\CodeIgniter->createController()
 3 SYSTEMPATH\CodeIgniter.php(355): CodeIgniter\CodeIgniter->handleRequest(null, Object(Config\Cache), false)
 4 SYSTEMPATH\Boot.php(325): CodeIgniter\CodeIgniter->run()
 5 SYSTEMPATH\Boot.php(67): CodeIgniter\Boot::runCodeIgniter(Object(CodeIgniter\CodeIgniter))
 6 FCPATH\index.php(56): CodeIgniter\Boot::bootWeb(Object(Config\Paths))
WARNING - 2025-08-05 13:07:21 --> [DEPRECATED] Creation of dynamic property App\Controllers\MaterialController::$uri is deprecated in APPPATH\Controllers\MaterialController.php on line 17.
 1 SYSTEMPATH\CodeIgniter.php(903): App\Controllers\MaterialController->__construct()
 2 SYSTEMPATH\CodeIgniter.php(500): CodeIgniter\CodeIgniter->createController()
 3 SYSTEMPATH\CodeIgniter.php(355): CodeIgniter\CodeIgniter->handleRequest(null, Object(Config\Cache), false)
 4 SYSTEMPATH\Boot.php(325): CodeIgniter\CodeIgniter->run()
 5 SYSTEMPATH\Boot.php(67): CodeIgniter\Boot::runCodeIgniter(Object(CodeIgniter\CodeIgniter))
 6 FCPATH\index.php(56): CodeIgniter\Boot::bootWeb(Object(Config\Paths))
WARNING - 2025-08-05 13:07:21 --> [DEPRECATED] Creation of dynamic property App\Controllers\MaterialController::$form_validation is deprecated in APPPATH\Controllers\MaterialController.php on line 19.
 1 SYSTEMPATH\CodeIgniter.php(903): App\Controllers\MaterialController->__construct()
 2 SYSTEMPATH\CodeIgniter.php(500): CodeIgniter\CodeIgniter->createController()
 3 SYSTEMPATH\CodeIgniter.php(355): CodeIgniter\CodeIgniter->handleRequest(null, Object(Config\Cache), false)
 4 SYSTEMPATH\Boot.php(325): CodeIgniter\CodeIgniter->run()
 5 SYSTEMPATH\Boot.php(67): CodeIgniter\Boot::runCodeIgniter(Object(CodeIgniter\CodeIgniter))
 6 FCPATH\index.php(56): CodeIgniter\Boot::bootWeb(Object(Config\Paths))
WARNING - 2025-08-05 13:07:21 --> [DEPRECATED] Creation of dynamic property App\Controllers\MaterialController::$userValidation is deprecated in APPPATH\Controllers\MaterialController.php on line 20.
 1 SYSTEMPATH\CodeIgniter.php(903): App\Controllers\MaterialController->__construct()
 2 SYSTEMPATH\CodeIgniter.php(500): CodeIgniter\CodeIgniter->createController()
 3 SYSTEMPATH\CodeIgniter.php(355): CodeIgniter\CodeIgniter->handleRequest(null, Object(Config\Cache), false)
 4 SYSTEMPATH\Boot.php(325): CodeIgniter\CodeIgniter->run()
 5 SYSTEMPATH\Boot.php(67): CodeIgniter\Boot::runCodeIgniter(Object(CodeIgniter\CodeIgniter))
 6 FCPATH\index.php(56): CodeIgniter\Boot::bootWeb(Object(Config\Paths))
INFO - 2025-08-05 13:07:21 --> Session: Class initialized using 'CodeIgniter\Session\Handlers\FileHandler' driver.
WARNING - 2025-08-05 13:07:21 --> [DEPRECATED] Creation of dynamic property App\Controllers\MaterialController::$db is deprecated in APPPATH\Controllers\MaterialController.php on line 15.
 1 SYSTEMPATH\CodeIgniter.php(903): App\Controllers\MaterialController->__construct()
 2 SYSTEMPATH\CodeIgniter.php(500): CodeIgniter\CodeIgniter->createController()
 3 SYSTEMPATH\CodeIgniter.php(355): CodeIgniter\CodeIgniter->handleRequest(null, Object(Config\Cache), false)
 4 SYSTEMPATH\Boot.php(325): CodeIgniter\CodeIgniter->run()
 5 SYSTEMPATH\Boot.php(67): CodeIgniter\Boot::runCodeIgniter(Object(CodeIgniter\CodeIgniter))
 6 FCPATH\index.php(56): CodeIgniter\Boot::bootWeb(Object(Config\Paths))
WARNING - 2025-08-05 13:07:21 --> [DEPRECATED] Creation of dynamic property App\Controllers\MaterialController::$session is deprecated in APPPATH\Controllers\MaterialController.php on line 16.
 1 SYSTEMPATH\CodeIgniter.php(903): App\Controllers\MaterialController->__construct()
 2 SYSTEMPATH\CodeIgniter.php(500): CodeIgniter\CodeIgniter->createController()
 3 SYSTEMPATH\CodeIgniter.php(355): CodeIgniter\CodeIgniter->handleRequest(null, Object(Config\Cache), false)
 4 SYSTEMPATH\Boot.php(325): CodeIgniter\CodeIgniter->run()
 5 SYSTEMPATH\Boot.php(67): CodeIgniter\Boot::runCodeIgniter(Object(CodeIgniter\CodeIgniter))
 6 FCPATH\index.php(56): CodeIgniter\Boot::bootWeb(Object(Config\Paths))
WARNING - 2025-08-05 13:07:21 --> [DEPRECATED] Creation of dynamic property App\Controllers\MaterialController::$uri is deprecated in APPPATH\Controllers\MaterialController.php on line 17.
 1 SYSTEMPATH\CodeIgniter.php(903): App\Controllers\MaterialController->__construct()
 2 SYSTEMPATH\CodeIgniter.php(500): CodeIgniter\CodeIgniter->createController()
 3 SYSTEMPATH\CodeIgniter.php(355): CodeIgniter\CodeIgniter->handleRequest(null, Object(Config\Cache), false)
 4 SYSTEMPATH\Boot.php(325): CodeIgniter\CodeIgniter->run()
 5 SYSTEMPATH\Boot.php(67): CodeIgniter\Boot::runCodeIgniter(Object(CodeIgniter\CodeIgniter))
 6 FCPATH\index.php(56): CodeIgniter\Boot::bootWeb(Object(Config\Paths))
WARNING - 2025-08-05 13:07:21 --> [DEPRECATED] Creation of dynamic property App\Controllers\MaterialController::$form_validation is deprecated in APPPATH\Controllers\MaterialController.php on line 19.
 1 SYSTEMPATH\CodeIgniter.php(903): App\Controllers\MaterialController->__construct()
 2 SYSTEMPATH\CodeIgniter.php(500): CodeIgniter\CodeIgniter->createController()
 3 SYSTEMPATH\CodeIgniter.php(355): CodeIgniter\CodeIgniter->handleRequest(null, Object(Config\Cache), false)
 4 SYSTEMPATH\Boot.php(325): CodeIgniter\CodeIgniter->run()
 5 SYSTEMPATH\Boot.php(67): CodeIgniter\Boot::runCodeIgniter(Object(CodeIgniter\CodeIgniter))
 6 FCPATH\index.php(56): CodeIgniter\Boot::bootWeb(Object(Config\Paths))
WARNING - 2025-08-05 13:07:21 --> [DEPRECATED] Creation of dynamic property App\Controllers\MaterialController::$userValidation is deprecated in APPPATH\Controllers\MaterialController.php on line 20.
 1 SYSTEMPATH\CodeIgniter.php(903): App\Controllers\MaterialController->__construct()
 2 SYSTEMPATH\CodeIgniter.php(500): CodeIgniter\CodeIgniter->createController()
 3 SYSTEMPATH\CodeIgniter.php(355): CodeIgniter\CodeIgniter->handleRequest(null, Object(Config\Cache), false)
 4 SYSTEMPATH\Boot.php(325): CodeIgniter\CodeIgniter->run()
 5 SYSTEMPATH\Boot.php(67): CodeIgniter\Boot::runCodeIgniter(Object(CodeIgniter\CodeIgniter))
 6 FCPATH\index.php(56): CodeIgniter\Boot::bootWeb(Object(Config\Paths))
INFO - 2025-08-05 13:07:22 --> Session: Class initialized using 'CodeIgniter\Session\Handlers\FileHandler' driver.
WARNING - 2025-08-05 13:07:22 --> [DEPRECATED] Creation of dynamic property App\Controllers\MaterialController::$db is deprecated in APPPATH\Controllers\MaterialController.php on line 15.
 1 SYSTEMPATH\CodeIgniter.php(903): App\Controllers\MaterialController->__construct()
 2 SYSTEMPATH\CodeIgniter.php(500): CodeIgniter\CodeIgniter->createController()
 3 SYSTEMPATH\CodeIgniter.php(355): CodeIgniter\CodeIgniter->handleRequest(null, Object(Config\Cache), false)
 4 SYSTEMPATH\Boot.php(325): CodeIgniter\CodeIgniter->run()
 5 SYSTEMPATH\Boot.php(67): CodeIgniter\Boot::runCodeIgniter(Object(CodeIgniter\CodeIgniter))
 6 FCPATH\index.php(56): CodeIgniter\Boot::bootWeb(Object(Config\Paths))
WARNING - 2025-08-05 13:07:22 --> [DEPRECATED] Creation of dynamic property App\Controllers\MaterialController::$session is deprecated in APPPATH\Controllers\MaterialController.php on line 16.
 1 SYSTEMPATH\CodeIgniter.php(903): App\Controllers\MaterialController->__construct()
 2 SYSTEMPATH\CodeIgniter.php(500): CodeIgniter\CodeIgniter->createController()
 3 SYSTEMPATH\CodeIgniter.php(355): CodeIgniter\CodeIgniter->handleRequest(null, Object(Config\Cache), false)
 4 SYSTEMPATH\Boot.php(325): CodeIgniter\CodeIgniter->run()
 5 SYSTEMPATH\Boot.php(67): CodeIgniter\Boot::runCodeIgniter(Object(CodeIgniter\CodeIgniter))
 6 FCPATH\index.php(56): CodeIgniter\Boot::bootWeb(Object(Config\Paths))
WARNING - 2025-08-05 13:07:22 --> [DEPRECATED] Creation of dynamic property App\Controllers\MaterialController::$uri is deprecated in APPPATH\Controllers\MaterialController.php on line 17.
 1 SYSTEMPATH\CodeIgniter.php(903): App\Controllers\MaterialController->__construct()
 2 SYSTEMPATH\CodeIgniter.php(500): CodeIgniter\CodeIgniter->createController()
 3 SYSTEMPATH\CodeIgniter.php(355): CodeIgniter\CodeIgniter->handleRequest(null, Object(Config\Cache), false)
 4 SYSTEMPATH\Boot.php(325): CodeIgniter\CodeIgniter->run()
 5 SYSTEMPATH\Boot.php(67): CodeIgniter\Boot::runCodeIgniter(Object(CodeIgniter\CodeIgniter))
 6 FCPATH\index.php(56): CodeIgniter\Boot::bootWeb(Object(Config\Paths))
WARNING - 2025-08-05 13:07:22 --> [DEPRECATED] Creation of dynamic property App\Controllers\MaterialController::$form_validation is deprecated in APPPATH\Controllers\MaterialController.php on line 19.
 1 SYSTEMPATH\CodeIgniter.php(903): App\Controllers\MaterialController->__construct()
 2 SYSTEMPATH\CodeIgniter.php(500): CodeIgniter\CodeIgniter->createController()
 3 SYSTEMPATH\CodeIgniter.php(355): CodeIgniter\CodeIgniter->handleRequest(null, Object(Config\Cache), false)
 4 SYSTEMPATH\Boot.php(325): CodeIgniter\CodeIgniter->run()
 5 SYSTEMPATH\Boot.php(67): CodeIgniter\Boot::runCodeIgniter(Object(CodeIgniter\CodeIgniter))
 6 FCPATH\index.php(56): CodeIgniter\Boot::bootWeb(Object(Config\Paths))
WARNING - 2025-08-05 13:07:22 --> [DEPRECATED] Creation of dynamic property App\Controllers\MaterialController::$userValidation is deprecated in APPPATH\Controllers\MaterialController.php on line 20.
 1 SYSTEMPATH\CodeIgniter.php(903): App\Controllers\MaterialController->__construct()
 2 SYSTEMPATH\CodeIgniter.php(500): CodeIgniter\CodeIgniter->createController()
 3 SYSTEMPATH\CodeIgniter.php(355): CodeIgniter\CodeIgniter->handleRequest(null, Object(Config\Cache), false)
 4 SYSTEMPATH\Boot.php(325): CodeIgniter\CodeIgniter->run()
 5 SYSTEMPATH\Boot.php(67): CodeIgniter\Boot::runCodeIgniter(Object(CodeIgniter\CodeIgniter))
 6 FCPATH\index.php(56): CodeIgniter\Boot::bootWeb(Object(Config\Paths))
INFO - 2025-08-05 13:07:26 --> Session: Class initialized using 'CodeIgniter\Session\Handlers\FileHandler' driver.
WARNING - 2025-08-05 13:07:26 --> [DEPRECATED] Creation of dynamic property App\Controllers\MaterialController::$db is deprecated in APPPATH\Controllers\MaterialController.php on line 15.
 1 SYSTEMPATH\CodeIgniter.php(903): App\Controllers\MaterialController->__construct()
 2 SYSTEMPATH\CodeIgniter.php(500): CodeIgniter\CodeIgniter->createController()
 3 SYSTEMPATH\CodeIgniter.php(355): CodeIgniter\CodeIgniter->handleRequest(null, Object(Config\Cache), false)
 4 SYSTEMPATH\Boot.php(325): CodeIgniter\CodeIgniter->run()
 5 SYSTEMPATH\Boot.php(67): CodeIgniter\Boot::runCodeIgniter(Object(CodeIgniter\CodeIgniter))
 6 FCPATH\index.php(56): CodeIgniter\Boot::bootWeb(Object(Config\Paths))
WARNING - 2025-08-05 13:07:26 --> [DEPRECATED] Creation of dynamic property App\Controllers\MaterialController::$session is deprecated in APPPATH\Controllers\MaterialController.php on line 16.
 1 SYSTEMPATH\CodeIgniter.php(903): App\Controllers\MaterialController->__construct()
 2 SYSTEMPATH\CodeIgniter.php(500): CodeIgniter\CodeIgniter->createController()
 3 SYSTEMPATH\CodeIgniter.php(355): CodeIgniter\CodeIgniter->handleRequest(null, Object(Config\Cache), false)
 4 SYSTEMPATH\Boot.php(325): CodeIgniter\CodeIgniter->run()
 5 SYSTEMPATH\Boot.php(67): CodeIgniter\Boot::runCodeIgniter(Object(CodeIgniter\CodeIgniter))
 6 FCPATH\index.php(56): CodeIgniter\Boot::bootWeb(Object(Config\Paths))
WARNING - 2025-08-05 13:07:26 --> [DEPRECATED] Creation of dynamic property App\Controllers\MaterialController::$uri is deprecated in APPPATH\Controllers\MaterialController.php on line 17.
 1 SYSTEMPATH\CodeIgniter.php(903): App\Controllers\MaterialController->__construct()
 2 SYSTEMPATH\CodeIgniter.php(500): CodeIgniter\CodeIgniter->createController()
 3 SYSTEMPATH\CodeIgniter.php(355): CodeIgniter\CodeIgniter->handleRequest(null, Object(Config\Cache), false)
 4 SYSTEMPATH\Boot.php(325): CodeIgniter\CodeIgniter->run()
 5 SYSTEMPATH\Boot.php(67): CodeIgniter\Boot::runCodeIgniter(Object(CodeIgniter\CodeIgniter))
 6 FCPATH\index.php(56): CodeIgniter\Boot::bootWeb(Object(Config\Paths))
WARNING - 2025-08-05 13:07:26 --> [DEPRECATED] Creation of dynamic property App\Controllers\MaterialController::$form_validation is deprecated in APPPATH\Controllers\MaterialController.php on line 19.
 1 SYSTEMPATH\CodeIgniter.php(903): App\Controllers\MaterialController->__construct()
 2 SYSTEMPATH\CodeIgniter.php(500): CodeIgniter\CodeIgniter->createController()
 3 SYSTEMPATH\CodeIgniter.php(355): CodeIgniter\CodeIgniter->handleRequest(null, Object(Config\Cache), false)
 4 SYSTEMPATH\Boot.php(325): CodeIgniter\CodeIgniter->run()
 5 SYSTEMPATH\Boot.php(67): CodeIgniter\Boot::runCodeIgniter(Object(CodeIgniter\CodeIgniter))
 6 FCPATH\index.php(56): CodeIgniter\Boot::bootWeb(Object(Config\Paths))
WARNING - 2025-08-05 13:07:26 --> [DEPRECATED] Creation of dynamic property App\Controllers\MaterialController::$userValidation is deprecated in APPPATH\Controllers\MaterialController.php on line 20.
 1 SYSTEMPATH\CodeIgniter.php(903): App\Controllers\MaterialController->__construct()
 2 SYSTEMPATH\CodeIgniter.php(500): CodeIgniter\CodeIgniter->createController()
 3 SYSTEMPATH\CodeIgniter.php(355): CodeIgniter\CodeIgniter->handleRequest(null, Object(Config\Cache), false)
 4 SYSTEMPATH\Boot.php(325): CodeIgniter\CodeIgniter->run()
 5 SYSTEMPATH\Boot.php(67): CodeIgniter\Boot::runCodeIgniter(Object(CodeIgniter\CodeIgniter))
 6 FCPATH\index.php(56): CodeIgniter\Boot::bootWeb(Object(Config\Paths))
INFO - 2025-08-05 13:07:27 --> Session: Class initialized using 'CodeIgniter\Session\Handlers\FileHandler' driver.
WARNING - 2025-08-05 13:07:27 --> [DEPRECATED] Creation of dynamic property App\Controllers\MaterialController::$db is deprecated in APPPATH\Controllers\MaterialController.php on line 15.
 1 SYSTEMPATH\CodeIgniter.php(903): App\Controllers\MaterialController->__construct()
 2 SYSTEMPATH\CodeIgniter.php(500): CodeIgniter\CodeIgniter->createController()
 3 SYSTEMPATH\CodeIgniter.php(355): CodeIgniter\CodeIgniter->handleRequest(null, Object(Config\Cache), false)
 4 SYSTEMPATH\Boot.php(325): CodeIgniter\CodeIgniter->run()
 5 SYSTEMPATH\Boot.php(67): CodeIgniter\Boot::runCodeIgniter(Object(CodeIgniter\CodeIgniter))
 6 FCPATH\index.php(56): CodeIgniter\Boot::bootWeb(Object(Config\Paths))
WARNING - 2025-08-05 13:07:27 --> [DEPRECATED] Creation of dynamic property App\Controllers\MaterialController::$session is deprecated in APPPATH\Controllers\MaterialController.php on line 16.
 1 SYSTEMPATH\CodeIgniter.php(903): App\Controllers\MaterialController->__construct()
 2 SYSTEMPATH\CodeIgniter.php(500): CodeIgniter\CodeIgniter->createController()
 3 SYSTEMPATH\CodeIgniter.php(355): CodeIgniter\CodeIgniter->handleRequest(null, Object(Config\Cache), false)
 4 SYSTEMPATH\Boot.php(325): CodeIgniter\CodeIgniter->run()
 5 SYSTEMPATH\Boot.php(67): CodeIgniter\Boot::runCodeIgniter(Object(CodeIgniter\CodeIgniter))
 6 FCPATH\index.php(56): CodeIgniter\Boot::bootWeb(Object(Config\Paths))
WARNING - 2025-08-05 13:07:27 --> [DEPRECATED] Creation of dynamic property App\Controllers\MaterialController::$uri is deprecated in APPPATH\Controllers\MaterialController.php on line 17.
 1 SYSTEMPATH\CodeIgniter.php(903): App\Controllers\MaterialController->__construct()
 2 SYSTEMPATH\CodeIgniter.php(500): CodeIgniter\CodeIgniter->createController()
 3 SYSTEMPATH\CodeIgniter.php(355): CodeIgniter\CodeIgniter->handleRequest(null, Object(Config\Cache), false)
 4 SYSTEMPATH\Boot.php(325): CodeIgniter\CodeIgniter->run()
 5 SYSTEMPATH\Boot.php(67): CodeIgniter\Boot::runCodeIgniter(Object(CodeIgniter\CodeIgniter))
 6 FCPATH\index.php(56): CodeIgniter\Boot::bootWeb(Object(Config\Paths))
WARNING - 2025-08-05 13:07:27 --> [DEPRECATED] Creation of dynamic property App\Controllers\MaterialController::$form_validation is deprecated in APPPATH\Controllers\MaterialController.php on line 19.
 1 SYSTEMPATH\CodeIgniter.php(903): App\Controllers\MaterialController->__construct()
 2 SYSTEMPATH\CodeIgniter.php(500): CodeIgniter\CodeIgniter->createController()
 3 SYSTEMPATH\CodeIgniter.php(355): CodeIgniter\CodeIgniter->handleRequest(null, Object(Config\Cache), false)
 4 SYSTEMPATH\Boot.php(325): CodeIgniter\CodeIgniter->run()
 5 SYSTEMPATH\Boot.php(67): CodeIgniter\Boot::runCodeIgniter(Object(CodeIgniter\CodeIgniter))
 6 FCPATH\index.php(56): CodeIgniter\Boot::bootWeb(Object(Config\Paths))
WARNING - 2025-08-05 13:07:27 --> [DEPRECATED] Creation of dynamic property App\Controllers\MaterialController::$userValidation is deprecated in APPPATH\Controllers\MaterialController.php on line 20.
 1 SYSTEMPATH\CodeIgniter.php(903): App\Controllers\MaterialController->__construct()
 2 SYSTEMPATH\CodeIgniter.php(500): CodeIgniter\CodeIgniter->createController()
 3 SYSTEMPATH\CodeIgniter.php(355): CodeIgniter\CodeIgniter->handleRequest(null, Object(Config\Cache), false)
 4 SYSTEMPATH\Boot.php(325): CodeIgniter\CodeIgniter->run()
 5 SYSTEMPATH\Boot.php(67): CodeIgniter\Boot::runCodeIgniter(Object(CodeIgniter\CodeIgniter))
 6 FCPATH\index.php(56): CodeIgniter\Boot::bootWeb(Object(Config\Paths))
INFO - 2025-08-05 13:07:28 --> Session: Class initialized using 'CodeIgniter\Session\Handlers\FileHandler' driver.
WARNING - 2025-08-05 13:07:28 --> [DEPRECATED] Creation of dynamic property App\Controllers\MaterialController::$db is deprecated in APPPATH\Controllers\MaterialController.php on line 15.
 1 SYSTEMPATH\CodeIgniter.php(903): App\Controllers\MaterialController->__construct()
 2 SYSTEMPATH\CodeIgniter.php(500): CodeIgniter\CodeIgniter->createController()
 3 SYSTEMPATH\CodeIgniter.php(355): CodeIgniter\CodeIgniter->handleRequest(null, Object(Config\Cache), false)
 4 SYSTEMPATH\Boot.php(325): CodeIgniter\CodeIgniter->run()
 5 SYSTEMPATH\Boot.php(67): CodeIgniter\Boot::runCodeIgniter(Object(CodeIgniter\CodeIgniter))
 6 FCPATH\index.php(56): CodeIgniter\Boot::bootWeb(Object(Config\Paths))
WARNING - 2025-08-05 13:07:28 --> [DEPRECATED] Creation of dynamic property App\Controllers\MaterialController::$session is deprecated in APPPATH\Controllers\MaterialController.php on line 16.
 1 SYSTEMPATH\CodeIgniter.php(903): App\Controllers\MaterialController->__construct()
 2 SYSTEMPATH\CodeIgniter.php(500): CodeIgniter\CodeIgniter->createController()
 3 SYSTEMPATH\CodeIgniter.php(355): CodeIgniter\CodeIgniter->handleRequest(null, Object(Config\Cache), false)
 4 SYSTEMPATH\Boot.php(325): CodeIgniter\CodeIgniter->run()
 5 SYSTEMPATH\Boot.php(67): CodeIgniter\Boot::runCodeIgniter(Object(CodeIgniter\CodeIgniter))
 6 FCPATH\index.php(56): CodeIgniter\Boot::bootWeb(Object(Config\Paths))
WARNING - 2025-08-05 13:07:28 --> [DEPRECATED] Creation of dynamic property App\Controllers\MaterialController::$uri is deprecated in APPPATH\Controllers\MaterialController.php on line 17.
 1 SYSTEMPATH\CodeIgniter.php(903): App\Controllers\MaterialController->__construct()
 2 SYSTEMPATH\CodeIgniter.php(500): CodeIgniter\CodeIgniter->createController()
 3 SYSTEMPATH\CodeIgniter.php(355): CodeIgniter\CodeIgniter->handleRequest(null, Object(Config\Cache), false)
 4 SYSTEMPATH\Boot.php(325): CodeIgniter\CodeIgniter->run()
 5 SYSTEMPATH\Boot.php(67): CodeIgniter\Boot::runCodeIgniter(Object(CodeIgniter\CodeIgniter))
 6 FCPATH\index.php(56): CodeIgniter\Boot::bootWeb(Object(Config\Paths))
WARNING - 2025-08-05 13:07:28 --> [DEPRECATED] Creation of dynamic property App\Controllers\MaterialController::$form_validation is deprecated in APPPATH\Controllers\MaterialController.php on line 19.
 1 SYSTEMPATH\CodeIgniter.php(903): App\Controllers\MaterialController->__construct()
 2 SYSTEMPATH\CodeIgniter.php(500): CodeIgniter\CodeIgniter->createController()
 3 SYSTEMPATH\CodeIgniter.php(355): CodeIgniter\CodeIgniter->handleRequest(null, Object(Config\Cache), false)
 4 SYSTEMPATH\Boot.php(325): CodeIgniter\CodeIgniter->run()
 5 SYSTEMPATH\Boot.php(67): CodeIgniter\Boot::runCodeIgniter(Object(CodeIgniter\CodeIgniter))
 6 FCPATH\index.php(56): CodeIgniter\Boot::bootWeb(Object(Config\Paths))
WARNING - 2025-08-05 13:07:28 --> [DEPRECATED] Creation of dynamic property App\Controllers\MaterialController::$userValidation is deprecated in APPPATH\Controllers\MaterialController.php on line 20.
 1 SYSTEMPATH\CodeIgniter.php(903): App\Controllers\MaterialController->__construct()
 2 SYSTEMPATH\CodeIgniter.php(500): CodeIgniter\CodeIgniter->createController()
 3 SYSTEMPATH\CodeIgniter.php(355): CodeIgniter\CodeIgniter->handleRequest(null, Object(Config\Cache), false)
 4 SYSTEMPATH\Boot.php(325): CodeIgniter\CodeIgniter->run()
 5 SYSTEMPATH\Boot.php(67): CodeIgniter\Boot::runCodeIgniter(Object(CodeIgniter\CodeIgniter))
 6 FCPATH\index.php(56): CodeIgniter\Boot::bootWeb(Object(Config\Paths))
INFO - 2025-08-05 13:07:29 --> Session: Class initialized using 'CodeIgniter\Session\Handlers\FileHandler' driver.
WARNING - 2025-08-05 13:07:29 --> [DEPRECATED] Creation of dynamic property App\Controllers\MaterialController::$db is deprecated in APPPATH\Controllers\MaterialController.php on line 15.
 1 SYSTEMPATH\CodeIgniter.php(903): App\Controllers\MaterialController->__construct()
 2 SYSTEMPATH\CodeIgniter.php(500): CodeIgniter\CodeIgniter->createController()
 3 SYSTEMPATH\CodeIgniter.php(355): CodeIgniter\CodeIgniter->handleRequest(null, Object(Config\Cache), false)
 4 SYSTEMPATH\Boot.php(325): CodeIgniter\CodeIgniter->run()
 5 SYSTEMPATH\Boot.php(67): CodeIgniter\Boot::runCodeIgniter(Object(CodeIgniter\CodeIgniter))
 6 FCPATH\index.php(56): CodeIgniter\Boot::bootWeb(Object(Config\Paths))
WARNING - 2025-08-05 13:07:29 --> [DEPRECATED] Creation of dynamic property App\Controllers\MaterialController::$session is deprecated in APPPATH\Controllers\MaterialController.php on line 16.
 1 SYSTEMPATH\CodeIgniter.php(903): App\Controllers\MaterialController->__construct()
 2 SYSTEMPATH\CodeIgniter.php(500): CodeIgniter\CodeIgniter->createController()
 3 SYSTEMPATH\CodeIgniter.php(355): CodeIgniter\CodeIgniter->handleRequest(null, Object(Config\Cache), false)
 4 SYSTEMPATH\Boot.php(325): CodeIgniter\CodeIgniter->run()
 5 SYSTEMPATH\Boot.php(67): CodeIgniter\Boot::runCodeIgniter(Object(CodeIgniter\CodeIgniter))
 6 FCPATH\index.php(56): CodeIgniter\Boot::bootWeb(Object(Config\Paths))
WARNING - 2025-08-05 13:07:29 --> [DEPRECATED] Creation of dynamic property App\Controllers\MaterialController::$uri is deprecated in APPPATH\Controllers\MaterialController.php on line 17.
 1 SYSTEMPATH\CodeIgniter.php(903): App\Controllers\MaterialController->__construct()
 2 SYSTEMPATH\CodeIgniter.php(500): CodeIgniter\CodeIgniter->createController()
 3 SYSTEMPATH\CodeIgniter.php(355): CodeIgniter\CodeIgniter->handleRequest(null, Object(Config\Cache), false)
 4 SYSTEMPATH\Boot.php(325): CodeIgniter\CodeIgniter->run()
 5 SYSTEMPATH\Boot.php(67): CodeIgniter\Boot::runCodeIgniter(Object(CodeIgniter\CodeIgniter))
 6 FCPATH\index.php(56): CodeIgniter\Boot::bootWeb(Object(Config\Paths))
WARNING - 2025-08-05 13:07:29 --> [DEPRECATED] Creation of dynamic property App\Controllers\MaterialController::$form_validation is deprecated in APPPATH\Controllers\MaterialController.php on line 19.
 1 SYSTEMPATH\CodeIgniter.php(903): App\Controllers\MaterialController->__construct()
 2 SYSTEMPATH\CodeIgniter.php(500): CodeIgniter\CodeIgniter->createController()
 3 SYSTEMPATH\CodeIgniter.php(355): CodeIgniter\CodeIgniter->handleRequest(null, Object(Config\Cache), false)
 4 SYSTEMPATH\Boot.php(325): CodeIgniter\CodeIgniter->run()
 5 SYSTEMPATH\Boot.php(67): CodeIgniter\Boot::runCodeIgniter(Object(CodeIgniter\CodeIgniter))
 6 FCPATH\index.php(56): CodeIgniter\Boot::bootWeb(Object(Config\Paths))
WARNING - 2025-08-05 13:07:29 --> [DEPRECATED] Creation of dynamic property App\Controllers\MaterialController::$userValidation is deprecated in APPPATH\Controllers\MaterialController.php on line 20.
 1 SYSTEMPATH\CodeIgniter.php(903): App\Controllers\MaterialController->__construct()
 2 SYSTEMPATH\CodeIgniter.php(500): CodeIgniter\CodeIgniter->createController()
 3 SYSTEMPATH\CodeIgniter.php(355): CodeIgniter\CodeIgniter->handleRequest(null, Object(Config\Cache), false)
 4 SYSTEMPATH\Boot.php(325): CodeIgniter\CodeIgniter->run()
 5 SYSTEMPATH\Boot.php(67): CodeIgniter\Boot::runCodeIgniter(Object(CodeIgniter\CodeIgniter))
 6 FCPATH\index.php(56): CodeIgniter\Boot::bootWeb(Object(Config\Paths))
INFO - 2025-08-05 13:07:33 --> Session: Class initialized using 'CodeIgniter\Session\Handlers\FileHandler' driver.
WARNING - 2025-08-05 13:07:33 --> [DEPRECATED] Creation of dynamic property App\Controllers\MaterialController::$db is deprecated in APPPATH\Controllers\MaterialController.php on line 15.
 1 SYSTEMPATH\CodeIgniter.php(903): App\Controllers\MaterialController->__construct()
 2 SYSTEMPATH\CodeIgniter.php(500): CodeIgniter\CodeIgniter->createController()
 3 SYSTEMPATH\CodeIgniter.php(355): CodeIgniter\CodeIgniter->handleRequest(null, Object(Config\Cache), false)
 4 SYSTEMPATH\Boot.php(325): CodeIgniter\CodeIgniter->run()
 5 SYSTEMPATH\Boot.php(67): CodeIgniter\Boot::runCodeIgniter(Object(CodeIgniter\CodeIgniter))
 6 FCPATH\index.php(56): CodeIgniter\Boot::bootWeb(Object(Config\Paths))
WARNING - 2025-08-05 13:07:33 --> [DEPRECATED] Creation of dynamic property App\Controllers\MaterialController::$session is deprecated in APPPATH\Controllers\MaterialController.php on line 16.
 1 SYSTEMPATH\CodeIgniter.php(903): App\Controllers\MaterialController->__construct()
 2 SYSTEMPATH\CodeIgniter.php(500): CodeIgniter\CodeIgniter->createController()
 3 SYSTEMPATH\CodeIgniter.php(355): CodeIgniter\CodeIgniter->handleRequest(null, Object(Config\Cache), false)
 4 SYSTEMPATH\Boot.php(325): CodeIgniter\CodeIgniter->run()
 5 SYSTEMPATH\Boot.php(67): CodeIgniter\Boot::runCodeIgniter(Object(CodeIgniter\CodeIgniter))
 6 FCPATH\index.php(56): CodeIgniter\Boot::bootWeb(Object(Config\Paths))
WARNING - 2025-08-05 13:07:33 --> [DEPRECATED] Creation of dynamic property App\Controllers\MaterialController::$uri is deprecated in APPPATH\Controllers\MaterialController.php on line 17.
 1 SYSTEMPATH\CodeIgniter.php(903): App\Controllers\MaterialController->__construct()
 2 SYSTEMPATH\CodeIgniter.php(500): CodeIgniter\CodeIgniter->createController()
 3 SYSTEMPATH\CodeIgniter.php(355): CodeIgniter\CodeIgniter->handleRequest(null, Object(Config\Cache), false)
 4 SYSTEMPATH\Boot.php(325): CodeIgniter\CodeIgniter->run()
 5 SYSTEMPATH\Boot.php(67): CodeIgniter\Boot::runCodeIgniter(Object(CodeIgniter\CodeIgniter))
 6 FCPATH\index.php(56): CodeIgniter\Boot::bootWeb(Object(Config\Paths))
WARNING - 2025-08-05 13:07:33 --> [DEPRECATED] Creation of dynamic property App\Controllers\MaterialController::$form_validation is deprecated in APPPATH\Controllers\MaterialController.php on line 19.
 1 SYSTEMPATH\CodeIgniter.php(903): App\Controllers\MaterialController->__construct()
 2 SYSTEMPATH\CodeIgniter.php(500): CodeIgniter\CodeIgniter->createController()
 3 SYSTEMPATH\CodeIgniter.php(355): CodeIgniter\CodeIgniter->handleRequest(null, Object(Config\Cache), false)
 4 SYSTEMPATH\Boot.php(325): CodeIgniter\CodeIgniter->run()
 5 SYSTEMPATH\Boot.php(67): CodeIgniter\Boot::runCodeIgniter(Object(CodeIgniter\CodeIgniter))
 6 FCPATH\index.php(56): CodeIgniter\Boot::bootWeb(Object(Config\Paths))
WARNING - 2025-08-05 13:07:33 --> [DEPRECATED] Creation of dynamic property App\Controllers\MaterialController::$userValidation is deprecated in APPPATH\Controllers\MaterialController.php on line 20.
 1 SYSTEMPATH\CodeIgniter.php(903): App\Controllers\MaterialController->__construct()
 2 SYSTEMPATH\CodeIgniter.php(500): CodeIgniter\CodeIgniter->createController()
 3 SYSTEMPATH\CodeIgniter.php(355): CodeIgniter\CodeIgniter->handleRequest(null, Object(Config\Cache), false)
 4 SYSTEMPATH\Boot.php(325): CodeIgniter\CodeIgniter->run()
 5 SYSTEMPATH\Boot.php(67): CodeIgniter\Boot::runCodeIgniter(Object(CodeIgniter\CodeIgniter))
 6 FCPATH\index.php(56): CodeIgniter\Boot::bootWeb(Object(Config\Paths))
INFO - 2025-08-05 13:07:34 --> Session: Class initialized using 'CodeIgniter\Session\Handlers\FileHandler' driver.
WARNING - 2025-08-05 13:07:34 --> [DEPRECATED] Creation of dynamic property App\Controllers\MaterialController::$db is deprecated in APPPATH\Controllers\MaterialController.php on line 15.
 1 SYSTEMPATH\CodeIgniter.php(903): App\Controllers\MaterialController->__construct()
 2 SYSTEMPATH\CodeIgniter.php(500): CodeIgniter\CodeIgniter->createController()
 3 SYSTEMPATH\CodeIgniter.php(355): CodeIgniter\CodeIgniter->handleRequest(null, Object(Config\Cache), false)
 4 SYSTEMPATH\Boot.php(325): CodeIgniter\CodeIgniter->run()
 5 SYSTEMPATH\Boot.php(67): CodeIgniter\Boot::runCodeIgniter(Object(CodeIgniter\CodeIgniter))
 6 FCPATH\index.php(56): CodeIgniter\Boot::bootWeb(Object(Config\Paths))
WARNING - 2025-08-05 13:07:34 --> [DEPRECATED] Creation of dynamic property App\Controllers\MaterialController::$session is deprecated in APPPATH\Controllers\MaterialController.php on line 16.
 1 SYSTEMPATH\CodeIgniter.php(903): App\Controllers\MaterialController->__construct()
 2 SYSTEMPATH\CodeIgniter.php(500): CodeIgniter\CodeIgniter->createController()
 3 SYSTEMPATH\CodeIgniter.php(355): CodeIgniter\CodeIgniter->handleRequest(null, Object(Config\Cache), false)
 4 SYSTEMPATH\Boot.php(325): CodeIgniter\CodeIgniter->run()
 5 SYSTEMPATH\Boot.php(67): CodeIgniter\Boot::runCodeIgniter(Object(CodeIgniter\CodeIgniter))
 6 FCPATH\index.php(56): CodeIgniter\Boot::bootWeb(Object(Config\Paths))
WARNING - 2025-08-05 13:07:34 --> [DEPRECATED] Creation of dynamic property App\Controllers\MaterialController::$uri is deprecated in APPPATH\Controllers\MaterialController.php on line 17.
 1 SYSTEMPATH\CodeIgniter.php(903): App\Controllers\MaterialController->__construct()
 2 SYSTEMPATH\CodeIgniter.php(500): CodeIgniter\CodeIgniter->createController()
 3 SYSTEMPATH\CodeIgniter.php(355): CodeIgniter\CodeIgniter->handleRequest(null, Object(Config\Cache), false)
 4 SYSTEMPATH\Boot.php(325): CodeIgniter\CodeIgniter->run()
 5 SYSTEMPATH\Boot.php(67): CodeIgniter\Boot::runCodeIgniter(Object(CodeIgniter\CodeIgniter))
 6 FCPATH\index.php(56): CodeIgniter\Boot::bootWeb(Object(Config\Paths))
WARNING - 2025-08-05 13:07:34 --> [DEPRECATED] Creation of dynamic property App\Controllers\MaterialController::$form_validation is deprecated in APPPATH\Controllers\MaterialController.php on line 19.
 1 SYSTEMPATH\CodeIgniter.php(903): App\Controllers\MaterialController->__construct()
 2 SYSTEMPATH\CodeIgniter.php(500): CodeIgniter\CodeIgniter->createController()
 3 SYSTEMPATH\CodeIgniter.php(355): CodeIgniter\CodeIgniter->handleRequest(null, Object(Config\Cache), false)
 4 SYSTEMPATH\Boot.php(325): CodeIgniter\CodeIgniter->run()
 5 SYSTEMPATH\Boot.php(67): CodeIgniter\Boot::runCodeIgniter(Object(CodeIgniter\CodeIgniter))
 6 FCPATH\index.php(56): CodeIgniter\Boot::bootWeb(Object(Config\Paths))
WARNING - 2025-08-05 13:07:34 --> [DEPRECATED] Creation of dynamic property App\Controllers\MaterialController::$userValidation is deprecated in APPPATH\Controllers\MaterialController.php on line 20.
 1 SYSTEMPATH\CodeIgniter.php(903): App\Controllers\MaterialController->__construct()
 2 SYSTEMPATH\CodeIgniter.php(500): CodeIgniter\CodeIgniter->createController()
 3 SYSTEMPATH\CodeIgniter.php(355): CodeIgniter\CodeIgniter->handleRequest(null, Object(Config\Cache), false)
 4 SYSTEMPATH\Boot.php(325): CodeIgniter\CodeIgniter->run()
 5 SYSTEMPATH\Boot.php(67): CodeIgniter\Boot::runCodeIgniter(Object(CodeIgniter\CodeIgniter))
 6 FCPATH\index.php(56): CodeIgniter\Boot::bootWeb(Object(Config\Paths))
INFO - 2025-08-05 13:07:34 --> Session: Class initialized using 'CodeIgniter\Session\Handlers\FileHandler' driver.
WARNING - 2025-08-05 13:07:34 --> [DEPRECATED] Creation of dynamic property App\Controllers\MaterialController::$db is deprecated in APPPATH\Controllers\MaterialController.php on line 15.
 1 SYSTEMPATH\CodeIgniter.php(903): App\Controllers\MaterialController->__construct()
 2 SYSTEMPATH\CodeIgniter.php(500): CodeIgniter\CodeIgniter->createController()
 3 SYSTEMPATH\CodeIgniter.php(355): CodeIgniter\CodeIgniter->handleRequest(null, Object(Config\Cache), false)
 4 SYSTEMPATH\Boot.php(325): CodeIgniter\CodeIgniter->run()
 5 SYSTEMPATH\Boot.php(67): CodeIgniter\Boot::runCodeIgniter(Object(CodeIgniter\CodeIgniter))
 6 FCPATH\index.php(56): CodeIgniter\Boot::bootWeb(Object(Config\Paths))
WARNING - 2025-08-05 13:07:34 --> [DEPRECATED] Creation of dynamic property App\Controllers\MaterialController::$session is deprecated in APPPATH\Controllers\MaterialController.php on line 16.
 1 SYSTEMPATH\CodeIgniter.php(903): App\Controllers\MaterialController->__construct()
 2 SYSTEMPATH\CodeIgniter.php(500): CodeIgniter\CodeIgniter->createController()
 3 SYSTEMPATH\CodeIgniter.php(355): CodeIgniter\CodeIgniter->handleRequest(null, Object(Config\Cache), false)
 4 SYSTEMPATH\Boot.php(325): CodeIgniter\CodeIgniter->run()
 5 SYSTEMPATH\Boot.php(67): CodeIgniter\Boot::runCodeIgniter(Object(CodeIgniter\CodeIgniter))
 6 FCPATH\index.php(56): CodeIgniter\Boot::bootWeb(Object(Config\Paths))
WARNING - 2025-08-05 13:07:34 --> [DEPRECATED] Creation of dynamic property App\Controllers\MaterialController::$uri is deprecated in APPPATH\Controllers\MaterialController.php on line 17.
 1 SYSTEMPATH\CodeIgniter.php(903): App\Controllers\MaterialController->__construct()
 2 SYSTEMPATH\CodeIgniter.php(500): CodeIgniter\CodeIgniter->createController()
 3 SYSTEMPATH\CodeIgniter.php(355): CodeIgniter\CodeIgniter->handleRequest(null, Object(Config\Cache), false)
 4 SYSTEMPATH\Boot.php(325): CodeIgniter\CodeIgniter->run()
 5 SYSTEMPATH\Boot.php(67): CodeIgniter\Boot::runCodeIgniter(Object(CodeIgniter\CodeIgniter))
 6 FCPATH\index.php(56): CodeIgniter\Boot::bootWeb(Object(Config\Paths))
WARNING - 2025-08-05 13:07:34 --> [DEPRECATED] Creation of dynamic property App\Controllers\MaterialController::$form_validation is deprecated in APPPATH\Controllers\MaterialController.php on line 19.
 1 SYSTEMPATH\CodeIgniter.php(903): App\Controllers\MaterialController->__construct()
 2 SYSTEMPATH\CodeIgniter.php(500): CodeIgniter\CodeIgniter->createController()
 3 SYSTEMPATH\CodeIgniter.php(355): CodeIgniter\CodeIgniter->handleRequest(null, Object(Config\Cache), false)
 4 SYSTEMPATH\Boot.php(325): CodeIgniter\CodeIgniter->run()
 5 SYSTEMPATH\Boot.php(67): CodeIgniter\Boot::runCodeIgniter(Object(CodeIgniter\CodeIgniter))
 6 FCPATH\index.php(56): CodeIgniter\Boot::bootWeb(Object(Config\Paths))
WARNING - 2025-08-05 13:07:34 --> [DEPRECATED] Creation of dynamic property App\Controllers\MaterialController::$userValidation is deprecated in APPPATH\Controllers\MaterialController.php on line 20.
 1 SYSTEMPATH\CodeIgniter.php(903): App\Controllers\MaterialController->__construct()
 2 SYSTEMPATH\CodeIgniter.php(500): CodeIgniter\CodeIgniter->createController()
 3 SYSTEMPATH\CodeIgniter.php(355): CodeIgniter\CodeIgniter->handleRequest(null, Object(Config\Cache), false)
 4 SYSTEMPATH\Boot.php(325): CodeIgniter\CodeIgniter->run()
 5 SYSTEMPATH\Boot.php(67): CodeIgniter\Boot::runCodeIgniter(Object(CodeIgniter\CodeIgniter))
 6 FCPATH\index.php(56): CodeIgniter\Boot::bootWeb(Object(Config\Paths))
INFO - 2025-08-05 13:07:35 --> Session: Class initialized using 'CodeIgniter\Session\Handlers\FileHandler' driver.
WARNING - 2025-08-05 13:07:35 --> [DEPRECATED] Creation of dynamic property App\Controllers\MaterialController::$db is deprecated in APPPATH\Controllers\MaterialController.php on line 15.
 1 SYSTEMPATH\CodeIgniter.php(903): App\Controllers\MaterialController->__construct()
 2 SYSTEMPATH\CodeIgniter.php(500): CodeIgniter\CodeIgniter->createController()
 3 SYSTEMPATH\CodeIgniter.php(355): CodeIgniter\CodeIgniter->handleRequest(null, Object(Config\Cache), false)
 4 SYSTEMPATH\Boot.php(325): CodeIgniter\CodeIgniter->run()
 5 SYSTEMPATH\Boot.php(67): CodeIgniter\Boot::runCodeIgniter(Object(CodeIgniter\CodeIgniter))
 6 FCPATH\index.php(56): CodeIgniter\Boot::bootWeb(Object(Config\Paths))
WARNING - 2025-08-05 13:07:35 --> [DEPRECATED] Creation of dynamic property App\Controllers\MaterialController::$session is deprecated in APPPATH\Controllers\MaterialController.php on line 16.
 1 SYSTEMPATH\CodeIgniter.php(903): App\Controllers\MaterialController->__construct()
 2 SYSTEMPATH\CodeIgniter.php(500): CodeIgniter\CodeIgniter->createController()
 3 SYSTEMPATH\CodeIgniter.php(355): CodeIgniter\CodeIgniter->handleRequest(null, Object(Config\Cache), false)
 4 SYSTEMPATH\Boot.php(325): CodeIgniter\CodeIgniter->run()
 5 SYSTEMPATH\Boot.php(67): CodeIgniter\Boot::runCodeIgniter(Object(CodeIgniter\CodeIgniter))
 6 FCPATH\index.php(56): CodeIgniter\Boot::bootWeb(Object(Config\Paths))
WARNING - 2025-08-05 13:07:35 --> [DEPRECATED] Creation of dynamic property App\Controllers\MaterialController::$uri is deprecated in APPPATH\Controllers\MaterialController.php on line 17.
 1 SYSTEMPATH\CodeIgniter.php(903): App\Controllers\MaterialController->__construct()
 2 SYSTEMPATH\CodeIgniter.php(500): CodeIgniter\CodeIgniter->createController()
 3 SYSTEMPATH\CodeIgniter.php(355): CodeIgniter\CodeIgniter->handleRequest(null, Object(Config\Cache), false)
 4 SYSTEMPATH\Boot.php(325): CodeIgniter\CodeIgniter->run()
 5 SYSTEMPATH\Boot.php(67): CodeIgniter\Boot::runCodeIgniter(Object(CodeIgniter\CodeIgniter))
 6 FCPATH\index.php(56): CodeIgniter\Boot::bootWeb(Object(Config\Paths))
WARNING - 2025-08-05 13:07:35 --> [DEPRECATED] Creation of dynamic property App\Controllers\MaterialController::$form_validation is deprecated in APPPATH\Controllers\MaterialController.php on line 19.
 1 SYSTEMPATH\CodeIgniter.php(903): App\Controllers\MaterialController->__construct()
 2 SYSTEMPATH\CodeIgniter.php(500): CodeIgniter\CodeIgniter->createController()
 3 SYSTEMPATH\CodeIgniter.php(355): CodeIgniter\CodeIgniter->handleRequest(null, Object(Config\Cache), false)
 4 SYSTEMPATH\Boot.php(325): CodeIgniter\CodeIgniter->run()
 5 SYSTEMPATH\Boot.php(67): CodeIgniter\Boot::runCodeIgniter(Object(CodeIgniter\CodeIgniter))
 6 FCPATH\index.php(56): CodeIgniter\Boot::bootWeb(Object(Config\Paths))
WARNING - 2025-08-05 13:07:35 --> [DEPRECATED] Creation of dynamic property App\Controllers\MaterialController::$userValidation is deprecated in APPPATH\Controllers\MaterialController.php on line 20.
 1 SYSTEMPATH\CodeIgniter.php(903): App\Controllers\MaterialController->__construct()
 2 SYSTEMPATH\CodeIgniter.php(500): CodeIgniter\CodeIgniter->createController()
 3 SYSTEMPATH\CodeIgniter.php(355): CodeIgniter\CodeIgniter->handleRequest(null, Object(Config\Cache), false)
 4 SYSTEMPATH\Boot.php(325): CodeIgniter\CodeIgniter->run()
 5 SYSTEMPATH\Boot.php(67): CodeIgniter\Boot::runCodeIgniter(Object(CodeIgniter\CodeIgniter))
 6 FCPATH\index.php(56): CodeIgniter\Boot::bootWeb(Object(Config\Paths))
INFO - 2025-08-05 13:07:35 --> Session: Class initialized using 'CodeIgniter\Session\Handlers\FileHandler' driver.
WARNING - 2025-08-05 13:07:35 --> [DEPRECATED] Creation of dynamic property App\Controllers\MaterialController::$db is deprecated in APPPATH\Controllers\MaterialController.php on line 15.
 1 SYSTEMPATH\CodeIgniter.php(903): App\Controllers\MaterialController->__construct()
 2 SYSTEMPATH\CodeIgniter.php(500): CodeIgniter\CodeIgniter->createController()
 3 SYSTEMPATH\CodeIgniter.php(355): CodeIgniter\CodeIgniter->handleRequest(null, Object(Config\Cache), false)
 4 SYSTEMPATH\Boot.php(325): CodeIgniter\CodeIgniter->run()
 5 SYSTEMPATH\Boot.php(67): CodeIgniter\Boot::runCodeIgniter(Object(CodeIgniter\CodeIgniter))
 6 FCPATH\index.php(56): CodeIgniter\Boot::bootWeb(Object(Config\Paths))
WARNING - 2025-08-05 13:07:35 --> [DEPRECATED] Creation of dynamic property App\Controllers\MaterialController::$session is deprecated in APPPATH\Controllers\MaterialController.php on line 16.
 1 SYSTEMPATH\CodeIgniter.php(903): App\Controllers\MaterialController->__construct()
 2 SYSTEMPATH\CodeIgniter.php(500): CodeIgniter\CodeIgniter->createController()
 3 SYSTEMPATH\CodeIgniter.php(355): CodeIgniter\CodeIgniter->handleRequest(null, Object(Config\Cache), false)
 4 SYSTEMPATH\Boot.php(325): CodeIgniter\CodeIgniter->run()
 5 SYSTEMPATH\Boot.php(67): CodeIgniter\Boot::runCodeIgniter(Object(CodeIgniter\CodeIgniter))
 6 FCPATH\index.php(56): CodeIgniter\Boot::bootWeb(Object(Config\Paths))
WARNING - 2025-08-05 13:07:35 --> [DEPRECATED] Creation of dynamic property App\Controllers\MaterialController::$uri is deprecated in APPPATH\Controllers\MaterialController.php on line 17.
 1 SYSTEMPATH\CodeIgniter.php(903): App\Controllers\MaterialController->__construct()
 2 SYSTEMPATH\CodeIgniter.php(500): CodeIgniter\CodeIgniter->createController()
 3 SYSTEMPATH\CodeIgniter.php(355): CodeIgniter\CodeIgniter->handleRequest(null, Object(Config\Cache), false)
 4 SYSTEMPATH\Boot.php(325): CodeIgniter\CodeIgniter->run()
 5 SYSTEMPATH\Boot.php(67): CodeIgniter\Boot::runCodeIgniter(Object(CodeIgniter\CodeIgniter))
 6 FCPATH\index.php(56): CodeIgniter\Boot::bootWeb(Object(Config\Paths))
WARNING - 2025-08-05 13:07:35 --> [DEPRECATED] Creation of dynamic property App\Controllers\MaterialController::$form_validation is deprecated in APPPATH\Controllers\MaterialController.php on line 19.
 1 SYSTEMPATH\CodeIgniter.php(903): App\Controllers\MaterialController->__construct()
 2 SYSTEMPATH\CodeIgniter.php(500): CodeIgniter\CodeIgniter->createController()
 3 SYSTEMPATH\CodeIgniter.php(355): CodeIgniter\CodeIgniter->handleRequest(null, Object(Config\Cache), false)
 4 SYSTEMPATH\Boot.php(325): CodeIgniter\CodeIgniter->run()
 5 SYSTEMPATH\Boot.php(67): CodeIgniter\Boot::runCodeIgniter(Object(CodeIgniter\CodeIgniter))
 6 FCPATH\index.php(56): CodeIgniter\Boot::bootWeb(Object(Config\Paths))
WARNING - 2025-08-05 13:07:35 --> [DEPRECATED] Creation of dynamic property App\Controllers\MaterialController::$userValidation is deprecated in APPPATH\Controllers\MaterialController.php on line 20.
 1 SYSTEMPATH\CodeIgniter.php(903): App\Controllers\MaterialController->__construct()
 2 SYSTEMPATH\CodeIgniter.php(500): CodeIgniter\CodeIgniter->createController()
 3 SYSTEMPATH\CodeIgniter.php(355): CodeIgniter\CodeIgniter->handleRequest(null, Object(Config\Cache), false)
 4 SYSTEMPATH\Boot.php(325): CodeIgniter\CodeIgniter->run()
 5 SYSTEMPATH\Boot.php(67): CodeIgniter\Boot::runCodeIgniter(Object(CodeIgniter\CodeIgniter))
 6 FCPATH\index.php(56): CodeIgniter\Boot::bootWeb(Object(Config\Paths))
INFO - 2025-08-05 13:07:36 --> Session: Class initialized using 'CodeIgniter\Session\Handlers\FileHandler' driver.
WARNING - 2025-08-05 13:07:36 --> [DEPRECATED] Creation of dynamic property App\Controllers\MaterialController::$db is deprecated in APPPATH\Controllers\MaterialController.php on line 15.
 1 SYSTEMPATH\CodeIgniter.php(903): App\Controllers\MaterialController->__construct()
 2 SYSTEMPATH\CodeIgniter.php(500): CodeIgniter\CodeIgniter->createController()
 3 SYSTEMPATH\CodeIgniter.php(355): CodeIgniter\CodeIgniter->handleRequest(null, Object(Config\Cache), false)
 4 SYSTEMPATH\Boot.php(325): CodeIgniter\CodeIgniter->run()
 5 SYSTEMPATH\Boot.php(67): CodeIgniter\Boot::runCodeIgniter(Object(CodeIgniter\CodeIgniter))
 6 FCPATH\index.php(56): CodeIgniter\Boot::bootWeb(Object(Config\Paths))
WARNING - 2025-08-05 13:07:36 --> [DEPRECATED] Creation of dynamic property App\Controllers\MaterialController::$session is deprecated in APPPATH\Controllers\MaterialController.php on line 16.
 1 SYSTEMPATH\CodeIgniter.php(903): App\Controllers\MaterialController->__construct()
 2 SYSTEMPATH\CodeIgniter.php(500): CodeIgniter\CodeIgniter->createController()
 3 SYSTEMPATH\CodeIgniter.php(355): CodeIgniter\CodeIgniter->handleRequest(null, Object(Config\Cache), false)
 4 SYSTEMPATH\Boot.php(325): CodeIgniter\CodeIgniter->run()
 5 SYSTEMPATH\Boot.php(67): CodeIgniter\Boot::runCodeIgniter(Object(CodeIgniter\CodeIgniter))
 6 FCPATH\index.php(56): CodeIgniter\Boot::bootWeb(Object(Config\Paths))
WARNING - 2025-08-05 13:07:36 --> [DEPRECATED] Creation of dynamic property App\Controllers\MaterialController::$uri is deprecated in APPPATH\Controllers\MaterialController.php on line 17.
 1 SYSTEMPATH\CodeIgniter.php(903): App\Controllers\MaterialController->__construct()
 2 SYSTEMPATH\CodeIgniter.php(500): CodeIgniter\CodeIgniter->createController()
 3 SYSTEMPATH\CodeIgniter.php(355): CodeIgniter\CodeIgniter->handleRequest(null, Object(Config\Cache), false)
 4 SYSTEMPATH\Boot.php(325): CodeIgniter\CodeIgniter->run()
 5 SYSTEMPATH\Boot.php(67): CodeIgniter\Boot::runCodeIgniter(Object(CodeIgniter\CodeIgniter))
 6 FCPATH\index.php(56): CodeIgniter\Boot::bootWeb(Object(Config\Paths))
WARNING - 2025-08-05 13:07:36 --> [DEPRECATED] Creation of dynamic property App\Controllers\MaterialController::$form_validation is deprecated in APPPATH\Controllers\MaterialController.php on line 19.
 1 SYSTEMPATH\CodeIgniter.php(903): App\Controllers\MaterialController->__construct()
 2 SYSTEMPATH\CodeIgniter.php(500): CodeIgniter\CodeIgniter->createController()
 3 SYSTEMPATH\CodeIgniter.php(355): CodeIgniter\CodeIgniter->handleRequest(null, Object(Config\Cache), false)
 4 SYSTEMPATH\Boot.php(325): CodeIgniter\CodeIgniter->run()
 5 SYSTEMPATH\Boot.php(67): CodeIgniter\Boot::runCodeIgniter(Object(CodeIgniter\CodeIgniter))
 6 FCPATH\index.php(56): CodeIgniter\Boot::bootWeb(Object(Config\Paths))
WARNING - 2025-08-05 13:07:36 --> [DEPRECATED] Creation of dynamic property App\Controllers\MaterialController::$userValidation is deprecated in APPPATH\Controllers\MaterialController.php on line 20.
 1 SYSTEMPATH\CodeIgniter.php(903): App\Controllers\MaterialController->__construct()
 2 SYSTEMPATH\CodeIgniter.php(500): CodeIgniter\CodeIgniter->createController()
 3 SYSTEMPATH\CodeIgniter.php(355): CodeIgniter\CodeIgniter->handleRequest(null, Object(Config\Cache), false)
 4 SYSTEMPATH\Boot.php(325): CodeIgniter\CodeIgniter->run()
 5 SYSTEMPATH\Boot.php(67): CodeIgniter\Boot::runCodeIgniter(Object(CodeIgniter\CodeIgniter))
 6 FCPATH\index.php(56): CodeIgniter\Boot::bootWeb(Object(Config\Paths))
INFO - 2025-08-05 13:07:44 --> Session: Class initialized using 'CodeIgniter\Session\Handlers\FileHandler' driver.
WARNING - 2025-08-05 13:07:44 --> [DEPRECATED] Creation of dynamic property App\Controllers\MaterialController::$db is deprecated in APPPATH\Controllers\MaterialController.php on line 15.
 1 SYSTEMPATH\CodeIgniter.php(903): App\Controllers\MaterialController->__construct()
 2 SYSTEMPATH\CodeIgniter.php(500): CodeIgniter\CodeIgniter->createController()
 3 SYSTEMPATH\CodeIgniter.php(355): CodeIgniter\CodeIgniter->handleRequest(null, Object(Config\Cache), false)
 4 SYSTEMPATH\Boot.php(325): CodeIgniter\CodeIgniter->run()
 5 SYSTEMPATH\Boot.php(67): CodeIgniter\Boot::runCodeIgniter(Object(CodeIgniter\CodeIgniter))
 6 FCPATH\index.php(56): CodeIgniter\Boot::bootWeb(Object(Config\Paths))
WARNING - 2025-08-05 13:07:44 --> [DEPRECATED] Creation of dynamic property App\Controllers\MaterialController::$session is deprecated in APPPATH\Controllers\MaterialController.php on line 16.
 1 SYSTEMPATH\CodeIgniter.php(903): App\Controllers\MaterialController->__construct()
 2 SYSTEMPATH\CodeIgniter.php(500): CodeIgniter\CodeIgniter->createController()
 3 SYSTEMPATH\CodeIgniter.php(355): CodeIgniter\CodeIgniter->handleRequest(null, Object(Config\Cache), false)
 4 SYSTEMPATH\Boot.php(325): CodeIgniter\CodeIgniter->run()
 5 SYSTEMPATH\Boot.php(67): CodeIgniter\Boot::runCodeIgniter(Object(CodeIgniter\CodeIgniter))
 6 FCPATH\index.php(56): CodeIgniter\Boot::bootWeb(Object(Config\Paths))
WARNING - 2025-08-05 13:07:44 --> [DEPRECATED] Creation of dynamic property App\Controllers\MaterialController::$uri is deprecated in APPPATH\Controllers\MaterialController.php on line 17.
 1 SYSTEMPATH\CodeIgniter.php(903): App\Controllers\MaterialController->__construct()
 2 SYSTEMPATH\CodeIgniter.php(500): CodeIgniter\CodeIgniter->createController()
 3 SYSTEMPATH\CodeIgniter.php(355): CodeIgniter\CodeIgniter->handleRequest(null, Object(Config\Cache), false)
 4 SYSTEMPATH\Boot.php(325): CodeIgniter\CodeIgniter->run()
 5 SYSTEMPATH\Boot.php(67): CodeIgniter\Boot::runCodeIgniter(Object(CodeIgniter\CodeIgniter))
 6 FCPATH\index.php(56): CodeIgniter\Boot::bootWeb(Object(Config\Paths))
WARNING - 2025-08-05 13:07:44 --> [DEPRECATED] Creation of dynamic property App\Controllers\MaterialController::$form_validation is deprecated in APPPATH\Controllers\MaterialController.php on line 19.
 1 SYSTEMPATH\CodeIgniter.php(903): App\Controllers\MaterialController->__construct()
 2 SYSTEMPATH\CodeIgniter.php(500): CodeIgniter\CodeIgniter->createController()
 3 SYSTEMPATH\CodeIgniter.php(355): CodeIgniter\CodeIgniter->handleRequest(null, Object(Config\Cache), false)
 4 SYSTEMPATH\Boot.php(325): CodeIgniter\CodeIgniter->run()
 5 SYSTEMPATH\Boot.php(67): CodeIgniter\Boot::runCodeIgniter(Object(CodeIgniter\CodeIgniter))
 6 FCPATH\index.php(56): CodeIgniter\Boot::bootWeb(Object(Config\Paths))
WARNING - 2025-08-05 13:07:44 --> [DEPRECATED] Creation of dynamic property App\Controllers\MaterialController::$userValidation is deprecated in APPPATH\Controllers\MaterialController.php on line 20.
 1 SYSTEMPATH\CodeIgniter.php(903): App\Controllers\MaterialController->__construct()
 2 SYSTEMPATH\CodeIgniter.php(500): CodeIgniter\CodeIgniter->createController()
 3 SYSTEMPATH\CodeIgniter.php(355): CodeIgniter\CodeIgniter->handleRequest(null, Object(Config\Cache), false)
 4 SYSTEMPATH\Boot.php(325): CodeIgniter\CodeIgniter->run()
 5 SYSTEMPATH\Boot.php(67): CodeIgniter\Boot::runCodeIgniter(Object(CodeIgniter\CodeIgniter))
 6 FCPATH\index.php(56): CodeIgniter\Boot::bootWeb(Object(Config\Paths))
INFO - 2025-08-05 13:07:52 --> Session: Class initialized using 'CodeIgniter\Session\Handlers\FileHandler' driver.
WARNING - 2025-08-05 13:07:52 --> [DEPRECATED] Creation of dynamic property App\Controllers\MaterialController::$db is deprecated in APPPATH\Controllers\MaterialController.php on line 15.
 1 SYSTEMPATH\CodeIgniter.php(903): App\Controllers\MaterialController->__construct()
 2 SYSTEMPATH\CodeIgniter.php(500): CodeIgniter\CodeIgniter->createController()
 3 SYSTEMPATH\CodeIgniter.php(355): CodeIgniter\CodeIgniter->handleRequest(null, Object(Config\Cache), false)
 4 SYSTEMPATH\Boot.php(325): CodeIgniter\CodeIgniter->run()
 5 SYSTEMPATH\Boot.php(67): CodeIgniter\Boot::runCodeIgniter(Object(CodeIgniter\CodeIgniter))
 6 FCPATH\index.php(56): CodeIgniter\Boot::bootWeb(Object(Config\Paths))
WARNING - 2025-08-05 13:07:52 --> [DEPRECATED] Creation of dynamic property App\Controllers\MaterialController::$session is deprecated in APPPATH\Controllers\MaterialController.php on line 16.
 1 SYSTEMPATH\CodeIgniter.php(903): App\Controllers\MaterialController->__construct()
 2 SYSTEMPATH\CodeIgniter.php(500): CodeIgniter\CodeIgniter->createController()
 3 SYSTEMPATH\CodeIgniter.php(355): CodeIgniter\CodeIgniter->handleRequest(null, Object(Config\Cache), false)
 4 SYSTEMPATH\Boot.php(325): CodeIgniter\CodeIgniter->run()
 5 SYSTEMPATH\Boot.php(67): CodeIgniter\Boot::runCodeIgniter(Object(CodeIgniter\CodeIgniter))
 6 FCPATH\index.php(56): CodeIgniter\Boot::bootWeb(Object(Config\Paths))
WARNING - 2025-08-05 13:07:52 --> [DEPRECATED] Creation of dynamic property App\Controllers\MaterialController::$uri is deprecated in APPPATH\Controllers\MaterialController.php on line 17.
 1 SYSTEMPATH\CodeIgniter.php(903): App\Controllers\MaterialController->__construct()
 2 SYSTEMPATH\CodeIgniter.php(500): CodeIgniter\CodeIgniter->createController()
 3 SYSTEMPATH\CodeIgniter.php(355): CodeIgniter\CodeIgniter->handleRequest(null, Object(Config\Cache), false)
 4 SYSTEMPATH\Boot.php(325): CodeIgniter\CodeIgniter->run()
 5 SYSTEMPATH\Boot.php(67): CodeIgniter\Boot::runCodeIgniter(Object(CodeIgniter\CodeIgniter))
 6 FCPATH\index.php(56): CodeIgniter\Boot::bootWeb(Object(Config\Paths))
WARNING - 2025-08-05 13:07:52 --> [DEPRECATED] Creation of dynamic property App\Controllers\MaterialController::$form_validation is deprecated in APPPATH\Controllers\MaterialController.php on line 19.
 1 SYSTEMPATH\CodeIgniter.php(903): App\Controllers\MaterialController->__construct()
 2 SYSTEMPATH\CodeIgniter.php(500): CodeIgniter\CodeIgniter->createController()
 3 SYSTEMPATH\CodeIgniter.php(355): CodeIgniter\CodeIgniter->handleRequest(null, Object(Config\Cache), false)
 4 SYSTEMPATH\Boot.php(325): CodeIgniter\CodeIgniter->run()
 5 SYSTEMPATH\Boot.php(67): CodeIgniter\Boot::runCodeIgniter(Object(CodeIgniter\CodeIgniter))
 6 FCPATH\index.php(56): CodeIgniter\Boot::bootWeb(Object(Config\Paths))
WARNING - 2025-08-05 13:07:52 --> [DEPRECATED] Creation of dynamic property App\Controllers\MaterialController::$userValidation is deprecated in APPPATH\Controllers\MaterialController.php on line 20.
 1 SYSTEMPATH\CodeIgniter.php(903): App\Controllers\MaterialController->__construct()
 2 SYSTEMPATH\CodeIgniter.php(500): CodeIgniter\CodeIgniter->createController()
 3 SYSTEMPATH\CodeIgniter.php(355): CodeIgniter\CodeIgniter->handleRequest(null, Object(Config\Cache), false)
 4 SYSTEMPATH\Boot.php(325): CodeIgniter\CodeIgniter->run()
 5 SYSTEMPATH\Boot.php(67): CodeIgniter\Boot::runCodeIgniter(Object(CodeIgniter\CodeIgniter))
 6 FCPATH\index.php(56): CodeIgniter\Boot::bootWeb(Object(Config\Paths))
INFO - 2025-08-05 13:08:00 --> Session: Class initialized using 'CodeIgniter\Session\Handlers\FileHandler' driver.
WARNING - 2025-08-05 13:08:00 --> [DEPRECATED] Creation of dynamic property App\Controllers\MaterialController::$db is deprecated in APPPATH\Controllers\MaterialController.php on line 15.
 1 SYSTEMPATH\CodeIgniter.php(903): App\Controllers\MaterialController->__construct()
 2 SYSTEMPATH\CodeIgniter.php(500): CodeIgniter\CodeIgniter->createController()
 3 SYSTEMPATH\CodeIgniter.php(355): CodeIgniter\CodeIgniter->handleRequest(null, Object(Config\Cache), false)
 4 SYSTEMPATH\Boot.php(325): CodeIgniter\CodeIgniter->run()
 5 SYSTEMPATH\Boot.php(67): CodeIgniter\Boot::runCodeIgniter(Object(CodeIgniter\CodeIgniter))
 6 FCPATH\index.php(56): CodeIgniter\Boot::bootWeb(Object(Config\Paths))
WARNING - 2025-08-05 13:08:00 --> [DEPRECATED] Creation of dynamic property App\Controllers\MaterialController::$session is deprecated in APPPATH\Controllers\MaterialController.php on line 16.
 1 SYSTEMPATH\CodeIgniter.php(903): App\Controllers\MaterialController->__construct()
 2 SYSTEMPATH\CodeIgniter.php(500): CodeIgniter\CodeIgniter->createController()
 3 SYSTEMPATH\CodeIgniter.php(355): CodeIgniter\CodeIgniter->handleRequest(null, Object(Config\Cache), false)
 4 SYSTEMPATH\Boot.php(325): CodeIgniter\CodeIgniter->run()
 5 SYSTEMPATH\Boot.php(67): CodeIgniter\Boot::runCodeIgniter(Object(CodeIgniter\CodeIgniter))
 6 FCPATH\index.php(56): CodeIgniter\Boot::bootWeb(Object(Config\Paths))
WARNING - 2025-08-05 13:08:00 --> [DEPRECATED] Creation of dynamic property App\Controllers\MaterialController::$uri is deprecated in APPPATH\Controllers\MaterialController.php on line 17.
 1 SYSTEMPATH\CodeIgniter.php(903): App\Controllers\MaterialController->__construct()
 2 SYSTEMPATH\CodeIgniter.php(500): CodeIgniter\CodeIgniter->createController()
 3 SYSTEMPATH\CodeIgniter.php(355): CodeIgniter\CodeIgniter->handleRequest(null, Object(Config\Cache), false)
 4 SYSTEMPATH\Boot.php(325): CodeIgniter\CodeIgniter->run()
 5 SYSTEMPATH\Boot.php(67): CodeIgniter\Boot::runCodeIgniter(Object(CodeIgniter\CodeIgniter))
 6 FCPATH\index.php(56): CodeIgniter\Boot::bootWeb(Object(Config\Paths))
WARNING - 2025-08-05 13:08:00 --> [DEPRECATED] Creation of dynamic property App\Controllers\MaterialController::$form_validation is deprecated in APPPATH\Controllers\MaterialController.php on line 19.
 1 SYSTEMPATH\CodeIgniter.php(903): App\Controllers\MaterialController->__construct()
 2 SYSTEMPATH\CodeIgniter.php(500): CodeIgniter\CodeIgniter->createController()
 3 SYSTEMPATH\CodeIgniter.php(355): CodeIgniter\CodeIgniter->handleRequest(null, Object(Config\Cache), false)
 4 SYSTEMPATH\Boot.php(325): CodeIgniter\CodeIgniter->run()
 5 SYSTEMPATH\Boot.php(67): CodeIgniter\Boot::runCodeIgniter(Object(CodeIgniter\CodeIgniter))
 6 FCPATH\index.php(56): CodeIgniter\Boot::bootWeb(Object(Config\Paths))
WARNING - 2025-08-05 13:08:00 --> [DEPRECATED] Creation of dynamic property App\Controllers\MaterialController::$userValidation is deprecated in APPPATH\Controllers\MaterialController.php on line 20.
 1 SYSTEMPATH\CodeIgniter.php(903): App\Controllers\MaterialController->__construct()
 2 SYSTEMPATH\CodeIgniter.php(500): CodeIgniter\CodeIgniter->createController()
 3 SYSTEMPATH\CodeIgniter.php(355): CodeIgniter\CodeIgniter->handleRequest(null, Object(Config\Cache), false)
 4 SYSTEMPATH\Boot.php(325): CodeIgniter\CodeIgniter->run()
 5 SYSTEMPATH\Boot.php(67): CodeIgniter\Boot::runCodeIgniter(Object(CodeIgniter\CodeIgniter))
 6 FCPATH\index.php(56): CodeIgniter\Boot::bootWeb(Object(Config\Paths))
INFO - 2025-08-05 13:08:10 --> Session: Class initialized using 'CodeIgniter\Session\Handlers\FileHandler' driver.
WARNING - 2025-08-05 13:08:10 --> [DEPRECATED] Creation of dynamic property App\Controllers\MaterialController::$db is deprecated in APPPATH\Controllers\MaterialController.php on line 15.
 1 SYSTEMPATH\CodeIgniter.php(903): App\Controllers\MaterialController->__construct()
 2 SYSTEMPATH\CodeIgniter.php(500): CodeIgniter\CodeIgniter->createController()
 3 SYSTEMPATH\CodeIgniter.php(355): CodeIgniter\CodeIgniter->handleRequest(null, Object(Config\Cache), false)
 4 SYSTEMPATH\Boot.php(325): CodeIgniter\CodeIgniter->run()
 5 SYSTEMPATH\Boot.php(67): CodeIgniter\Boot::runCodeIgniter(Object(CodeIgniter\CodeIgniter))
 6 FCPATH\index.php(56): CodeIgniter\Boot::bootWeb(Object(Config\Paths))
WARNING - 2025-08-05 13:08:10 --> [DEPRECATED] Creation of dynamic property App\Controllers\MaterialController::$session is deprecated in APPPATH\Controllers\MaterialController.php on line 16.
 1 SYSTEMPATH\CodeIgniter.php(903): App\Controllers\MaterialController->__construct()
 2 SYSTEMPATH\CodeIgniter.php(500): CodeIgniter\CodeIgniter->createController()
 3 SYSTEMPATH\CodeIgniter.php(355): CodeIgniter\CodeIgniter->handleRequest(null, Object(Config\Cache), false)
 4 SYSTEMPATH\Boot.php(325): CodeIgniter\CodeIgniter->run()
 5 SYSTEMPATH\Boot.php(67): CodeIgniter\Boot::runCodeIgniter(Object(CodeIgniter\CodeIgniter))
 6 FCPATH\index.php(56): CodeIgniter\Boot::bootWeb(Object(Config\Paths))
WARNING - 2025-08-05 13:08:10 --> [DEPRECATED] Creation of dynamic property App\Controllers\MaterialController::$uri is deprecated in APPPATH\Controllers\MaterialController.php on line 17.
 1 SYSTEMPATH\CodeIgniter.php(903): App\Controllers\MaterialController->__construct()
 2 SYSTEMPATH\CodeIgniter.php(500): CodeIgniter\CodeIgniter->createController()
 3 SYSTEMPATH\CodeIgniter.php(355): CodeIgniter\CodeIgniter->handleRequest(null, Object(Config\Cache), false)
 4 SYSTEMPATH\Boot.php(325): CodeIgniter\CodeIgniter->run()
 5 SYSTEMPATH\Boot.php(67): CodeIgniter\Boot::runCodeIgniter(Object(CodeIgniter\CodeIgniter))
 6 FCPATH\index.php(56): CodeIgniter\Boot::bootWeb(Object(Config\Paths))
WARNING - 2025-08-05 13:08:10 --> [DEPRECATED] Creation of dynamic property App\Controllers\MaterialController::$form_validation is deprecated in APPPATH\Controllers\MaterialController.php on line 19.
 1 SYSTEMPATH\CodeIgniter.php(903): App\Controllers\MaterialController->__construct()
 2 SYSTEMPATH\CodeIgniter.php(500): CodeIgniter\CodeIgniter->createController()
 3 SYSTEMPATH\CodeIgniter.php(355): CodeIgniter\CodeIgniter->handleRequest(null, Object(Config\Cache), false)
 4 SYSTEMPATH\Boot.php(325): CodeIgniter\CodeIgniter->run()
 5 SYSTEMPATH\Boot.php(67): CodeIgniter\Boot::runCodeIgniter(Object(CodeIgniter\CodeIgniter))
 6 FCPATH\index.php(56): CodeIgniter\Boot::bootWeb(Object(Config\Paths))
WARNING - 2025-08-05 13:08:10 --> [DEPRECATED] Creation of dynamic property App\Controllers\MaterialController::$userValidation is deprecated in APPPATH\Controllers\MaterialController.php on line 20.
 1 SYSTEMPATH\CodeIgniter.php(903): App\Controllers\MaterialController->__construct()
 2 SYSTEMPATH\CodeIgniter.php(500): CodeIgniter\CodeIgniter->createController()
 3 SYSTEMPATH\CodeIgniter.php(355): CodeIgniter\CodeIgniter->handleRequest(null, Object(Config\Cache), false)
 4 SYSTEMPATH\Boot.php(325): CodeIgniter\CodeIgniter->run()
 5 SYSTEMPATH\Boot.php(67): CodeIgniter\Boot::runCodeIgniter(Object(CodeIgniter\CodeIgniter))
 6 FCPATH\index.php(56): CodeIgniter\Boot::bootWeb(Object(Config\Paths))
INFO - 2025-08-05 13:08:33 --> Session: Class initialized using 'CodeIgniter\Session\Handlers\FileHandler' driver.
WARNING - 2025-08-05 13:08:33 --> [DEPRECATED] Creation of dynamic property App\Controllers\MaterialController::$db is deprecated in APPPATH\Controllers\MaterialController.php on line 15.
 1 SYSTEMPATH\CodeIgniter.php(903): App\Controllers\MaterialController->__construct()
 2 SYSTEMPATH\CodeIgniter.php(500): CodeIgniter\CodeIgniter->createController()
 3 SYSTEMPATH\CodeIgniter.php(355): CodeIgniter\CodeIgniter->handleRequest(null, Object(Config\Cache), false)
 4 SYSTEMPATH\Boot.php(325): CodeIgniter\CodeIgniter->run()
 5 SYSTEMPATH\Boot.php(67): CodeIgniter\Boot::runCodeIgniter(Object(CodeIgniter\CodeIgniter))
 6 FCPATH\index.php(56): CodeIgniter\Boot::bootWeb(Object(Config\Paths))
WARNING - 2025-08-05 13:08:33 --> [DEPRECATED] Creation of dynamic property App\Controllers\MaterialController::$session is deprecated in APPPATH\Controllers\MaterialController.php on line 16.
 1 SYSTEMPATH\CodeIgniter.php(903): App\Controllers\MaterialController->__construct()
 2 SYSTEMPATH\CodeIgniter.php(500): CodeIgniter\CodeIgniter->createController()
 3 SYSTEMPATH\CodeIgniter.php(355): CodeIgniter\CodeIgniter->handleRequest(null, Object(Config\Cache), false)
 4 SYSTEMPATH\Boot.php(325): CodeIgniter\CodeIgniter->run()
 5 SYSTEMPATH\Boot.php(67): CodeIgniter\Boot::runCodeIgniter(Object(CodeIgniter\CodeIgniter))
 6 FCPATH\index.php(56): CodeIgniter\Boot::bootWeb(Object(Config\Paths))
WARNING - 2025-08-05 13:08:33 --> [DEPRECATED] Creation of dynamic property App\Controllers\MaterialController::$uri is deprecated in APPPATH\Controllers\MaterialController.php on line 17.
 1 SYSTEMPATH\CodeIgniter.php(903): App\Controllers\MaterialController->__construct()
 2 SYSTEMPATH\CodeIgniter.php(500): CodeIgniter\CodeIgniter->createController()
 3 SYSTEMPATH\CodeIgniter.php(355): CodeIgniter\CodeIgniter->handleRequest(null, Object(Config\Cache), false)
 4 SYSTEMPATH\Boot.php(325): CodeIgniter\CodeIgniter->run()
 5 SYSTEMPATH\Boot.php(67): CodeIgniter\Boot::runCodeIgniter(Object(CodeIgniter\CodeIgniter))
 6 FCPATH\index.php(56): CodeIgniter\Boot::bootWeb(Object(Config\Paths))
WARNING - 2025-08-05 13:08:33 --> [DEPRECATED] Creation of dynamic property App\Controllers\MaterialController::$form_validation is deprecated in APPPATH\Controllers\MaterialController.php on line 19.
 1 SYSTEMPATH\CodeIgniter.php(903): App\Controllers\MaterialController->__construct()
 2 SYSTEMPATH\CodeIgniter.php(500): CodeIgniter\CodeIgniter->createController()
 3 SYSTEMPATH\CodeIgniter.php(355): CodeIgniter\CodeIgniter->handleRequest(null, Object(Config\Cache), false)
 4 SYSTEMPATH\Boot.php(325): CodeIgniter\CodeIgniter->run()
 5 SYSTEMPATH\Boot.php(67): CodeIgniter\Boot::runCodeIgniter(Object(CodeIgniter\CodeIgniter))
 6 FCPATH\index.php(56): CodeIgniter\Boot::bootWeb(Object(Config\Paths))
WARNING - 2025-08-05 13:08:33 --> [DEPRECATED] Creation of dynamic property App\Controllers\MaterialController::$userValidation is deprecated in APPPATH\Controllers\MaterialController.php on line 20.
 1 SYSTEMPATH\CodeIgniter.php(903): App\Controllers\MaterialController->__construct()
 2 SYSTEMPATH\CodeIgniter.php(500): CodeIgniter\CodeIgniter->createController()
 3 SYSTEMPATH\CodeIgniter.php(355): CodeIgniter\CodeIgniter->handleRequest(null, Object(Config\Cache), false)
 4 SYSTEMPATH\Boot.php(325): CodeIgniter\CodeIgniter->run()
 5 SYSTEMPATH\Boot.php(67): CodeIgniter\Boot::runCodeIgniter(Object(CodeIgniter\CodeIgniter))
 6 FCPATH\index.php(56): CodeIgniter\Boot::bootWeb(Object(Config\Paths))
INFO - 2025-08-05 13:08:34 --> Session: Class initialized using 'CodeIgniter\Session\Handlers\FileHandler' driver.
WARNING - 2025-08-05 13:08:34 --> [DEPRECATED] Creation of dynamic property App\Controllers\MaterialController::$db is deprecated in APPPATH\Controllers\MaterialController.php on line 15.
 1 SYSTEMPATH\CodeIgniter.php(903): App\Controllers\MaterialController->__construct()
 2 SYSTEMPATH\CodeIgniter.php(500): CodeIgniter\CodeIgniter->createController()
 3 SYSTEMPATH\CodeIgniter.php(355): CodeIgniter\CodeIgniter->handleRequest(null, Object(Config\Cache), false)
 4 SYSTEMPATH\Boot.php(325): CodeIgniter\CodeIgniter->run()
 5 SYSTEMPATH\Boot.php(67): CodeIgniter\Boot::runCodeIgniter(Object(CodeIgniter\CodeIgniter))
 6 FCPATH\index.php(56): CodeIgniter\Boot::bootWeb(Object(Config\Paths))
WARNING - 2025-08-05 13:08:34 --> [DEPRECATED] Creation of dynamic property App\Controllers\MaterialController::$session is deprecated in APPPATH\Controllers\MaterialController.php on line 16.
 1 SYSTEMPATH\CodeIgniter.php(903): App\Controllers\MaterialController->__construct()
 2 SYSTEMPATH\CodeIgniter.php(500): CodeIgniter\CodeIgniter->createController()
 3 SYSTEMPATH\CodeIgniter.php(355): CodeIgniter\CodeIgniter->handleRequest(null, Object(Config\Cache), false)
 4 SYSTEMPATH\Boot.php(325): CodeIgniter\CodeIgniter->run()
 5 SYSTEMPATH\Boot.php(67): CodeIgniter\Boot::runCodeIgniter(Object(CodeIgniter\CodeIgniter))
 6 FCPATH\index.php(56): CodeIgniter\Boot::bootWeb(Object(Config\Paths))
WARNING - 2025-08-05 13:08:34 --> [DEPRECATED] Creation of dynamic property App\Controllers\MaterialController::$uri is deprecated in APPPATH\Controllers\MaterialController.php on line 17.
 1 SYSTEMPATH\CodeIgniter.php(903): App\Controllers\MaterialController->__construct()
 2 SYSTEMPATH\CodeIgniter.php(500): CodeIgniter\CodeIgniter->createController()
 3 SYSTEMPATH\CodeIgniter.php(355): CodeIgniter\CodeIgniter->handleRequest(null, Object(Config\Cache), false)
 4 SYSTEMPATH\Boot.php(325): CodeIgniter\CodeIgniter->run()
 5 SYSTEMPATH\Boot.php(67): CodeIgniter\Boot::runCodeIgniter(Object(CodeIgniter\CodeIgniter))
 6 FCPATH\index.php(56): CodeIgniter\Boot::bootWeb(Object(Config\Paths))
WARNING - 2025-08-05 13:08:34 --> [DEPRECATED] Creation of dynamic property App\Controllers\MaterialController::$form_validation is deprecated in APPPATH\Controllers\MaterialController.php on line 19.
 1 SYSTEMPATH\CodeIgniter.php(903): App\Controllers\MaterialController->__construct()
 2 SYSTEMPATH\CodeIgniter.php(500): CodeIgniter\CodeIgniter->createController()
 3 SYSTEMPATH\CodeIgniter.php(355): CodeIgniter\CodeIgniter->handleRequest(null, Object(Config\Cache), false)
 4 SYSTEMPATH\Boot.php(325): CodeIgniter\CodeIgniter->run()
 5 SYSTEMPATH\Boot.php(67): CodeIgniter\Boot::runCodeIgniter(Object(CodeIgniter\CodeIgniter))
 6 FCPATH\index.php(56): CodeIgniter\Boot::bootWeb(Object(Config\Paths))
WARNING - 2025-08-05 13:08:34 --> [DEPRECATED] Creation of dynamic property App\Controllers\MaterialController::$userValidation is deprecated in APPPATH\Controllers\MaterialController.php on line 20.
 1 SYSTEMPATH\CodeIgniter.php(903): App\Controllers\MaterialController->__construct()
 2 SYSTEMPATH\CodeIgniter.php(500): CodeIgniter\CodeIgniter->createController()
 3 SYSTEMPATH\CodeIgniter.php(355): CodeIgniter\CodeIgniter->handleRequest(null, Object(Config\Cache), false)
 4 SYSTEMPATH\Boot.php(325): CodeIgniter\CodeIgniter->run()
 5 SYSTEMPATH\Boot.php(67): CodeIgniter\Boot::runCodeIgniter(Object(CodeIgniter\CodeIgniter))
 6 FCPATH\index.php(56): CodeIgniter\Boot::bootWeb(Object(Config\Paths))
INFO - 2025-08-05 13:08:34 --> Session: Class initialized using 'CodeIgniter\Session\Handlers\FileHandler' driver.
WARNING - 2025-08-05 13:08:34 --> [DEPRECATED] Creation of dynamic property App\Controllers\MaterialController::$db is deprecated in APPPATH\Controllers\MaterialController.php on line 15.
 1 SYSTEMPATH\CodeIgniter.php(903): App\Controllers\MaterialController->__construct()
 2 SYSTEMPATH\CodeIgniter.php(500): CodeIgniter\CodeIgniter->createController()
 3 SYSTEMPATH\CodeIgniter.php(355): CodeIgniter\CodeIgniter->handleRequest(null, Object(Config\Cache), false)
 4 SYSTEMPATH\Boot.php(325): CodeIgniter\CodeIgniter->run()
 5 SYSTEMPATH\Boot.php(67): CodeIgniter\Boot::runCodeIgniter(Object(CodeIgniter\CodeIgniter))
 6 FCPATH\index.php(56): CodeIgniter\Boot::bootWeb(Object(Config\Paths))
WARNING - 2025-08-05 13:08:34 --> [DEPRECATED] Creation of dynamic property App\Controllers\MaterialController::$session is deprecated in APPPATH\Controllers\MaterialController.php on line 16.
 1 SYSTEMPATH\CodeIgniter.php(903): App\Controllers\MaterialController->__construct()
 2 SYSTEMPATH\CodeIgniter.php(500): CodeIgniter\CodeIgniter->createController()
 3 SYSTEMPATH\CodeIgniter.php(355): CodeIgniter\CodeIgniter->handleRequest(null, Object(Config\Cache), false)
 4 SYSTEMPATH\Boot.php(325): CodeIgniter\CodeIgniter->run()
 5 SYSTEMPATH\Boot.php(67): CodeIgniter\Boot::runCodeIgniter(Object(CodeIgniter\CodeIgniter))
 6 FCPATH\index.php(56): CodeIgniter\Boot::bootWeb(Object(Config\Paths))
WARNING - 2025-08-05 13:08:34 --> [DEPRECATED] Creation of dynamic property App\Controllers\MaterialController::$uri is deprecated in APPPATH\Controllers\MaterialController.php on line 17.
 1 SYSTEMPATH\CodeIgniter.php(903): App\Controllers\MaterialController->__construct()
 2 SYSTEMPATH\CodeIgniter.php(500): CodeIgniter\CodeIgniter->createController()
 3 SYSTEMPATH\CodeIgniter.php(355): CodeIgniter\CodeIgniter->handleRequest(null, Object(Config\Cache), false)
 4 SYSTEMPATH\Boot.php(325): CodeIgniter\CodeIgniter->run()
 5 SYSTEMPATH\Boot.php(67): CodeIgniter\Boot::runCodeIgniter(Object(CodeIgniter\CodeIgniter))
 6 FCPATH\index.php(56): CodeIgniter\Boot::bootWeb(Object(Config\Paths))
WARNING - 2025-08-05 13:08:35 --> [DEPRECATED] Creation of dynamic property App\Controllers\MaterialController::$form_validation is deprecated in APPPATH\Controllers\MaterialController.php on line 19.
 1 SYSTEMPATH\CodeIgniter.php(903): App\Controllers\MaterialController->__construct()
 2 SYSTEMPATH\CodeIgniter.php(500): CodeIgniter\CodeIgniter->createController()
 3 SYSTEMPATH\CodeIgniter.php(355): CodeIgniter\CodeIgniter->handleRequest(null, Object(Config\Cache), false)
 4 SYSTEMPATH\Boot.php(325): CodeIgniter\CodeIgniter->run()
 5 SYSTEMPATH\Boot.php(67): CodeIgniter\Boot::runCodeIgniter(Object(CodeIgniter\CodeIgniter))
 6 FCPATH\index.php(56): CodeIgniter\Boot::bootWeb(Object(Config\Paths))
WARNING - 2025-08-05 13:08:35 --> [DEPRECATED] Creation of dynamic property App\Controllers\MaterialController::$userValidation is deprecated in APPPATH\Controllers\MaterialController.php on line 20.
 1 SYSTEMPATH\CodeIgniter.php(903): App\Controllers\MaterialController->__construct()
 2 SYSTEMPATH\CodeIgniter.php(500): CodeIgniter\CodeIgniter->createController()
 3 SYSTEMPATH\CodeIgniter.php(355): CodeIgniter\CodeIgniter->handleRequest(null, Object(Config\Cache), false)
 4 SYSTEMPATH\Boot.php(325): CodeIgniter\CodeIgniter->run()
 5 SYSTEMPATH\Boot.php(67): CodeIgniter\Boot::runCodeIgniter(Object(CodeIgniter\CodeIgniter))
 6 FCPATH\index.php(56): CodeIgniter\Boot::bootWeb(Object(Config\Paths))
INFO - 2025-08-05 13:08:35 --> Session: Class initialized using 'CodeIgniter\Session\Handlers\FileHandler' driver.
WARNING - 2025-08-05 13:08:35 --> [DEPRECATED] Creation of dynamic property App\Controllers\MaterialController::$db is deprecated in APPPATH\Controllers\MaterialController.php on line 15.
 1 SYSTEMPATH\CodeIgniter.php(903): App\Controllers\MaterialController->__construct()
 2 SYSTEMPATH\CodeIgniter.php(500): CodeIgniter\CodeIgniter->createController()
 3 SYSTEMPATH\CodeIgniter.php(355): CodeIgniter\CodeIgniter->handleRequest(null, Object(Config\Cache), false)
 4 SYSTEMPATH\Boot.php(325): CodeIgniter\CodeIgniter->run()
 5 SYSTEMPATH\Boot.php(67): CodeIgniter\Boot::runCodeIgniter(Object(CodeIgniter\CodeIgniter))
 6 FCPATH\index.php(56): CodeIgniter\Boot::bootWeb(Object(Config\Paths))
WARNING - 2025-08-05 13:08:35 --> [DEPRECATED] Creation of dynamic property App\Controllers\MaterialController::$session is deprecated in APPPATH\Controllers\MaterialController.php on line 16.
 1 SYSTEMPATH\CodeIgniter.php(903): App\Controllers\MaterialController->__construct()
 2 SYSTEMPATH\CodeIgniter.php(500): CodeIgniter\CodeIgniter->createController()
 3 SYSTEMPATH\CodeIgniter.php(355): CodeIgniter\CodeIgniter->handleRequest(null, Object(Config\Cache), false)
 4 SYSTEMPATH\Boot.php(325): CodeIgniter\CodeIgniter->run()
 5 SYSTEMPATH\Boot.php(67): CodeIgniter\Boot::runCodeIgniter(Object(CodeIgniter\CodeIgniter))
 6 FCPATH\index.php(56): CodeIgniter\Boot::bootWeb(Object(Config\Paths))
WARNING - 2025-08-05 13:08:35 --> [DEPRECATED] Creation of dynamic property App\Controllers\MaterialController::$uri is deprecated in APPPATH\Controllers\MaterialController.php on line 17.
 1 SYSTEMPATH\CodeIgniter.php(903): App\Controllers\MaterialController->__construct()
 2 SYSTEMPATH\CodeIgniter.php(500): CodeIgniter\CodeIgniter->createController()
 3 SYSTEMPATH\CodeIgniter.php(355): CodeIgniter\CodeIgniter->handleRequest(null, Object(Config\Cache), false)
 4 SYSTEMPATH\Boot.php(325): CodeIgniter\CodeIgniter->run()
 5 SYSTEMPATH\Boot.php(67): CodeIgniter\Boot::runCodeIgniter(Object(CodeIgniter\CodeIgniter))
 6 FCPATH\index.php(56): CodeIgniter\Boot::bootWeb(Object(Config\Paths))
WARNING - 2025-08-05 13:08:35 --> [DEPRECATED] Creation of dynamic property App\Controllers\MaterialController::$form_validation is deprecated in APPPATH\Controllers\MaterialController.php on line 19.
 1 SYSTEMPATH\CodeIgniter.php(903): App\Controllers\MaterialController->__construct()
 2 SYSTEMPATH\CodeIgniter.php(500): CodeIgniter\CodeIgniter->createController()
 3 SYSTEMPATH\CodeIgniter.php(355): CodeIgniter\CodeIgniter->handleRequest(null, Object(Config\Cache), false)
 4 SYSTEMPATH\Boot.php(325): CodeIgniter\CodeIgniter->run()
 5 SYSTEMPATH\Boot.php(67): CodeIgniter\Boot::runCodeIgniter(Object(CodeIgniter\CodeIgniter))
 6 FCPATH\index.php(56): CodeIgniter\Boot::bootWeb(Object(Config\Paths))
WARNING - 2025-08-05 13:08:35 --> [DEPRECATED] Creation of dynamic property App\Controllers\MaterialController::$userValidation is deprecated in APPPATH\Controllers\MaterialController.php on line 20.
 1 SYSTEMPATH\CodeIgniter.php(903): App\Controllers\MaterialController->__construct()
 2 SYSTEMPATH\CodeIgniter.php(500): CodeIgniter\CodeIgniter->createController()
 3 SYSTEMPATH\CodeIgniter.php(355): CodeIgniter\CodeIgniter->handleRequest(null, Object(Config\Cache), false)
 4 SYSTEMPATH\Boot.php(325): CodeIgniter\CodeIgniter->run()
 5 SYSTEMPATH\Boot.php(67): CodeIgniter\Boot::runCodeIgniter(Object(CodeIgniter\CodeIgniter))
 6 FCPATH\index.php(56): CodeIgniter\Boot::bootWeb(Object(Config\Paths))
INFO - 2025-08-05 13:08:50 --> Session: Class initialized using 'CodeIgniter\Session\Handlers\FileHandler' driver.
WARNING - 2025-08-05 13:08:50 --> [DEPRECATED] Creation of dynamic property App\Controllers\MaterialController::$db is deprecated in APPPATH\Controllers\MaterialController.php on line 15.
 1 SYSTEMPATH\CodeIgniter.php(903): App\Controllers\MaterialController->__construct()
 2 SYSTEMPATH\CodeIgniter.php(500): CodeIgniter\CodeIgniter->createController()
 3 SYSTEMPATH\CodeIgniter.php(355): CodeIgniter\CodeIgniter->handleRequest(null, Object(Config\Cache), false)
 4 SYSTEMPATH\Boot.php(325): CodeIgniter\CodeIgniter->run()
 5 SYSTEMPATH\Boot.php(67): CodeIgniter\Boot::runCodeIgniter(Object(CodeIgniter\CodeIgniter))
 6 FCPATH\index.php(56): CodeIgniter\Boot::bootWeb(Object(Config\Paths))
WARNING - 2025-08-05 13:08:50 --> [DEPRECATED] Creation of dynamic property App\Controllers\MaterialController::$session is deprecated in APPPATH\Controllers\MaterialController.php on line 16.
 1 SYSTEMPATH\CodeIgniter.php(903): App\Controllers\MaterialController->__construct()
 2 SYSTEMPATH\CodeIgniter.php(500): CodeIgniter\CodeIgniter->createController()
 3 SYSTEMPATH\CodeIgniter.php(355): CodeIgniter\CodeIgniter->handleRequest(null, Object(Config\Cache), false)
 4 SYSTEMPATH\Boot.php(325): CodeIgniter\CodeIgniter->run()
 5 SYSTEMPATH\Boot.php(67): CodeIgniter\Boot::runCodeIgniter(Object(CodeIgniter\CodeIgniter))
 6 FCPATH\index.php(56): CodeIgniter\Boot::bootWeb(Object(Config\Paths))
WARNING - 2025-08-05 13:08:50 --> [DEPRECATED] Creation of dynamic property App\Controllers\MaterialController::$uri is deprecated in APPPATH\Controllers\MaterialController.php on line 17.
 1 SYSTEMPATH\CodeIgniter.php(903): App\Controllers\MaterialController->__construct()
 2 SYSTEMPATH\CodeIgniter.php(500): CodeIgniter\CodeIgniter->createController()
 3 SYSTEMPATH\CodeIgniter.php(355): CodeIgniter\CodeIgniter->handleRequest(null, Object(Config\Cache), false)
 4 SYSTEMPATH\Boot.php(325): CodeIgniter\CodeIgniter->run()
 5 SYSTEMPATH\Boot.php(67): CodeIgniter\Boot::runCodeIgniter(Object(CodeIgniter\CodeIgniter))
 6 FCPATH\index.php(56): CodeIgniter\Boot::bootWeb(Object(Config\Paths))
WARNING - 2025-08-05 13:08:50 --> [DEPRECATED] Creation of dynamic property App\Controllers\MaterialController::$form_validation is deprecated in APPPATH\Controllers\MaterialController.php on line 19.
 1 SYSTEMPATH\CodeIgniter.php(903): App\Controllers\MaterialController->__construct()
 2 SYSTEMPATH\CodeIgniter.php(500): CodeIgniter\CodeIgniter->createController()
 3 SYSTEMPATH\CodeIgniter.php(355): CodeIgniter\CodeIgniter->handleRequest(null, Object(Config\Cache), false)
 4 SYSTEMPATH\Boot.php(325): CodeIgniter\CodeIgniter->run()
 5 SYSTEMPATH\Boot.php(67): CodeIgniter\Boot::runCodeIgniter(Object(CodeIgniter\CodeIgniter))
 6 FCPATH\index.php(56): CodeIgniter\Boot::bootWeb(Object(Config\Paths))
WARNING - 2025-08-05 13:08:50 --> [DEPRECATED] Creation of dynamic property App\Controllers\MaterialController::$userValidation is deprecated in APPPATH\Controllers\MaterialController.php on line 20.
 1 SYSTEMPATH\CodeIgniter.php(903): App\Controllers\MaterialController->__construct()
 2 SYSTEMPATH\CodeIgniter.php(500): CodeIgniter\CodeIgniter->createController()
 3 SYSTEMPATH\CodeIgniter.php(355): CodeIgniter\CodeIgniter->handleRequest(null, Object(Config\Cache), false)
 4 SYSTEMPATH\Boot.php(325): CodeIgniter\CodeIgniter->run()
 5 SYSTEMPATH\Boot.php(67): CodeIgniter\Boot::runCodeIgniter(Object(CodeIgniter\CodeIgniter))
 6 FCPATH\index.php(56): CodeIgniter\Boot::bootWeb(Object(Config\Paths))
INFO - 2025-08-05 13:08:51 --> Session: Class initialized using 'CodeIgniter\Session\Handlers\FileHandler' driver.
WARNING - 2025-08-05 13:08:51 --> [DEPRECATED] Creation of dynamic property App\Controllers\MaterialController::$db is deprecated in APPPATH\Controllers\MaterialController.php on line 15.
 1 SYSTEMPATH\CodeIgniter.php(903): App\Controllers\MaterialController->__construct()
 2 SYSTEMPATH\CodeIgniter.php(500): CodeIgniter\CodeIgniter->createController()
 3 SYSTEMPATH\CodeIgniter.php(355): CodeIgniter\CodeIgniter->handleRequest(null, Object(Config\Cache), false)
 4 SYSTEMPATH\Boot.php(325): CodeIgniter\CodeIgniter->run()
 5 SYSTEMPATH\Boot.php(67): CodeIgniter\Boot::runCodeIgniter(Object(CodeIgniter\CodeIgniter))
 6 FCPATH\index.php(56): CodeIgniter\Boot::bootWeb(Object(Config\Paths))
WARNING - 2025-08-05 13:08:51 --> [DEPRECATED] Creation of dynamic property App\Controllers\MaterialController::$session is deprecated in APPPATH\Controllers\MaterialController.php on line 16.
 1 SYSTEMPATH\CodeIgniter.php(903): App\Controllers\MaterialController->__construct()
 2 SYSTEMPATH\CodeIgniter.php(500): CodeIgniter\CodeIgniter->createController()
 3 SYSTEMPATH\CodeIgniter.php(355): CodeIgniter\CodeIgniter->handleRequest(null, Object(Config\Cache), false)
 4 SYSTEMPATH\Boot.php(325): CodeIgniter\CodeIgniter->run()
 5 SYSTEMPATH\Boot.php(67): CodeIgniter\Boot::runCodeIgniter(Object(CodeIgniter\CodeIgniter))
 6 FCPATH\index.php(56): CodeIgniter\Boot::bootWeb(Object(Config\Paths))
WARNING - 2025-08-05 13:08:51 --> [DEPRECATED] Creation of dynamic property App\Controllers\MaterialController::$uri is deprecated in APPPATH\Controllers\MaterialController.php on line 17.
 1 SYSTEMPATH\CodeIgniter.php(903): App\Controllers\MaterialController->__construct()
 2 SYSTEMPATH\CodeIgniter.php(500): CodeIgniter\CodeIgniter->createController()
 3 SYSTEMPATH\CodeIgniter.php(355): CodeIgniter\CodeIgniter->handleRequest(null, Object(Config\Cache), false)
 4 SYSTEMPATH\Boot.php(325): CodeIgniter\CodeIgniter->run()
 5 SYSTEMPATH\Boot.php(67): CodeIgniter\Boot::runCodeIgniter(Object(CodeIgniter\CodeIgniter))
 6 FCPATH\index.php(56): CodeIgniter\Boot::bootWeb(Object(Config\Paths))
WARNING - 2025-08-05 13:08:51 --> [DEPRECATED] Creation of dynamic property App\Controllers\MaterialController::$form_validation is deprecated in APPPATH\Controllers\MaterialController.php on line 19.
 1 SYSTEMPATH\CodeIgniter.php(903): App\Controllers\MaterialController->__construct()
 2 SYSTEMPATH\CodeIgniter.php(500): CodeIgniter\CodeIgniter->createController()
 3 SYSTEMPATH\CodeIgniter.php(355): CodeIgniter\CodeIgniter->handleRequest(null, Object(Config\Cache), false)
 4 SYSTEMPATH\Boot.php(325): CodeIgniter\CodeIgniter->run()
 5 SYSTEMPATH\Boot.php(67): CodeIgniter\Boot::runCodeIgniter(Object(CodeIgniter\CodeIgniter))
 6 FCPATH\index.php(56): CodeIgniter\Boot::bootWeb(Object(Config\Paths))
WARNING - 2025-08-05 13:08:51 --> [DEPRECATED] Creation of dynamic property App\Controllers\MaterialController::$userValidation is deprecated in APPPATH\Controllers\MaterialController.php on line 20.
 1 SYSTEMPATH\CodeIgniter.php(903): App\Controllers\MaterialController->__construct()
 2 SYSTEMPATH\CodeIgniter.php(500): CodeIgniter\CodeIgniter->createController()
 3 SYSTEMPATH\CodeIgniter.php(355): CodeIgniter\CodeIgniter->handleRequest(null, Object(Config\Cache), false)
 4 SYSTEMPATH\Boot.php(325): CodeIgniter\CodeIgniter->run()
 5 SYSTEMPATH\Boot.php(67): CodeIgniter\Boot::runCodeIgniter(Object(CodeIgniter\CodeIgniter))
 6 FCPATH\index.php(56): CodeIgniter\Boot::bootWeb(Object(Config\Paths))
INFO - 2025-08-05 13:08:51 --> Session: Class initialized using 'CodeIgniter\Session\Handlers\FileHandler' driver.
WARNING - 2025-08-05 13:08:51 --> [DEPRECATED] Creation of dynamic property App\Controllers\MaterialController::$db is deprecated in APPPATH\Controllers\MaterialController.php on line 15.
 1 SYSTEMPATH\CodeIgniter.php(903): App\Controllers\MaterialController->__construct()
 2 SYSTEMPATH\CodeIgniter.php(500): CodeIgniter\CodeIgniter->createController()
 3 SYSTEMPATH\CodeIgniter.php(355): CodeIgniter\CodeIgniter->handleRequest(null, Object(Config\Cache), false)
 4 SYSTEMPATH\Boot.php(325): CodeIgniter\CodeIgniter->run()
 5 SYSTEMPATH\Boot.php(67): CodeIgniter\Boot::runCodeIgniter(Object(CodeIgniter\CodeIgniter))
 6 FCPATH\index.php(56): CodeIgniter\Boot::bootWeb(Object(Config\Paths))
WARNING - 2025-08-05 13:08:51 --> [DEPRECATED] Creation of dynamic property App\Controllers\MaterialController::$session is deprecated in APPPATH\Controllers\MaterialController.php on line 16.
 1 SYSTEMPATH\CodeIgniter.php(903): App\Controllers\MaterialController->__construct()
 2 SYSTEMPATH\CodeIgniter.php(500): CodeIgniter\CodeIgniter->createController()
 3 SYSTEMPATH\CodeIgniter.php(355): CodeIgniter\CodeIgniter->handleRequest(null, Object(Config\Cache), false)
 4 SYSTEMPATH\Boot.php(325): CodeIgniter\CodeIgniter->run()
 5 SYSTEMPATH\Boot.php(67): CodeIgniter\Boot::runCodeIgniter(Object(CodeIgniter\CodeIgniter))
 6 FCPATH\index.php(56): CodeIgniter\Boot::bootWeb(Object(Config\Paths))
WARNING - 2025-08-05 13:08:51 --> [DEPRECATED] Creation of dynamic property App\Controllers\MaterialController::$uri is deprecated in APPPATH\Controllers\MaterialController.php on line 17.
 1 SYSTEMPATH\CodeIgniter.php(903): App\Controllers\MaterialController->__construct()
 2 SYSTEMPATH\CodeIgniter.php(500): CodeIgniter\CodeIgniter->createController()
 3 SYSTEMPATH\CodeIgniter.php(355): CodeIgniter\CodeIgniter->handleRequest(null, Object(Config\Cache), false)
 4 SYSTEMPATH\Boot.php(325): CodeIgniter\CodeIgniter->run()
 5 SYSTEMPATH\Boot.php(67): CodeIgniter\Boot::runCodeIgniter(Object(CodeIgniter\CodeIgniter))
 6 FCPATH\index.php(56): CodeIgniter\Boot::bootWeb(Object(Config\Paths))
WARNING - 2025-08-05 13:08:51 --> [DEPRECATED] Creation of dynamic property App\Controllers\MaterialController::$form_validation is deprecated in APPPATH\Controllers\MaterialController.php on line 19.
 1 SYSTEMPATH\CodeIgniter.php(903): App\Controllers\MaterialController->__construct()
 2 SYSTEMPATH\CodeIgniter.php(500): CodeIgniter\CodeIgniter->createController()
 3 SYSTEMPATH\CodeIgniter.php(355): CodeIgniter\CodeIgniter->handleRequest(null, Object(Config\Cache), false)
 4 SYSTEMPATH\Boot.php(325): CodeIgniter\CodeIgniter->run()
 5 SYSTEMPATH\Boot.php(67): CodeIgniter\Boot::runCodeIgniter(Object(CodeIgniter\CodeIgniter))
 6 FCPATH\index.php(56): CodeIgniter\Boot::bootWeb(Object(Config\Paths))
WARNING - 2025-08-05 13:08:51 --> [DEPRECATED] Creation of dynamic property App\Controllers\MaterialController::$userValidation is deprecated in APPPATH\Controllers\MaterialController.php on line 20.
 1 SYSTEMPATH\CodeIgniter.php(903): App\Controllers\MaterialController->__construct()
 2 SYSTEMPATH\CodeIgniter.php(500): CodeIgniter\CodeIgniter->createController()
 3 SYSTEMPATH\CodeIgniter.php(355): CodeIgniter\CodeIgniter->handleRequest(null, Object(Config\Cache), false)
 4 SYSTEMPATH\Boot.php(325): CodeIgniter\CodeIgniter->run()
 5 SYSTEMPATH\Boot.php(67): CodeIgniter\Boot::runCodeIgniter(Object(CodeIgniter\CodeIgniter))
 6 FCPATH\index.php(56): CodeIgniter\Boot::bootWeb(Object(Config\Paths))
INFO - 2025-08-05 13:08:52 --> Session: Class initialized using 'CodeIgniter\Session\Handlers\FileHandler' driver.
WARNING - 2025-08-05 13:08:52 --> [DEPRECATED] Creation of dynamic property App\Controllers\MaterialController::$db is deprecated in APPPATH\Controllers\MaterialController.php on line 15.
 1 SYSTEMPATH\CodeIgniter.php(903): App\Controllers\MaterialController->__construct()
 2 SYSTEMPATH\CodeIgniter.php(500): CodeIgniter\CodeIgniter->createController()
 3 SYSTEMPATH\CodeIgniter.php(355): CodeIgniter\CodeIgniter->handleRequest(null, Object(Config\Cache), false)
 4 SYSTEMPATH\Boot.php(325): CodeIgniter\CodeIgniter->run()
 5 SYSTEMPATH\Boot.php(67): CodeIgniter\Boot::runCodeIgniter(Object(CodeIgniter\CodeIgniter))
 6 FCPATH\index.php(56): CodeIgniter\Boot::bootWeb(Object(Config\Paths))
WARNING - 2025-08-05 13:08:52 --> [DEPRECATED] Creation of dynamic property App\Controllers\MaterialController::$session is deprecated in APPPATH\Controllers\MaterialController.php on line 16.
 1 SYSTEMPATH\CodeIgniter.php(903): App\Controllers\MaterialController->__construct()
 2 SYSTEMPATH\CodeIgniter.php(500): CodeIgniter\CodeIgniter->createController()
 3 SYSTEMPATH\CodeIgniter.php(355): CodeIgniter\CodeIgniter->handleRequest(null, Object(Config\Cache), false)
 4 SYSTEMPATH\Boot.php(325): CodeIgniter\CodeIgniter->run()
 5 SYSTEMPATH\Boot.php(67): CodeIgniter\Boot::runCodeIgniter(Object(CodeIgniter\CodeIgniter))
 6 FCPATH\index.php(56): CodeIgniter\Boot::bootWeb(Object(Config\Paths))
WARNING - 2025-08-05 13:08:52 --> [DEPRECATED] Creation of dynamic property App\Controllers\MaterialController::$uri is deprecated in APPPATH\Controllers\MaterialController.php on line 17.
 1 SYSTEMPATH\CodeIgniter.php(903): App\Controllers\MaterialController->__construct()
 2 SYSTEMPATH\CodeIgniter.php(500): CodeIgniter\CodeIgniter->createController()
 3 SYSTEMPATH\CodeIgniter.php(355): CodeIgniter\CodeIgniter->handleRequest(null, Object(Config\Cache), false)
 4 SYSTEMPATH\Boot.php(325): CodeIgniter\CodeIgniter->run()
 5 SYSTEMPATH\Boot.php(67): CodeIgniter\Boot::runCodeIgniter(Object(CodeIgniter\CodeIgniter))
 6 FCPATH\index.php(56): CodeIgniter\Boot::bootWeb(Object(Config\Paths))
WARNING - 2025-08-05 13:08:52 --> [DEPRECATED] Creation of dynamic property App\Controllers\MaterialController::$form_validation is deprecated in APPPATH\Controllers\MaterialController.php on line 19.
 1 SYSTEMPATH\CodeIgniter.php(903): App\Controllers\MaterialController->__construct()
 2 SYSTEMPATH\CodeIgniter.php(500): CodeIgniter\CodeIgniter->createController()
 3 SYSTEMPATH\CodeIgniter.php(355): CodeIgniter\CodeIgniter->handleRequest(null, Object(Config\Cache), false)
 4 SYSTEMPATH\Boot.php(325): CodeIgniter\CodeIgniter->run()
 5 SYSTEMPATH\Boot.php(67): CodeIgniter\Boot::runCodeIgniter(Object(CodeIgniter\CodeIgniter))
 6 FCPATH\index.php(56): CodeIgniter\Boot::bootWeb(Object(Config\Paths))
WARNING - 2025-08-05 13:08:52 --> [DEPRECATED] Creation of dynamic property App\Controllers\MaterialController::$userValidation is deprecated in APPPATH\Controllers\MaterialController.php on line 20.
 1 SYSTEMPATH\CodeIgniter.php(903): App\Controllers\MaterialController->__construct()
 2 SYSTEMPATH\CodeIgniter.php(500): CodeIgniter\CodeIgniter->createController()
 3 SYSTEMPATH\CodeIgniter.php(355): CodeIgniter\CodeIgniter->handleRequest(null, Object(Config\Cache), false)
 4 SYSTEMPATH\Boot.php(325): CodeIgniter\CodeIgniter->run()
 5 SYSTEMPATH\Boot.php(67): CodeIgniter\Boot::runCodeIgniter(Object(CodeIgniter\CodeIgniter))
 6 FCPATH\index.php(56): CodeIgniter\Boot::bootWeb(Object(Config\Paths))
INFO - 2025-08-05 13:08:52 --> Session: Class initialized using 'CodeIgniter\Session\Handlers\FileHandler' driver.
WARNING - 2025-08-05 13:08:52 --> [DEPRECATED] Creation of dynamic property App\Controllers\MaterialController::$db is deprecated in APPPATH\Controllers\MaterialController.php on line 15.
 1 SYSTEMPATH\CodeIgniter.php(903): App\Controllers\MaterialController->__construct()
 2 SYSTEMPATH\CodeIgniter.php(500): CodeIgniter\CodeIgniter->createController()
 3 SYSTEMPATH\CodeIgniter.php(355): CodeIgniter\CodeIgniter->handleRequest(null, Object(Config\Cache), false)
 4 SYSTEMPATH\Boot.php(325): CodeIgniter\CodeIgniter->run()
 5 SYSTEMPATH\Boot.php(67): CodeIgniter\Boot::runCodeIgniter(Object(CodeIgniter\CodeIgniter))
 6 FCPATH\index.php(56): CodeIgniter\Boot::bootWeb(Object(Config\Paths))
WARNING - 2025-08-05 13:08:52 --> [DEPRECATED] Creation of dynamic property App\Controllers\MaterialController::$session is deprecated in APPPATH\Controllers\MaterialController.php on line 16.
 1 SYSTEMPATH\CodeIgniter.php(903): App\Controllers\MaterialController->__construct()
 2 SYSTEMPATH\CodeIgniter.php(500): CodeIgniter\CodeIgniter->createController()
 3 SYSTEMPATH\CodeIgniter.php(355): CodeIgniter\CodeIgniter->handleRequest(null, Object(Config\Cache), false)
 4 SYSTEMPATH\Boot.php(325): CodeIgniter\CodeIgniter->run()
 5 SYSTEMPATH\Boot.php(67): CodeIgniter\Boot::runCodeIgniter(Object(CodeIgniter\CodeIgniter))
 6 FCPATH\index.php(56): CodeIgniter\Boot::bootWeb(Object(Config\Paths))
WARNING - 2025-08-05 13:08:52 --> [DEPRECATED] Creation of dynamic property App\Controllers\MaterialController::$uri is deprecated in APPPATH\Controllers\MaterialController.php on line 17.
 1 SYSTEMPATH\CodeIgniter.php(903): App\Controllers\MaterialController->__construct()
 2 SYSTEMPATH\CodeIgniter.php(500): CodeIgniter\CodeIgniter->createController()
 3 SYSTEMPATH\CodeIgniter.php(355): CodeIgniter\CodeIgniter->handleRequest(null, Object(Config\Cache), false)
 4 SYSTEMPATH\Boot.php(325): CodeIgniter\CodeIgniter->run()
 5 SYSTEMPATH\Boot.php(67): CodeIgniter\Boot::runCodeIgniter(Object(CodeIgniter\CodeIgniter))
 6 FCPATH\index.php(56): CodeIgniter\Boot::bootWeb(Object(Config\Paths))
WARNING - 2025-08-05 13:08:52 --> [DEPRECATED] Creation of dynamic property App\Controllers\MaterialController::$form_validation is deprecated in APPPATH\Controllers\MaterialController.php on line 19.
 1 SYSTEMPATH\CodeIgniter.php(903): App\Controllers\MaterialController->__construct()
 2 SYSTEMPATH\CodeIgniter.php(500): CodeIgniter\CodeIgniter->createController()
 3 SYSTEMPATH\CodeIgniter.php(355): CodeIgniter\CodeIgniter->handleRequest(null, Object(Config\Cache), false)
 4 SYSTEMPATH\Boot.php(325): CodeIgniter\CodeIgniter->run()
 5 SYSTEMPATH\Boot.php(67): CodeIgniter\Boot::runCodeIgniter(Object(CodeIgniter\CodeIgniter))
 6 FCPATH\index.php(56): CodeIgniter\Boot::bootWeb(Object(Config\Paths))
WARNING - 2025-08-05 13:08:52 --> [DEPRECATED] Creation of dynamic property App\Controllers\MaterialController::$userValidation is deprecated in APPPATH\Controllers\MaterialController.php on line 20.
 1 SYSTEMPATH\CodeIgniter.php(903): App\Controllers\MaterialController->__construct()
 2 SYSTEMPATH\CodeIgniter.php(500): CodeIgniter\CodeIgniter->createController()
 3 SYSTEMPATH\CodeIgniter.php(355): CodeIgniter\CodeIgniter->handleRequest(null, Object(Config\Cache), false)
 4 SYSTEMPATH\Boot.php(325): CodeIgniter\CodeIgniter->run()
 5 SYSTEMPATH\Boot.php(67): CodeIgniter\Boot::runCodeIgniter(Object(CodeIgniter\CodeIgniter))
 6 FCPATH\index.php(56): CodeIgniter\Boot::bootWeb(Object(Config\Paths))
INFO - 2025-08-05 13:08:53 --> Session: Class initialized using 'CodeIgniter\Session\Handlers\FileHandler' driver.
WARNING - 2025-08-05 13:08:53 --> [DEPRECATED] Creation of dynamic property App\Controllers\MaterialController::$db is deprecated in APPPATH\Controllers\MaterialController.php on line 15.
 1 SYSTEMPATH\CodeIgniter.php(903): App\Controllers\MaterialController->__construct()
 2 SYSTEMPATH\CodeIgniter.php(500): CodeIgniter\CodeIgniter->createController()
 3 SYSTEMPATH\CodeIgniter.php(355): CodeIgniter\CodeIgniter->handleRequest(null, Object(Config\Cache), false)
 4 SYSTEMPATH\Boot.php(325): CodeIgniter\CodeIgniter->run()
 5 SYSTEMPATH\Boot.php(67): CodeIgniter\Boot::runCodeIgniter(Object(CodeIgniter\CodeIgniter))
 6 FCPATH\index.php(56): CodeIgniter\Boot::bootWeb(Object(Config\Paths))
WARNING - 2025-08-05 13:08:53 --> [DEPRECATED] Creation of dynamic property App\Controllers\MaterialController::$session is deprecated in APPPATH\Controllers\MaterialController.php on line 16.
 1 SYSTEMPATH\CodeIgniter.php(903): App\Controllers\MaterialController->__construct()
 2 SYSTEMPATH\CodeIgniter.php(500): CodeIgniter\CodeIgniter->createController()
 3 SYSTEMPATH\CodeIgniter.php(355): CodeIgniter\CodeIgniter->handleRequest(null, Object(Config\Cache), false)
 4 SYSTEMPATH\Boot.php(325): CodeIgniter\CodeIgniter->run()
 5 SYSTEMPATH\Boot.php(67): CodeIgniter\Boot::runCodeIgniter(Object(CodeIgniter\CodeIgniter))
 6 FCPATH\index.php(56): CodeIgniter\Boot::bootWeb(Object(Config\Paths))
WARNING - 2025-08-05 13:08:53 --> [DEPRECATED] Creation of dynamic property App\Controllers\MaterialController::$uri is deprecated in APPPATH\Controllers\MaterialController.php on line 17.
 1 SYSTEMPATH\CodeIgniter.php(903): App\Controllers\MaterialController->__construct()
 2 SYSTEMPATH\CodeIgniter.php(500): CodeIgniter\CodeIgniter->createController()
 3 SYSTEMPATH\CodeIgniter.php(355): CodeIgniter\CodeIgniter->handleRequest(null, Object(Config\Cache), false)
 4 SYSTEMPATH\Boot.php(325): CodeIgniter\CodeIgniter->run()
 5 SYSTEMPATH\Boot.php(67): CodeIgniter\Boot::runCodeIgniter(Object(CodeIgniter\CodeIgniter))
 6 FCPATH\index.php(56): CodeIgniter\Boot::bootWeb(Object(Config\Paths))
WARNING - 2025-08-05 13:08:53 --> [DEPRECATED] Creation of dynamic property App\Controllers\MaterialController::$form_validation is deprecated in APPPATH\Controllers\MaterialController.php on line 19.
 1 SYSTEMPATH\CodeIgniter.php(903): App\Controllers\MaterialController->__construct()
 2 SYSTEMPATH\CodeIgniter.php(500): CodeIgniter\CodeIgniter->createController()
 3 SYSTEMPATH\CodeIgniter.php(355): CodeIgniter\CodeIgniter->handleRequest(null, Object(Config\Cache), false)
 4 SYSTEMPATH\Boot.php(325): CodeIgniter\CodeIgniter->run()
 5 SYSTEMPATH\Boot.php(67): CodeIgniter\Boot::runCodeIgniter(Object(CodeIgniter\CodeIgniter))
 6 FCPATH\index.php(56): CodeIgniter\Boot::bootWeb(Object(Config\Paths))
WARNING - 2025-08-05 13:08:53 --> [DEPRECATED] Creation of dynamic property App\Controllers\MaterialController::$userValidation is deprecated in APPPATH\Controllers\MaterialController.php on line 20.
 1 SYSTEMPATH\CodeIgniter.php(903): App\Controllers\MaterialController->__construct()
 2 SYSTEMPATH\CodeIgniter.php(500): CodeIgniter\CodeIgniter->createController()
 3 SYSTEMPATH\CodeIgniter.php(355): CodeIgniter\CodeIgniter->handleRequest(null, Object(Config\Cache), false)
 4 SYSTEMPATH\Boot.php(325): CodeIgniter\CodeIgniter->run()
 5 SYSTEMPATH\Boot.php(67): CodeIgniter\Boot::runCodeIgniter(Object(CodeIgniter\CodeIgniter))
 6 FCPATH\index.php(56): CodeIgniter\Boot::bootWeb(Object(Config\Paths))
INFO - 2025-08-05 13:08:53 --> Session: Class initialized using 'CodeIgniter\Session\Handlers\FileHandler' driver.
WARNING - 2025-08-05 13:08:53 --> [DEPRECATED] Creation of dynamic property App\Controllers\MaterialController::$db is deprecated in APPPATH\Controllers\MaterialController.php on line 15.
 1 SYSTEMPATH\CodeIgniter.php(903): App\Controllers\MaterialController->__construct()
 2 SYSTEMPATH\CodeIgniter.php(500): CodeIgniter\CodeIgniter->createController()
 3 SYSTEMPATH\CodeIgniter.php(355): CodeIgniter\CodeIgniter->handleRequest(null, Object(Config\Cache), false)
 4 SYSTEMPATH\Boot.php(325): CodeIgniter\CodeIgniter->run()
 5 SYSTEMPATH\Boot.php(67): CodeIgniter\Boot::runCodeIgniter(Object(CodeIgniter\CodeIgniter))
 6 FCPATH\index.php(56): CodeIgniter\Boot::bootWeb(Object(Config\Paths))
WARNING - 2025-08-05 13:08:53 --> [DEPRECATED] Creation of dynamic property App\Controllers\MaterialController::$session is deprecated in APPPATH\Controllers\MaterialController.php on line 16.
 1 SYSTEMPATH\CodeIgniter.php(903): App\Controllers\MaterialController->__construct()
 2 SYSTEMPATH\CodeIgniter.php(500): CodeIgniter\CodeIgniter->createController()
 3 SYSTEMPATH\CodeIgniter.php(355): CodeIgniter\CodeIgniter->handleRequest(null, Object(Config\Cache), false)
 4 SYSTEMPATH\Boot.php(325): CodeIgniter\CodeIgniter->run()
 5 SYSTEMPATH\Boot.php(67): CodeIgniter\Boot::runCodeIgniter(Object(CodeIgniter\CodeIgniter))
 6 FCPATH\index.php(56): CodeIgniter\Boot::bootWeb(Object(Config\Paths))
WARNING - 2025-08-05 13:08:53 --> [DEPRECATED] Creation of dynamic property App\Controllers\MaterialController::$uri is deprecated in APPPATH\Controllers\MaterialController.php on line 17.
 1 SYSTEMPATH\CodeIgniter.php(903): App\Controllers\MaterialController->__construct()
 2 SYSTEMPATH\CodeIgniter.php(500): CodeIgniter\CodeIgniter->createController()
 3 SYSTEMPATH\CodeIgniter.php(355): CodeIgniter\CodeIgniter->handleRequest(null, Object(Config\Cache), false)
 4 SYSTEMPATH\Boot.php(325): CodeIgniter\CodeIgniter->run()
 5 SYSTEMPATH\Boot.php(67): CodeIgniter\Boot::runCodeIgniter(Object(CodeIgniter\CodeIgniter))
 6 FCPATH\index.php(56): CodeIgniter\Boot::bootWeb(Object(Config\Paths))
WARNING - 2025-08-05 13:08:53 --> [DEPRECATED] Creation of dynamic property App\Controllers\MaterialController::$form_validation is deprecated in APPPATH\Controllers\MaterialController.php on line 19.
 1 SYSTEMPATH\CodeIgniter.php(903): App\Controllers\MaterialController->__construct()
 2 SYSTEMPATH\CodeIgniter.php(500): CodeIgniter\CodeIgniter->createController()
 3 SYSTEMPATH\CodeIgniter.php(355): CodeIgniter\CodeIgniter->handleRequest(null, Object(Config\Cache), false)
 4 SYSTEMPATH\Boot.php(325): CodeIgniter\CodeIgniter->run()
 5 SYSTEMPATH\Boot.php(67): CodeIgniter\Boot::runCodeIgniter(Object(CodeIgniter\CodeIgniter))
 6 FCPATH\index.php(56): CodeIgniter\Boot::bootWeb(Object(Config\Paths))
WARNING - 2025-08-05 13:08:53 --> [DEPRECATED] Creation of dynamic property App\Controllers\MaterialController::$userValidation is deprecated in APPPATH\Controllers\MaterialController.php on line 20.
 1 SYSTEMPATH\CodeIgniter.php(903): App\Controllers\MaterialController->__construct()
 2 SYSTEMPATH\CodeIgniter.php(500): CodeIgniter\CodeIgniter->createController()
 3 SYSTEMPATH\CodeIgniter.php(355): CodeIgniter\CodeIgniter->handleRequest(null, Object(Config\Cache), false)
 4 SYSTEMPATH\Boot.php(325): CodeIgniter\CodeIgniter->run()
 5 SYSTEMPATH\Boot.php(67): CodeIgniter\Boot::runCodeIgniter(Object(CodeIgniter\CodeIgniter))
 6 FCPATH\index.php(56): CodeIgniter\Boot::bootWeb(Object(Config\Paths))
INFO - 2025-08-05 13:08:54 --> Session: Class initialized using 'CodeIgniter\Session\Handlers\FileHandler' driver.
WARNING - 2025-08-05 13:08:54 --> [DEPRECATED] Creation of dynamic property App\Controllers\MaterialController::$db is deprecated in APPPATH\Controllers\MaterialController.php on line 15.
 1 SYSTEMPATH\CodeIgniter.php(903): App\Controllers\MaterialController->__construct()
 2 SYSTEMPATH\CodeIgniter.php(500): CodeIgniter\CodeIgniter->createController()
 3 SYSTEMPATH\CodeIgniter.php(355): CodeIgniter\CodeIgniter->handleRequest(null, Object(Config\Cache), false)
 4 SYSTEMPATH\Boot.php(325): CodeIgniter\CodeIgniter->run()
 5 SYSTEMPATH\Boot.php(67): CodeIgniter\Boot::runCodeIgniter(Object(CodeIgniter\CodeIgniter))
 6 FCPATH\index.php(56): CodeIgniter\Boot::bootWeb(Object(Config\Paths))
WARNING - 2025-08-05 13:08:54 --> [DEPRECATED] Creation of dynamic property App\Controllers\MaterialController::$session is deprecated in APPPATH\Controllers\MaterialController.php on line 16.
 1 SYSTEMPATH\CodeIgniter.php(903): App\Controllers\MaterialController->__construct()
 2 SYSTEMPATH\CodeIgniter.php(500): CodeIgniter\CodeIgniter->createController()
 3 SYSTEMPATH\CodeIgniter.php(355): CodeIgniter\CodeIgniter->handleRequest(null, Object(Config\Cache), false)
 4 SYSTEMPATH\Boot.php(325): CodeIgniter\CodeIgniter->run()
 5 SYSTEMPATH\Boot.php(67): CodeIgniter\Boot::runCodeIgniter(Object(CodeIgniter\CodeIgniter))
 6 FCPATH\index.php(56): CodeIgniter\Boot::bootWeb(Object(Config\Paths))
WARNING - 2025-08-05 13:08:54 --> [DEPRECATED] Creation of dynamic property App\Controllers\MaterialController::$uri is deprecated in APPPATH\Controllers\MaterialController.php on line 17.
 1 SYSTEMPATH\CodeIgniter.php(903): App\Controllers\MaterialController->__construct()
 2 SYSTEMPATH\CodeIgniter.php(500): CodeIgniter\CodeIgniter->createController()
 3 SYSTEMPATH\CodeIgniter.php(355): CodeIgniter\CodeIgniter->handleRequest(null, Object(Config\Cache), false)
 4 SYSTEMPATH\Boot.php(325): CodeIgniter\CodeIgniter->run()
 5 SYSTEMPATH\Boot.php(67): CodeIgniter\Boot::runCodeIgniter(Object(CodeIgniter\CodeIgniter))
 6 FCPATH\index.php(56): CodeIgniter\Boot::bootWeb(Object(Config\Paths))
WARNING - 2025-08-05 13:08:54 --> [DEPRECATED] Creation of dynamic property App\Controllers\MaterialController::$form_validation is deprecated in APPPATH\Controllers\MaterialController.php on line 19.
 1 SYSTEMPATH\CodeIgniter.php(903): App\Controllers\MaterialController->__construct()
 2 SYSTEMPATH\CodeIgniter.php(500): CodeIgniter\CodeIgniter->createController()
 3 SYSTEMPATH\CodeIgniter.php(355): CodeIgniter\CodeIgniter->handleRequest(null, Object(Config\Cache), false)
 4 SYSTEMPATH\Boot.php(325): CodeIgniter\CodeIgniter->run()
 5 SYSTEMPATH\Boot.php(67): CodeIgniter\Boot::runCodeIgniter(Object(CodeIgniter\CodeIgniter))
 6 FCPATH\index.php(56): CodeIgniter\Boot::bootWeb(Object(Config\Paths))
WARNING - 2025-08-05 13:08:54 --> [DEPRECATED] Creation of dynamic property App\Controllers\MaterialController::$userValidation is deprecated in APPPATH\Controllers\MaterialController.php on line 20.
 1 SYSTEMPATH\CodeIgniter.php(903): App\Controllers\MaterialController->__construct()
 2 SYSTEMPATH\CodeIgniter.php(500): CodeIgniter\CodeIgniter->createController()
 3 SYSTEMPATH\CodeIgniter.php(355): CodeIgniter\CodeIgniter->handleRequest(null, Object(Config\Cache), false)
 4 SYSTEMPATH\Boot.php(325): CodeIgniter\CodeIgniter->run()
 5 SYSTEMPATH\Boot.php(67): CodeIgniter\Boot::runCodeIgniter(Object(CodeIgniter\CodeIgniter))
 6 FCPATH\index.php(56): CodeIgniter\Boot::bootWeb(Object(Config\Paths))
INFO - 2025-08-05 13:08:54 --> Session: Class initialized using 'CodeIgniter\Session\Handlers\FileHandler' driver.
WARNING - 2025-08-05 13:08:54 --> [DEPRECATED] Creation of dynamic property App\Controllers\MaterialController::$db is deprecated in APPPATH\Controllers\MaterialController.php on line 15.
 1 SYSTEMPATH\CodeIgniter.php(903): App\Controllers\MaterialController->__construct()
 2 SYSTEMPATH\CodeIgniter.php(500): CodeIgniter\CodeIgniter->createController()
 3 SYSTEMPATH\CodeIgniter.php(355): CodeIgniter\CodeIgniter->handleRequest(null, Object(Config\Cache), false)
 4 SYSTEMPATH\Boot.php(325): CodeIgniter\CodeIgniter->run()
 5 SYSTEMPATH\Boot.php(67): CodeIgniter\Boot::runCodeIgniter(Object(CodeIgniter\CodeIgniter))
 6 FCPATH\index.php(56): CodeIgniter\Boot::bootWeb(Object(Config\Paths))
WARNING - 2025-08-05 13:08:54 --> [DEPRECATED] Creation of dynamic property App\Controllers\MaterialController::$session is deprecated in APPPATH\Controllers\MaterialController.php on line 16.
 1 SYSTEMPATH\CodeIgniter.php(903): App\Controllers\MaterialController->__construct()
 2 SYSTEMPATH\CodeIgniter.php(500): CodeIgniter\CodeIgniter->createController()
 3 SYSTEMPATH\CodeIgniter.php(355): CodeIgniter\CodeIgniter->handleRequest(null, Object(Config\Cache), false)
 4 SYSTEMPATH\Boot.php(325): CodeIgniter\CodeIgniter->run()
 5 SYSTEMPATH\Boot.php(67): CodeIgniter\Boot::runCodeIgniter(Object(CodeIgniter\CodeIgniter))
 6 FCPATH\index.php(56): CodeIgniter\Boot::bootWeb(Object(Config\Paths))
WARNING - 2025-08-05 13:08:54 --> [DEPRECATED] Creation of dynamic property App\Controllers\MaterialController::$uri is deprecated in APPPATH\Controllers\MaterialController.php on line 17.
 1 SYSTEMPATH\CodeIgniter.php(903): App\Controllers\MaterialController->__construct()
 2 SYSTEMPATH\CodeIgniter.php(500): CodeIgniter\CodeIgniter->createController()
 3 SYSTEMPATH\CodeIgniter.php(355): CodeIgniter\CodeIgniter->handleRequest(null, Object(Config\Cache), false)
 4 SYSTEMPATH\Boot.php(325): CodeIgniter\CodeIgniter->run()
 5 SYSTEMPATH\Boot.php(67): CodeIgniter\Boot::runCodeIgniter(Object(CodeIgniter\CodeIgniter))
 6 FCPATH\index.php(56): CodeIgniter\Boot::bootWeb(Object(Config\Paths))
WARNING - 2025-08-05 13:08:54 --> [DEPRECATED] Creation of dynamic property App\Controllers\MaterialController::$form_validation is deprecated in APPPATH\Controllers\MaterialController.php on line 19.
 1 SYSTEMPATH\CodeIgniter.php(903): App\Controllers\MaterialController->__construct()
 2 SYSTEMPATH\CodeIgniter.php(500): CodeIgniter\CodeIgniter->createController()
 3 SYSTEMPATH\CodeIgniter.php(355): CodeIgniter\CodeIgniter->handleRequest(null, Object(Config\Cache), false)
 4 SYSTEMPATH\Boot.php(325): CodeIgniter\CodeIgniter->run()
 5 SYSTEMPATH\Boot.php(67): CodeIgniter\Boot::runCodeIgniter(Object(CodeIgniter\CodeIgniter))
 6 FCPATH\index.php(56): CodeIgniter\Boot::bootWeb(Object(Config\Paths))
WARNING - 2025-08-05 13:08:54 --> [DEPRECATED] Creation of dynamic property App\Controllers\MaterialController::$userValidation is deprecated in APPPATH\Controllers\MaterialController.php on line 20.
 1 SYSTEMPATH\CodeIgniter.php(903): App\Controllers\MaterialController->__construct()
 2 SYSTEMPATH\CodeIgniter.php(500): CodeIgniter\CodeIgniter->createController()
 3 SYSTEMPATH\CodeIgniter.php(355): CodeIgniter\CodeIgniter->handleRequest(null, Object(Config\Cache), false)
 4 SYSTEMPATH\Boot.php(325): CodeIgniter\CodeIgniter->run()
 5 SYSTEMPATH\Boot.php(67): CodeIgniter\Boot::runCodeIgniter(Object(CodeIgniter\CodeIgniter))
 6 FCPATH\index.php(56): CodeIgniter\Boot::bootWeb(Object(Config\Paths))
INFO - 2025-08-05 13:08:55 --> Session: Class initialized using 'CodeIgniter\Session\Handlers\FileHandler' driver.
WARNING - 2025-08-05 13:08:55 --> [DEPRECATED] Creation of dynamic property App\Controllers\MaterialController::$db is deprecated in APPPATH\Controllers\MaterialController.php on line 15.
 1 SYSTEMPATH\CodeIgniter.php(903): App\Controllers\MaterialController->__construct()
 2 SYSTEMPATH\CodeIgniter.php(500): CodeIgniter\CodeIgniter->createController()
 3 SYSTEMPATH\CodeIgniter.php(355): CodeIgniter\CodeIgniter->handleRequest(null, Object(Config\Cache), false)
 4 SYSTEMPATH\Boot.php(325): CodeIgniter\CodeIgniter->run()
 5 SYSTEMPATH\Boot.php(67): CodeIgniter\Boot::runCodeIgniter(Object(CodeIgniter\CodeIgniter))
 6 FCPATH\index.php(56): CodeIgniter\Boot::bootWeb(Object(Config\Paths))
WARNING - 2025-08-05 13:08:55 --> [DEPRECATED] Creation of dynamic property App\Controllers\MaterialController::$session is deprecated in APPPATH\Controllers\MaterialController.php on line 16.
 1 SYSTEMPATH\CodeIgniter.php(903): App\Controllers\MaterialController->__construct()
 2 SYSTEMPATH\CodeIgniter.php(500): CodeIgniter\CodeIgniter->createController()
 3 SYSTEMPATH\CodeIgniter.php(355): CodeIgniter\CodeIgniter->handleRequest(null, Object(Config\Cache), false)
 4 SYSTEMPATH\Boot.php(325): CodeIgniter\CodeIgniter->run()
 5 SYSTEMPATH\Boot.php(67): CodeIgniter\Boot::runCodeIgniter(Object(CodeIgniter\CodeIgniter))
 6 FCPATH\index.php(56): CodeIgniter\Boot::bootWeb(Object(Config\Paths))
WARNING - 2025-08-05 13:08:55 --> [DEPRECATED] Creation of dynamic property App\Controllers\MaterialController::$uri is deprecated in APPPATH\Controllers\MaterialController.php on line 17.
 1 SYSTEMPATH\CodeIgniter.php(903): App\Controllers\MaterialController->__construct()
 2 SYSTEMPATH\CodeIgniter.php(500): CodeIgniter\CodeIgniter->createController()
 3 SYSTEMPATH\CodeIgniter.php(355): CodeIgniter\CodeIgniter->handleRequest(null, Object(Config\Cache), false)
 4 SYSTEMPATH\Boot.php(325): CodeIgniter\CodeIgniter->run()
 5 SYSTEMPATH\Boot.php(67): CodeIgniter\Boot::runCodeIgniter(Object(CodeIgniter\CodeIgniter))
 6 FCPATH\index.php(56): CodeIgniter\Boot::bootWeb(Object(Config\Paths))
WARNING - 2025-08-05 13:08:55 --> [DEPRECATED] Creation of dynamic property App\Controllers\MaterialController::$form_validation is deprecated in APPPATH\Controllers\MaterialController.php on line 19.
 1 SYSTEMPATH\CodeIgniter.php(903): App\Controllers\MaterialController->__construct()
 2 SYSTEMPATH\CodeIgniter.php(500): CodeIgniter\CodeIgniter->createController()
 3 SYSTEMPATH\CodeIgniter.php(355): CodeIgniter\CodeIgniter->handleRequest(null, Object(Config\Cache), false)
 4 SYSTEMPATH\Boot.php(325): CodeIgniter\CodeIgniter->run()
 5 SYSTEMPATH\Boot.php(67): CodeIgniter\Boot::runCodeIgniter(Object(CodeIgniter\CodeIgniter))
 6 FCPATH\index.php(56): CodeIgniter\Boot::bootWeb(Object(Config\Paths))
WARNING - 2025-08-05 13:08:55 --> [DEPRECATED] Creation of dynamic property App\Controllers\MaterialController::$userValidation is deprecated in APPPATH\Controllers\MaterialController.php on line 20.
 1 SYSTEMPATH\CodeIgniter.php(903): App\Controllers\MaterialController->__construct()
 2 SYSTEMPATH\CodeIgniter.php(500): CodeIgniter\CodeIgniter->createController()
 3 SYSTEMPATH\CodeIgniter.php(355): CodeIgniter\CodeIgniter->handleRequest(null, Object(Config\Cache), false)
 4 SYSTEMPATH\Boot.php(325): CodeIgniter\CodeIgniter->run()
 5 SYSTEMPATH\Boot.php(67): CodeIgniter\Boot::runCodeIgniter(Object(CodeIgniter\CodeIgniter))
 6 FCPATH\index.php(56): CodeIgniter\Boot::bootWeb(Object(Config\Paths))
INFO - 2025-08-05 13:08:56 --> Session: Class initialized using 'CodeIgniter\Session\Handlers\FileHandler' driver.
WARNING - 2025-08-05 13:08:56 --> [DEPRECATED] Creation of dynamic property App\Controllers\MaterialController::$db is deprecated in APPPATH\Controllers\MaterialController.php on line 15.
 1 SYSTEMPATH\CodeIgniter.php(903): App\Controllers\MaterialController->__construct()
 2 SYSTEMPATH\CodeIgniter.php(500): CodeIgniter\CodeIgniter->createController()
 3 SYSTEMPATH\CodeIgniter.php(355): CodeIgniter\CodeIgniter->handleRequest(null, Object(Config\Cache), false)
 4 SYSTEMPATH\Boot.php(325): CodeIgniter\CodeIgniter->run()
 5 SYSTEMPATH\Boot.php(67): CodeIgniter\Boot::runCodeIgniter(Object(CodeIgniter\CodeIgniter))
 6 FCPATH\index.php(56): CodeIgniter\Boot::bootWeb(Object(Config\Paths))
WARNING - 2025-08-05 13:08:56 --> [DEPRECATED] Creation of dynamic property App\Controllers\MaterialController::$session is deprecated in APPPATH\Controllers\MaterialController.php on line 16.
 1 SYSTEMPATH\CodeIgniter.php(903): App\Controllers\MaterialController->__construct()
 2 SYSTEMPATH\CodeIgniter.php(500): CodeIgniter\CodeIgniter->createController()
 3 SYSTEMPATH\CodeIgniter.php(355): CodeIgniter\CodeIgniter->handleRequest(null, Object(Config\Cache), false)
 4 SYSTEMPATH\Boot.php(325): CodeIgniter\CodeIgniter->run()
 5 SYSTEMPATH\Boot.php(67): CodeIgniter\Boot::runCodeIgniter(Object(CodeIgniter\CodeIgniter))
 6 FCPATH\index.php(56): CodeIgniter\Boot::bootWeb(Object(Config\Paths))
WARNING - 2025-08-05 13:08:56 --> [DEPRECATED] Creation of dynamic property App\Controllers\MaterialController::$uri is deprecated in APPPATH\Controllers\MaterialController.php on line 17.
 1 SYSTEMPATH\CodeIgniter.php(903): App\Controllers\MaterialController->__construct()
 2 SYSTEMPATH\CodeIgniter.php(500): CodeIgniter\CodeIgniter->createController()
 3 SYSTEMPATH\CodeIgniter.php(355): CodeIgniter\CodeIgniter->handleRequest(null, Object(Config\Cache), false)
 4 SYSTEMPATH\Boot.php(325): CodeIgniter\CodeIgniter->run()
 5 SYSTEMPATH\Boot.php(67): CodeIgniter\Boot::runCodeIgniter(Object(CodeIgniter\CodeIgniter))
 6 FCPATH\index.php(56): CodeIgniter\Boot::bootWeb(Object(Config\Paths))
WARNING - 2025-08-05 13:08:56 --> [DEPRECATED] Creation of dynamic property App\Controllers\MaterialController::$form_validation is deprecated in APPPATH\Controllers\MaterialController.php on line 19.
 1 SYSTEMPATH\CodeIgniter.php(903): App\Controllers\MaterialController->__construct()
 2 SYSTEMPATH\CodeIgniter.php(500): CodeIgniter\CodeIgniter->createController()
 3 SYSTEMPATH\CodeIgniter.php(355): CodeIgniter\CodeIgniter->handleRequest(null, Object(Config\Cache), false)
 4 SYSTEMPATH\Boot.php(325): CodeIgniter\CodeIgniter->run()
 5 SYSTEMPATH\Boot.php(67): CodeIgniter\Boot::runCodeIgniter(Object(CodeIgniter\CodeIgniter))
 6 FCPATH\index.php(56): CodeIgniter\Boot::bootWeb(Object(Config\Paths))
WARNING - 2025-08-05 13:08:56 --> [DEPRECATED] Creation of dynamic property App\Controllers\MaterialController::$userValidation is deprecated in APPPATH\Controllers\MaterialController.php on line 20.
 1 SYSTEMPATH\CodeIgniter.php(903): App\Controllers\MaterialController->__construct()
 2 SYSTEMPATH\CodeIgniter.php(500): CodeIgniter\CodeIgniter->createController()
 3 SYSTEMPATH\CodeIgniter.php(355): CodeIgniter\CodeIgniter->handleRequest(null, Object(Config\Cache), false)
 4 SYSTEMPATH\Boot.php(325): CodeIgniter\CodeIgniter->run()
 5 SYSTEMPATH\Boot.php(67): CodeIgniter\Boot::runCodeIgniter(Object(CodeIgniter\CodeIgniter))
 6 FCPATH\index.php(56): CodeIgniter\Boot::bootWeb(Object(Config\Paths))
INFO - 2025-08-05 13:08:57 --> Session: Class initialized using 'CodeIgniter\Session\Handlers\FileHandler' driver.
WARNING - 2025-08-05 13:08:57 --> [DEPRECATED] Creation of dynamic property App\Controllers\MaterialController::$db is deprecated in APPPATH\Controllers\MaterialController.php on line 15.
 1 SYSTEMPATH\CodeIgniter.php(903): App\Controllers\MaterialController->__construct()
 2 SYSTEMPATH\CodeIgniter.php(500): CodeIgniter\CodeIgniter->createController()
 3 SYSTEMPATH\CodeIgniter.php(355): CodeIgniter\CodeIgniter->handleRequest(null, Object(Config\Cache), false)
 4 SYSTEMPATH\Boot.php(325): CodeIgniter\CodeIgniter->run()
 5 SYSTEMPATH\Boot.php(67): CodeIgniter\Boot::runCodeIgniter(Object(CodeIgniter\CodeIgniter))
 6 FCPATH\index.php(56): CodeIgniter\Boot::bootWeb(Object(Config\Paths))
WARNING - 2025-08-05 13:08:57 --> [DEPRECATED] Creation of dynamic property App\Controllers\MaterialController::$session is deprecated in APPPATH\Controllers\MaterialController.php on line 16.
 1 SYSTEMPATH\CodeIgniter.php(903): App\Controllers\MaterialController->__construct()
 2 SYSTEMPATH\CodeIgniter.php(500): CodeIgniter\CodeIgniter->createController()
 3 SYSTEMPATH\CodeIgniter.php(355): CodeIgniter\CodeIgniter->handleRequest(null, Object(Config\Cache), false)
 4 SYSTEMPATH\Boot.php(325): CodeIgniter\CodeIgniter->run()
 5 SYSTEMPATH\Boot.php(67): CodeIgniter\Boot::runCodeIgniter(Object(CodeIgniter\CodeIgniter))
 6 FCPATH\index.php(56): CodeIgniter\Boot::bootWeb(Object(Config\Paths))
WARNING - 2025-08-05 13:08:57 --> [DEPRECATED] Creation of dynamic property App\Controllers\MaterialController::$uri is deprecated in APPPATH\Controllers\MaterialController.php on line 17.
 1 SYSTEMPATH\CodeIgniter.php(903): App\Controllers\MaterialController->__construct()
 2 SYSTEMPATH\CodeIgniter.php(500): CodeIgniter\CodeIgniter->createController()
 3 SYSTEMPATH\CodeIgniter.php(355): CodeIgniter\CodeIgniter->handleRequest(null, Object(Config\Cache), false)
 4 SYSTEMPATH\Boot.php(325): CodeIgniter\CodeIgniter->run()
 5 SYSTEMPATH\Boot.php(67): CodeIgniter\Boot::runCodeIgniter(Object(CodeIgniter\CodeIgniter))
 6 FCPATH\index.php(56): CodeIgniter\Boot::bootWeb(Object(Config\Paths))
WARNING - 2025-08-05 13:08:57 --> [DEPRECATED] Creation of dynamic property App\Controllers\MaterialController::$form_validation is deprecated in APPPATH\Controllers\MaterialController.php on line 19.
 1 SYSTEMPATH\CodeIgniter.php(903): App\Controllers\MaterialController->__construct()
 2 SYSTEMPATH\CodeIgniter.php(500): CodeIgniter\CodeIgniter->createController()
 3 SYSTEMPATH\CodeIgniter.php(355): CodeIgniter\CodeIgniter->handleRequest(null, Object(Config\Cache), false)
 4 SYSTEMPATH\Boot.php(325): CodeIgniter\CodeIgniter->run()
 5 SYSTEMPATH\Boot.php(67): CodeIgniter\Boot::runCodeIgniter(Object(CodeIgniter\CodeIgniter))
 6 FCPATH\index.php(56): CodeIgniter\Boot::bootWeb(Object(Config\Paths))
WARNING - 2025-08-05 13:08:57 --> [DEPRECATED] Creation of dynamic property App\Controllers\MaterialController::$userValidation is deprecated in APPPATH\Controllers\MaterialController.php on line 20.
 1 SYSTEMPATH\CodeIgniter.php(903): App\Controllers\MaterialController->__construct()
 2 SYSTEMPATH\CodeIgniter.php(500): CodeIgniter\CodeIgniter->createController()
 3 SYSTEMPATH\CodeIgniter.php(355): CodeIgniter\CodeIgniter->handleRequest(null, Object(Config\Cache), false)
 4 SYSTEMPATH\Boot.php(325): CodeIgniter\CodeIgniter->run()
 5 SYSTEMPATH\Boot.php(67): CodeIgniter\Boot::runCodeIgniter(Object(CodeIgniter\CodeIgniter))
 6 FCPATH\index.php(56): CodeIgniter\Boot::bootWeb(Object(Config\Paths))
INFO - 2025-08-05 13:08:58 --> Session: Class initialized using 'CodeIgniter\Session\Handlers\FileHandler' driver.
WARNING - 2025-08-05 13:08:58 --> [DEPRECATED] Creation of dynamic property App\Controllers\MaterialController::$db is deprecated in APPPATH\Controllers\MaterialController.php on line 15.
 1 SYSTEMPATH\CodeIgniter.php(903): App\Controllers\MaterialController->__construct()
 2 SYSTEMPATH\CodeIgniter.php(500): CodeIgniter\CodeIgniter->createController()
 3 SYSTEMPATH\CodeIgniter.php(355): CodeIgniter\CodeIgniter->handleRequest(null, Object(Config\Cache), false)
 4 SYSTEMPATH\Boot.php(325): CodeIgniter\CodeIgniter->run()
 5 SYSTEMPATH\Boot.php(67): CodeIgniter\Boot::runCodeIgniter(Object(CodeIgniter\CodeIgniter))
 6 FCPATH\index.php(56): CodeIgniter\Boot::bootWeb(Object(Config\Paths))
WARNING - 2025-08-05 13:08:58 --> [DEPRECATED] Creation of dynamic property App\Controllers\MaterialController::$session is deprecated in APPPATH\Controllers\MaterialController.php on line 16.
 1 SYSTEMPATH\CodeIgniter.php(903): App\Controllers\MaterialController->__construct()
 2 SYSTEMPATH\CodeIgniter.php(500): CodeIgniter\CodeIgniter->createController()
 3 SYSTEMPATH\CodeIgniter.php(355): CodeIgniter\CodeIgniter->handleRequest(null, Object(Config\Cache), false)
 4 SYSTEMPATH\Boot.php(325): CodeIgniter\CodeIgniter->run()
 5 SYSTEMPATH\Boot.php(67): CodeIgniter\Boot::runCodeIgniter(Object(CodeIgniter\CodeIgniter))
 6 FCPATH\index.php(56): CodeIgniter\Boot::bootWeb(Object(Config\Paths))
WARNING - 2025-08-05 13:08:58 --> [DEPRECATED] Creation of dynamic property App\Controllers\MaterialController::$uri is deprecated in APPPATH\Controllers\MaterialController.php on line 17.
 1 SYSTEMPATH\CodeIgniter.php(903): App\Controllers\MaterialController->__construct()
 2 SYSTEMPATH\CodeIgniter.php(500): CodeIgniter\CodeIgniter->createController()
 3 SYSTEMPATH\CodeIgniter.php(355): CodeIgniter\CodeIgniter->handleRequest(null, Object(Config\Cache), false)
 4 SYSTEMPATH\Boot.php(325): CodeIgniter\CodeIgniter->run()
 5 SYSTEMPATH\Boot.php(67): CodeIgniter\Boot::runCodeIgniter(Object(CodeIgniter\CodeIgniter))
 6 FCPATH\index.php(56): CodeIgniter\Boot::bootWeb(Object(Config\Paths))
WARNING - 2025-08-05 13:08:58 --> [DEPRECATED] Creation of dynamic property App\Controllers\MaterialController::$form_validation is deprecated in APPPATH\Controllers\MaterialController.php on line 19.
 1 SYSTEMPATH\CodeIgniter.php(903): App\Controllers\MaterialController->__construct()
 2 SYSTEMPATH\CodeIgniter.php(500): CodeIgniter\CodeIgniter->createController()
 3 SYSTEMPATH\CodeIgniter.php(355): CodeIgniter\CodeIgniter->handleRequest(null, Object(Config\Cache), false)
 4 SYSTEMPATH\Boot.php(325): CodeIgniter\CodeIgniter->run()
 5 SYSTEMPATH\Boot.php(67): CodeIgniter\Boot::runCodeIgniter(Object(CodeIgniter\CodeIgniter))
 6 FCPATH\index.php(56): CodeIgniter\Boot::bootWeb(Object(Config\Paths))
WARNING - 2025-08-05 13:08:58 --> [DEPRECATED] Creation of dynamic property App\Controllers\MaterialController::$userValidation is deprecated in APPPATH\Controllers\MaterialController.php on line 20.
 1 SYSTEMPATH\CodeIgniter.php(903): App\Controllers\MaterialController->__construct()
 2 SYSTEMPATH\CodeIgniter.php(500): CodeIgniter\CodeIgniter->createController()
 3 SYSTEMPATH\CodeIgniter.php(355): CodeIgniter\CodeIgniter->handleRequest(null, Object(Config\Cache), false)
 4 SYSTEMPATH\Boot.php(325): CodeIgniter\CodeIgniter->run()
 5 SYSTEMPATH\Boot.php(67): CodeIgniter\Boot::runCodeIgniter(Object(CodeIgniter\CodeIgniter))
 6 FCPATH\index.php(56): CodeIgniter\Boot::bootWeb(Object(Config\Paths))
INFO - 2025-08-05 13:08:58 --> Session: Class initialized using 'CodeIgniter\Session\Handlers\FileHandler' driver.
WARNING - 2025-08-05 13:08:58 --> [DEPRECATED] Creation of dynamic property App\Controllers\MaterialController::$db is deprecated in APPPATH\Controllers\MaterialController.php on line 15.
 1 SYSTEMPATH\CodeIgniter.php(903): App\Controllers\MaterialController->__construct()
 2 SYSTEMPATH\CodeIgniter.php(500): CodeIgniter\CodeIgniter->createController()
 3 SYSTEMPATH\CodeIgniter.php(355): CodeIgniter\CodeIgniter->handleRequest(null, Object(Config\Cache), false)
 4 SYSTEMPATH\Boot.php(325): CodeIgniter\CodeIgniter->run()
 5 SYSTEMPATH\Boot.php(67): CodeIgniter\Boot::runCodeIgniter(Object(CodeIgniter\CodeIgniter))
 6 FCPATH\index.php(56): CodeIgniter\Boot::bootWeb(Object(Config\Paths))
WARNING - 2025-08-05 13:08:58 --> [DEPRECATED] Creation of dynamic property App\Controllers\MaterialController::$session is deprecated in APPPATH\Controllers\MaterialController.php on line 16.
 1 SYSTEMPATH\CodeIgniter.php(903): App\Controllers\MaterialController->__construct()
 2 SYSTEMPATH\CodeIgniter.php(500): CodeIgniter\CodeIgniter->createController()
 3 SYSTEMPATH\CodeIgniter.php(355): CodeIgniter\CodeIgniter->handleRequest(null, Object(Config\Cache), false)
 4 SYSTEMPATH\Boot.php(325): CodeIgniter\CodeIgniter->run()
 5 SYSTEMPATH\Boot.php(67): CodeIgniter\Boot::runCodeIgniter(Object(CodeIgniter\CodeIgniter))
 6 FCPATH\index.php(56): CodeIgniter\Boot::bootWeb(Object(Config\Paths))
WARNING - 2025-08-05 13:08:58 --> [DEPRECATED] Creation of dynamic property App\Controllers\MaterialController::$uri is deprecated in APPPATH\Controllers\MaterialController.php on line 17.
 1 SYSTEMPATH\CodeIgniter.php(903): App\Controllers\MaterialController->__construct()
 2 SYSTEMPATH\CodeIgniter.php(500): CodeIgniter\CodeIgniter->createController()
 3 SYSTEMPATH\CodeIgniter.php(355): CodeIgniter\CodeIgniter->handleRequest(null, Object(Config\Cache), false)
 4 SYSTEMPATH\Boot.php(325): CodeIgniter\CodeIgniter->run()
 5 SYSTEMPATH\Boot.php(67): CodeIgniter\Boot::runCodeIgniter(Object(CodeIgniter\CodeIgniter))
 6 FCPATH\index.php(56): CodeIgniter\Boot::bootWeb(Object(Config\Paths))
WARNING - 2025-08-05 13:08:58 --> [DEPRECATED] Creation of dynamic property App\Controllers\MaterialController::$form_validation is deprecated in APPPATH\Controllers\MaterialController.php on line 19.
 1 SYSTEMPATH\CodeIgniter.php(903): App\Controllers\MaterialController->__construct()
 2 SYSTEMPATH\CodeIgniter.php(500): CodeIgniter\CodeIgniter->createController()
 3 SYSTEMPATH\CodeIgniter.php(355): CodeIgniter\CodeIgniter->handleRequest(null, Object(Config\Cache), false)
 4 SYSTEMPATH\Boot.php(325): CodeIgniter\CodeIgniter->run()
 5 SYSTEMPATH\Boot.php(67): CodeIgniter\Boot::runCodeIgniter(Object(CodeIgniter\CodeIgniter))
 6 FCPATH\index.php(56): CodeIgniter\Boot::bootWeb(Object(Config\Paths))
WARNING - 2025-08-05 13:08:58 --> [DEPRECATED] Creation of dynamic property App\Controllers\MaterialController::$userValidation is deprecated in APPPATH\Controllers\MaterialController.php on line 20.
 1 SYSTEMPATH\CodeIgniter.php(903): App\Controllers\MaterialController->__construct()
 2 SYSTEMPATH\CodeIgniter.php(500): CodeIgniter\CodeIgniter->createController()
 3 SYSTEMPATH\CodeIgniter.php(355): CodeIgniter\CodeIgniter->handleRequest(null, Object(Config\Cache), false)
 4 SYSTEMPATH\Boot.php(325): CodeIgniter\CodeIgniter->run()
 5 SYSTEMPATH\Boot.php(67): CodeIgniter\Boot::runCodeIgniter(Object(CodeIgniter\CodeIgniter))
 6 FCPATH\index.php(56): CodeIgniter\Boot::bootWeb(Object(Config\Paths))
INFO - 2025-08-05 14:59:40 --> Session: Class initialized using 'CodeIgniter\Session\Handlers\FileHandler' driver.
INFO - 2025-08-05 14:59:40 --> Session: Class initialized using 'CodeIgniter\Session\Handlers\FileHandler' driver.
INFO - 2025-08-05 15:26:11 --> Session: Class initialized using 'CodeIgniter\Session\Handlers\FileHandler' driver.
INFO - 2025-08-05 15:26:11 --> Session: Class initialized using 'CodeIgniter\Session\Handlers\FileHandler' driver.
INFO - 2025-08-05 15:26:17 --> Session: Class initialized using 'CodeIgniter\Session\Handlers\FileHandler' driver.
INFO - 2025-08-05 15:26:21 --> Session: Class initialized using 'CodeIgniter\Session\Handlers\FileHandler' driver.
INFO - 2025-08-05 15:26:21 --> Session: Class initialized using 'CodeIgniter\Session\Handlers\FileHandler' driver.
WARNING - 2025-08-05 15:26:21 --> [DEPRECATED] Creation of dynamic property App\Controllers\WarehouseController::$db is deprecated in APPPATH\Controllers\WarehouseController.php on line 15.
 1 APPPATH\Controllers\Home.php(34): App\Controllers\WarehouseController->__construct()
 2 SYSTEMPATH\CodeIgniter.php(933): App\Controllers\Home->index()
 3 SYSTEMPATH\CodeIgniter.php(509): CodeIgniter\CodeIgniter->runController(Object(App\Controllers\Home))
 4 SYSTEMPATH\CodeIgniter.php(355): CodeIgniter\CodeIgniter->handleRequest(null, Object(Config\Cache), false)
 5 SYSTEMPATH\Boot.php(325): CodeIgniter\CodeIgniter->run()
 6 SYSTEMPATH\Boot.php(67): CodeIgniter\Boot::runCodeIgniter(Object(CodeIgniter\CodeIgniter))
 7 FCPATH\index.php(56): CodeIgniter\Boot::bootWeb(Object(Config\Paths))
WARNING - 2025-08-05 15:26:21 --> [DEPRECATED] Creation of dynamic property App\Controllers\WarehouseController::$session is deprecated in APPPATH\Controllers\WarehouseController.php on line 16.
 1 APPPATH\Controllers\Home.php(34): App\Controllers\WarehouseController->__construct()
 2 SYSTEMPATH\CodeIgniter.php(933): App\Controllers\Home->index()
 3 SYSTEMPATH\CodeIgniter.php(509): CodeIgniter\CodeIgniter->runController(Object(App\Controllers\Home))
 4 SYSTEMPATH\CodeIgniter.php(355): CodeIgniter\CodeIgniter->handleRequest(null, Object(Config\Cache), false)
 5 SYSTEMPATH\Boot.php(325): CodeIgniter\CodeIgniter->run()
 6 SYSTEMPATH\Boot.php(67): CodeIgniter\Boot::runCodeIgniter(Object(CodeIgniter\CodeIgniter))
 7 FCPATH\index.php(56): CodeIgniter\Boot::bootWeb(Object(Config\Paths))
WARNING - 2025-08-05 15:26:21 --> [DEPRECATED] Creation of dynamic property App\Controllers\WarehouseController::$uri is deprecated in APPPATH\Controllers\WarehouseController.php on line 17.
 1 APPPATH\Controllers\Home.php(34): App\Controllers\WarehouseController->__construct()
 2 SYSTEMPATH\CodeIgniter.php(933): App\Controllers\Home->index()
 3 SYSTEMPATH\CodeIgniter.php(509): CodeIgniter\CodeIgniter->runController(Object(App\Controllers\Home))
 4 SYSTEMPATH\CodeIgniter.php(355): CodeIgniter\CodeIgniter->handleRequest(null, Object(Config\Cache), false)
 5 SYSTEMPATH\Boot.php(325): CodeIgniter\CodeIgniter->run()
 6 SYSTEMPATH\Boot.php(67): CodeIgniter\Boot::runCodeIgniter(Object(CodeIgniter\CodeIgniter))
 7 FCPATH\index.php(56): CodeIgniter\Boot::bootWeb(Object(Config\Paths))
WARNING - 2025-08-05 15:26:21 --> [DEPRECATED] Creation of dynamic property App\Controllers\WarehouseController::$form_validation is deprecated in APPPATH\Controllers\WarehouseController.php on line 19.
 1 APPPATH\Controllers\Home.php(34): App\Controllers\WarehouseController->__construct()
 2 SYSTEMPATH\CodeIgniter.php(933): App\Controllers\Home->index()
 3 SYSTEMPATH\CodeIgniter.php(509): CodeIgniter\CodeIgniter->runController(Object(App\Controllers\Home))
 4 SYSTEMPATH\CodeIgniter.php(355): CodeIgniter\CodeIgniter->handleRequest(null, Object(Config\Cache), false)
 5 SYSTEMPATH\Boot.php(325): CodeIgniter\CodeIgniter->run()
 6 SYSTEMPATH\Boot.php(67): CodeIgniter\Boot::runCodeIgniter(Object(CodeIgniter\CodeIgniter))
 7 FCPATH\index.php(56): CodeIgniter\Boot::bootWeb(Object(Config\Paths))
WARNING - 2025-08-05 15:26:21 --> [DEPRECATED] Creation of dynamic property App\Controllers\WarehouseController::$userValidation is deprecated in APPPATH\Controllers\WarehouseController.php on line 20.
 1 APPPATH\Controllers\Home.php(34): App\Controllers\WarehouseController->__construct()
 2 SYSTEMPATH\CodeIgniter.php(933): App\Controllers\Home->index()
 3 SYSTEMPATH\CodeIgniter.php(509): CodeIgniter\CodeIgniter->runController(Object(App\Controllers\Home))
 4 SYSTEMPATH\CodeIgniter.php(355): CodeIgniter\CodeIgniter->handleRequest(null, Object(Config\Cache), false)
 5 SYSTEMPATH\Boot.php(325): CodeIgniter\CodeIgniter->run()
 6 SYSTEMPATH\Boot.php(67): CodeIgniter\Boot::runCodeIgniter(Object(CodeIgniter\CodeIgniter))
 7 FCPATH\index.php(56): CodeIgniter\Boot::bootWeb(Object(Config\Paths))
INFO - 2025-08-05 15:26:22 --> Session: Class initialized using 'CodeIgniter\Session\Handlers\FileHandler' driver.
WARNING - 2025-08-05 15:26:22 --> [DEPRECATED] Creation of dynamic property App\Controllers\DashboardController::$db is deprecated in APPPATH\Controllers\DashboardController.php on line 14.
 1 SYSTEMPATH\CodeIgniter.php(903): App\Controllers\DashboardController->__construct()
 2 SYSTEMPATH\CodeIgniter.php(500): CodeIgniter\CodeIgniter->createController()
 3 SYSTEMPATH\CodeIgniter.php(355): CodeIgniter\CodeIgniter->handleRequest(null, Object(Config\Cache), false)
 4 SYSTEMPATH\Boot.php(325): CodeIgniter\CodeIgniter->run()
 5 SYSTEMPATH\Boot.php(67): CodeIgniter\Boot::runCodeIgniter(Object(CodeIgniter\CodeIgniter))
 6 FCPATH\index.php(56): CodeIgniter\Boot::bootWeb(Object(Config\Paths))
WARNING - 2025-08-05 15:26:22 --> [DEPRECATED] Creation of dynamic property App\Controllers\DashboardController::$session is deprecated in APPPATH\Controllers\DashboardController.php on line 15.
 1 SYSTEMPATH\CodeIgniter.php(903): App\Controllers\DashboardController->__construct()
 2 SYSTEMPATH\CodeIgniter.php(500): CodeIgniter\CodeIgniter->createController()
 3 SYSTEMPATH\CodeIgniter.php(355): CodeIgniter\CodeIgniter->handleRequest(null, Object(Config\Cache), false)
 4 SYSTEMPATH\Boot.php(325): CodeIgniter\CodeIgniter->run()
 5 SYSTEMPATH\Boot.php(67): CodeIgniter\Boot::runCodeIgniter(Object(CodeIgniter\CodeIgniter))
 6 FCPATH\index.php(56): CodeIgniter\Boot::bootWeb(Object(Config\Paths))
WARNING - 2025-08-05 15:26:22 --> [DEPRECATED] Creation of dynamic property App\Controllers\DashboardController::$uri is deprecated in APPPATH\Controllers\DashboardController.php on line 16.
 1 SYSTEMPATH\CodeIgniter.php(903): App\Controllers\DashboardController->__construct()
 2 SYSTEMPATH\CodeIgniter.php(500): CodeIgniter\CodeIgniter->createController()
 3 SYSTEMPATH\CodeIgniter.php(355): CodeIgniter\CodeIgniter->handleRequest(null, Object(Config\Cache), false)
 4 SYSTEMPATH\Boot.php(325): CodeIgniter\CodeIgniter->run()
 5 SYSTEMPATH\Boot.php(67): CodeIgniter\Boot::runCodeIgniter(Object(CodeIgniter\CodeIgniter))
 6 FCPATH\index.php(56): CodeIgniter\Boot::bootWeb(Object(Config\Paths))
WARNING - 2025-08-05 15:26:22 --> [DEPRECATED] Creation of dynamic property App\Controllers\DashboardController::$form_validation is deprecated in APPPATH\Controllers\DashboardController.php on line 18.
 1 SYSTEMPATH\CodeIgniter.php(903): App\Controllers\DashboardController->__construct()
 2 SYSTEMPATH\CodeIgniter.php(500): CodeIgniter\CodeIgniter->createController()
 3 SYSTEMPATH\CodeIgniter.php(355): CodeIgniter\CodeIgniter->handleRequest(null, Object(Config\Cache), false)
 4 SYSTEMPATH\Boot.php(325): CodeIgniter\CodeIgniter->run()
 5 SYSTEMPATH\Boot.php(67): CodeIgniter\Boot::runCodeIgniter(Object(CodeIgniter\CodeIgniter))
 6 FCPATH\index.php(56): CodeIgniter\Boot::bootWeb(Object(Config\Paths))
WARNING - 2025-08-05 15:26:22 --> [DEPRECATED] Creation of dynamic property App\Controllers\DashboardController::$userValidation is deprecated in APPPATH\Controllers\DashboardController.php on line 19.
 1 SYSTEMPATH\CodeIgniter.php(903): App\Controllers\DashboardController->__construct()
 2 SYSTEMPATH\CodeIgniter.php(500): CodeIgniter\CodeIgniter->createController()
 3 SYSTEMPATH\CodeIgniter.php(355): CodeIgniter\CodeIgniter->handleRequest(null, Object(Config\Cache), false)
 4 SYSTEMPATH\Boot.php(325): CodeIgniter\CodeIgniter->run()
 5 SYSTEMPATH\Boot.php(67): CodeIgniter\Boot::runCodeIgniter(Object(CodeIgniter\CodeIgniter))
 6 FCPATH\index.php(56): CodeIgniter\Boot::bootWeb(Object(Config\Paths))
INFO - 2025-08-05 15:26:22 --> Session: Class initialized using 'CodeIgniter\Session\Handlers\FileHandler' driver.
WARNING - 2025-08-05 15:26:22 --> [DEPRECATED] Creation of dynamic property App\Controllers\DashboardController::$db is deprecated in APPPATH\Controllers\DashboardController.php on line 14.
 1 SYSTEMPATH\CodeIgniter.php(903): App\Controllers\DashboardController->__construct()
 2 SYSTEMPATH\CodeIgniter.php(500): CodeIgniter\CodeIgniter->createController()
 3 SYSTEMPATH\CodeIgniter.php(355): CodeIgniter\CodeIgniter->handleRequest(null, Object(Config\Cache), false)
 4 SYSTEMPATH\Boot.php(325): CodeIgniter\CodeIgniter->run()
 5 SYSTEMPATH\Boot.php(67): CodeIgniter\Boot::runCodeIgniter(Object(CodeIgniter\CodeIgniter))
 6 FCPATH\index.php(56): CodeIgniter\Boot::bootWeb(Object(Config\Paths))
WARNING - 2025-08-05 15:26:22 --> [DEPRECATED] Creation of dynamic property App\Controllers\DashboardController::$session is deprecated in APPPATH\Controllers\DashboardController.php on line 15.
 1 SYSTEMPATH\CodeIgniter.php(903): App\Controllers\DashboardController->__construct()
 2 SYSTEMPATH\CodeIgniter.php(500): CodeIgniter\CodeIgniter->createController()
 3 SYSTEMPATH\CodeIgniter.php(355): CodeIgniter\CodeIgniter->handleRequest(null, Object(Config\Cache), false)
 4 SYSTEMPATH\Boot.php(325): CodeIgniter\CodeIgniter->run()
 5 SYSTEMPATH\Boot.php(67): CodeIgniter\Boot::runCodeIgniter(Object(CodeIgniter\CodeIgniter))
 6 FCPATH\index.php(56): CodeIgniter\Boot::bootWeb(Object(Config\Paths))
WARNING - 2025-08-05 15:26:22 --> [DEPRECATED] Creation of dynamic property App\Controllers\DashboardController::$uri is deprecated in APPPATH\Controllers\DashboardController.php on line 16.
 1 SYSTEMPATH\CodeIgniter.php(903): App\Controllers\DashboardController->__construct()
 2 SYSTEMPATH\CodeIgniter.php(500): CodeIgniter\CodeIgniter->createController()
 3 SYSTEMPATH\CodeIgniter.php(355): CodeIgniter\CodeIgniter->handleRequest(null, Object(Config\Cache), false)
 4 SYSTEMPATH\Boot.php(325): CodeIgniter\CodeIgniter->run()
 5 SYSTEMPATH\Boot.php(67): CodeIgniter\Boot::runCodeIgniter(Object(CodeIgniter\CodeIgniter))
 6 FCPATH\index.php(56): CodeIgniter\Boot::bootWeb(Object(Config\Paths))
WARNING - 2025-08-05 15:26:22 --> [DEPRECATED] Creation of dynamic property App\Controllers\DashboardController::$form_validation is deprecated in APPPATH\Controllers\DashboardController.php on line 18.
 1 SYSTEMPATH\CodeIgniter.php(903): App\Controllers\DashboardController->__construct()
 2 SYSTEMPATH\CodeIgniter.php(500): CodeIgniter\CodeIgniter->createController()
 3 SYSTEMPATH\CodeIgniter.php(355): CodeIgniter\CodeIgniter->handleRequest(null, Object(Config\Cache), false)
 4 SYSTEMPATH\Boot.php(325): CodeIgniter\CodeIgniter->run()
 5 SYSTEMPATH\Boot.php(67): CodeIgniter\Boot::runCodeIgniter(Object(CodeIgniter\CodeIgniter))
 6 FCPATH\index.php(56): CodeIgniter\Boot::bootWeb(Object(Config\Paths))
WARNING - 2025-08-05 15:26:22 --> [DEPRECATED] Creation of dynamic property App\Controllers\DashboardController::$userValidation is deprecated in APPPATH\Controllers\DashboardController.php on line 19.
 1 SYSTEMPATH\CodeIgniter.php(903): App\Controllers\DashboardController->__construct()
 2 SYSTEMPATH\CodeIgniter.php(500): CodeIgniter\CodeIgniter->createController()
 3 SYSTEMPATH\CodeIgniter.php(355): CodeIgniter\CodeIgniter->handleRequest(null, Object(Config\Cache), false)
 4 SYSTEMPATH\Boot.php(325): CodeIgniter\CodeIgniter->run()
 5 SYSTEMPATH\Boot.php(67): CodeIgniter\Boot::runCodeIgniter(Object(CodeIgniter\CodeIgniter))
 6 FCPATH\index.php(56): CodeIgniter\Boot::bootWeb(Object(Config\Paths))
INFO - 2025-08-05 15:26:22 --> Session: Class initialized using 'CodeIgniter\Session\Handlers\FileHandler' driver.
WARNING - 2025-08-05 15:26:22 --> [DEPRECATED] Creation of dynamic property App\Controllers\DashboardController::$db is deprecated in APPPATH\Controllers\DashboardController.php on line 14.
 1 SYSTEMPATH\CodeIgniter.php(903): App\Controllers\DashboardController->__construct()
 2 SYSTEMPATH\CodeIgniter.php(500): CodeIgniter\CodeIgniter->createController()
 3 SYSTEMPATH\CodeIgniter.php(355): CodeIgniter\CodeIgniter->handleRequest(null, Object(Config\Cache), false)
 4 SYSTEMPATH\Boot.php(325): CodeIgniter\CodeIgniter->run()
 5 SYSTEMPATH\Boot.php(67): CodeIgniter\Boot::runCodeIgniter(Object(CodeIgniter\CodeIgniter))
 6 FCPATH\index.php(56): CodeIgniter\Boot::bootWeb(Object(Config\Paths))
WARNING - 2025-08-05 15:26:22 --> [DEPRECATED] Creation of dynamic property App\Controllers\DashboardController::$session is deprecated in APPPATH\Controllers\DashboardController.php on line 15.
 1 SYSTEMPATH\CodeIgniter.php(903): App\Controllers\DashboardController->__construct()
 2 SYSTEMPATH\CodeIgniter.php(500): CodeIgniter\CodeIgniter->createController()
 3 SYSTEMPATH\CodeIgniter.php(355): CodeIgniter\CodeIgniter->handleRequest(null, Object(Config\Cache), false)
 4 SYSTEMPATH\Boot.php(325): CodeIgniter\CodeIgniter->run()
 5 SYSTEMPATH\Boot.php(67): CodeIgniter\Boot::runCodeIgniter(Object(CodeIgniter\CodeIgniter))
 6 FCPATH\index.php(56): CodeIgniter\Boot::bootWeb(Object(Config\Paths))
WARNING - 2025-08-05 15:26:22 --> [DEPRECATED] Creation of dynamic property App\Controllers\DashboardController::$uri is deprecated in APPPATH\Controllers\DashboardController.php on line 16.
 1 SYSTEMPATH\CodeIgniter.php(903): App\Controllers\DashboardController->__construct()
 2 SYSTEMPATH\CodeIgniter.php(500): CodeIgniter\CodeIgniter->createController()
 3 SYSTEMPATH\CodeIgniter.php(355): CodeIgniter\CodeIgniter->handleRequest(null, Object(Config\Cache), false)
 4 SYSTEMPATH\Boot.php(325): CodeIgniter\CodeIgniter->run()
 5 SYSTEMPATH\Boot.php(67): CodeIgniter\Boot::runCodeIgniter(Object(CodeIgniter\CodeIgniter))
 6 FCPATH\index.php(56): CodeIgniter\Boot::bootWeb(Object(Config\Paths))
WARNING - 2025-08-05 15:26:22 --> [DEPRECATED] Creation of dynamic property App\Controllers\DashboardController::$form_validation is deprecated in APPPATH\Controllers\DashboardController.php on line 18.
 1 SYSTEMPATH\CodeIgniter.php(903): App\Controllers\DashboardController->__construct()
 2 SYSTEMPATH\CodeIgniter.php(500): CodeIgniter\CodeIgniter->createController()
 3 SYSTEMPATH\CodeIgniter.php(355): CodeIgniter\CodeIgniter->handleRequest(null, Object(Config\Cache), false)
 4 SYSTEMPATH\Boot.php(325): CodeIgniter\CodeIgniter->run()
 5 SYSTEMPATH\Boot.php(67): CodeIgniter\Boot::runCodeIgniter(Object(CodeIgniter\CodeIgniter))
 6 FCPATH\index.php(56): CodeIgniter\Boot::bootWeb(Object(Config\Paths))
WARNING - 2025-08-05 15:26:22 --> [DEPRECATED] Creation of dynamic property App\Controllers\DashboardController::$userValidation is deprecated in APPPATH\Controllers\DashboardController.php on line 19.
 1 SYSTEMPATH\CodeIgniter.php(903): App\Controllers\DashboardController->__construct()
 2 SYSTEMPATH\CodeIgniter.php(500): CodeIgniter\CodeIgniter->createController()
 3 SYSTEMPATH\CodeIgniter.php(355): CodeIgniter\CodeIgniter->handleRequest(null, Object(Config\Cache), false)
 4 SYSTEMPATH\Boot.php(325): CodeIgniter\CodeIgniter->run()
 5 SYSTEMPATH\Boot.php(67): CodeIgniter\Boot::runCodeIgniter(Object(CodeIgniter\CodeIgniter))
 6 FCPATH\index.php(56): CodeIgniter\Boot::bootWeb(Object(Config\Paths))
INFO - 2025-08-05 15:27:32 --> Session: Class initialized using 'CodeIgniter\Session\Handlers\FileHandler' driver.
INFO - 2025-08-05 15:27:32 --> Session: Class initialized using 'CodeIgniter\Session\Handlers\FileHandler' driver.
INFO - 2025-08-05 15:27:34 --> Session: Class initialized using 'CodeIgniter\Session\Handlers\FileHandler' driver.
INFO - 2025-08-05 15:27:34 --> Session: Class initialized using 'CodeIgniter\Session\Handlers\FileHandler' driver.
INFO - 2025-08-05 15:27:34 --> Session: Class initialized using 'CodeIgniter\Session\Handlers\FileHandler' driver.
INFO - 2025-08-05 15:27:35 --> Session: Class initialized using 'CodeIgniter\Session\Handlers\FileHandler' driver.
INFO - 2025-08-05 15:48:26 --> Session: Class initialized using 'CodeIgniter\Session\Handlers\FileHandler' driver.
INFO - 2025-08-05 15:48:29 --> Session: Class initialized using 'CodeIgniter\Session\Handlers\FileHandler' driver.
INFO - 2025-08-05 15:48:29 --> Session: Class initialized using 'CodeIgniter\Session\Handlers\FileHandler' driver.
WARNING - 2025-08-05 15:48:29 --> [DEPRECATED] Creation of dynamic property App\Controllers\WarehouseController::$db is deprecated in APPPATH\Controllers\WarehouseController.php on line 15.
 1 APPPATH\Controllers\Home.php(34): App\Controllers\WarehouseController->__construct()
 2 SYSTEMPATH\CodeIgniter.php(933): App\Controllers\Home->index()
 3 SYSTEMPATH\CodeIgniter.php(509): CodeIgniter\CodeIgniter->runController(Object(App\Controllers\Home))
 4 SYSTEMPATH\CodeIgniter.php(355): CodeIgniter\CodeIgniter->handleRequest(null, Object(Config\Cache), false)
 5 SYSTEMPATH\Boot.php(325): CodeIgniter\CodeIgniter->run()
 6 SYSTEMPATH\Boot.php(67): CodeIgniter\Boot::runCodeIgniter(Object(CodeIgniter\CodeIgniter))
 7 FCPATH\index.php(56): CodeIgniter\Boot::bootWeb(Object(Config\Paths))
WARNING - 2025-08-05 15:48:29 --> [DEPRECATED] Creation of dynamic property App\Controllers\WarehouseController::$session is deprecated in APPPATH\Controllers\WarehouseController.php on line 16.
 1 APPPATH\Controllers\Home.php(34): App\Controllers\WarehouseController->__construct()
 2 SYSTEMPATH\CodeIgniter.php(933): App\Controllers\Home->index()
 3 SYSTEMPATH\CodeIgniter.php(509): CodeIgniter\CodeIgniter->runController(Object(App\Controllers\Home))
 4 SYSTEMPATH\CodeIgniter.php(355): CodeIgniter\CodeIgniter->handleRequest(null, Object(Config\Cache), false)
 5 SYSTEMPATH\Boot.php(325): CodeIgniter\CodeIgniter->run()
 6 SYSTEMPATH\Boot.php(67): CodeIgniter\Boot::runCodeIgniter(Object(CodeIgniter\CodeIgniter))
 7 FCPATH\index.php(56): CodeIgniter\Boot::bootWeb(Object(Config\Paths))
WARNING - 2025-08-05 15:48:29 --> [DEPRECATED] Creation of dynamic property App\Controllers\WarehouseController::$uri is deprecated in APPPATH\Controllers\WarehouseController.php on line 17.
 1 APPPATH\Controllers\Home.php(34): App\Controllers\WarehouseController->__construct()
 2 SYSTEMPATH\CodeIgniter.php(933): App\Controllers\Home->index()
 3 SYSTEMPATH\CodeIgniter.php(509): CodeIgniter\CodeIgniter->runController(Object(App\Controllers\Home))
 4 SYSTEMPATH\CodeIgniter.php(355): CodeIgniter\CodeIgniter->handleRequest(null, Object(Config\Cache), false)
 5 SYSTEMPATH\Boot.php(325): CodeIgniter\CodeIgniter->run()
 6 SYSTEMPATH\Boot.php(67): CodeIgniter\Boot::runCodeIgniter(Object(CodeIgniter\CodeIgniter))
 7 FCPATH\index.php(56): CodeIgniter\Boot::bootWeb(Object(Config\Paths))
WARNING - 2025-08-05 15:48:29 --> [DEPRECATED] Creation of dynamic property App\Controllers\WarehouseController::$form_validation is deprecated in APPPATH\Controllers\WarehouseController.php on line 19.
 1 APPPATH\Controllers\Home.php(34): App\Controllers\WarehouseController->__construct()
 2 SYSTEMPATH\CodeIgniter.php(933): App\Controllers\Home->index()
 3 SYSTEMPATH\CodeIgniter.php(509): CodeIgniter\CodeIgniter->runController(Object(App\Controllers\Home))
 4 SYSTEMPATH\CodeIgniter.php(355): CodeIgniter\CodeIgniter->handleRequest(null, Object(Config\Cache), false)
 5 SYSTEMPATH\Boot.php(325): CodeIgniter\CodeIgniter->run()
 6 SYSTEMPATH\Boot.php(67): CodeIgniter\Boot::runCodeIgniter(Object(CodeIgniter\CodeIgniter))
 7 FCPATH\index.php(56): CodeIgniter\Boot::bootWeb(Object(Config\Paths))
WARNING - 2025-08-05 15:48:29 --> [DEPRECATED] Creation of dynamic property App\Controllers\WarehouseController::$userValidation is deprecated in APPPATH\Controllers\WarehouseController.php on line 20.
 1 APPPATH\Controllers\Home.php(34): App\Controllers\WarehouseController->__construct()
 2 SYSTEMPATH\CodeIgniter.php(933): App\Controllers\Home->index()
 3 SYSTEMPATH\CodeIgniter.php(509): CodeIgniter\CodeIgniter->runController(Object(App\Controllers\Home))
 4 SYSTEMPATH\CodeIgniter.php(355): CodeIgniter\CodeIgniter->handleRequest(null, Object(Config\Cache), false)
 5 SYSTEMPATH\Boot.php(325): CodeIgniter\CodeIgniter->run()
 6 SYSTEMPATH\Boot.php(67): CodeIgniter\Boot::runCodeIgniter(Object(CodeIgniter\CodeIgniter))
 7 FCPATH\index.php(56): CodeIgniter\Boot::bootWeb(Object(Config\Paths))
INFO - 2025-08-05 15:48:29 --> Session: Class initialized using 'CodeIgniter\Session\Handlers\FileHandler' driver.
WARNING - 2025-08-05 15:48:29 --> [DEPRECATED] Creation of dynamic property App\Controllers\DashboardController::$db is deprecated in APPPATH\Controllers\DashboardController.php on line 14.
 1 SYSTEMPATH\CodeIgniter.php(903): App\Controllers\DashboardController->__construct()
 2 SYSTEMPATH\CodeIgniter.php(500): CodeIgniter\CodeIgniter->createController()
 3 SYSTEMPATH\CodeIgniter.php(355): CodeIgniter\CodeIgniter->handleRequest(null, Object(Config\Cache), false)
 4 SYSTEMPATH\Boot.php(325): CodeIgniter\CodeIgniter->run()
 5 SYSTEMPATH\Boot.php(67): CodeIgniter\Boot::runCodeIgniter(Object(CodeIgniter\CodeIgniter))
 6 FCPATH\index.php(56): CodeIgniter\Boot::bootWeb(Object(Config\Paths))
WARNING - 2025-08-05 15:48:29 --> [DEPRECATED] Creation of dynamic property App\Controllers\DashboardController::$session is deprecated in APPPATH\Controllers\DashboardController.php on line 15.
 1 SYSTEMPATH\CodeIgniter.php(903): App\Controllers\DashboardController->__construct()
 2 SYSTEMPATH\CodeIgniter.php(500): CodeIgniter\CodeIgniter->createController()
 3 SYSTEMPATH\CodeIgniter.php(355): CodeIgniter\CodeIgniter->handleRequest(null, Object(Config\Cache), false)
 4 SYSTEMPATH\Boot.php(325): CodeIgniter\CodeIgniter->run()
 5 SYSTEMPATH\Boot.php(67): CodeIgniter\Boot::runCodeIgniter(Object(CodeIgniter\CodeIgniter))
 6 FCPATH\index.php(56): CodeIgniter\Boot::bootWeb(Object(Config\Paths))
WARNING - 2025-08-05 15:48:29 --> [DEPRECATED] Creation of dynamic property App\Controllers\DashboardController::$uri is deprecated in APPPATH\Controllers\DashboardController.php on line 16.
 1 SYSTEMPATH\CodeIgniter.php(903): App\Controllers\DashboardController->__construct()
 2 SYSTEMPATH\CodeIgniter.php(500): CodeIgniter\CodeIgniter->createController()
 3 SYSTEMPATH\CodeIgniter.php(355): CodeIgniter\CodeIgniter->handleRequest(null, Object(Config\Cache), false)
 4 SYSTEMPATH\Boot.php(325): CodeIgniter\CodeIgniter->run()
 5 SYSTEMPATH\Boot.php(67): CodeIgniter\Boot::runCodeIgniter(Object(CodeIgniter\CodeIgniter))
 6 FCPATH\index.php(56): CodeIgniter\Boot::bootWeb(Object(Config\Paths))
WARNING - 2025-08-05 15:48:29 --> [DEPRECATED] Creation of dynamic property App\Controllers\DashboardController::$form_validation is deprecated in APPPATH\Controllers\DashboardController.php on line 18.
 1 SYSTEMPATH\CodeIgniter.php(903): App\Controllers\DashboardController->__construct()
 2 SYSTEMPATH\CodeIgniter.php(500): CodeIgniter\CodeIgniter->createController()
 3 SYSTEMPATH\CodeIgniter.php(355): CodeIgniter\CodeIgniter->handleRequest(null, Object(Config\Cache), false)
 4 SYSTEMPATH\Boot.php(325): CodeIgniter\CodeIgniter->run()
 5 SYSTEMPATH\Boot.php(67): CodeIgniter\Boot::runCodeIgniter(Object(CodeIgniter\CodeIgniter))
 6 FCPATH\index.php(56): CodeIgniter\Boot::bootWeb(Object(Config\Paths))
WARNING - 2025-08-05 15:48:29 --> [DEPRECATED] Creation of dynamic property App\Controllers\DashboardController::$userValidation is deprecated in APPPATH\Controllers\DashboardController.php on line 19.
 1 SYSTEMPATH\CodeIgniter.php(903): App\Controllers\DashboardController->__construct()
 2 SYSTEMPATH\CodeIgniter.php(500): CodeIgniter\CodeIgniter->createController()
 3 SYSTEMPATH\CodeIgniter.php(355): CodeIgniter\CodeIgniter->handleRequest(null, Object(Config\Cache), false)
 4 SYSTEMPATH\Boot.php(325): CodeIgniter\CodeIgniter->run()
 5 SYSTEMPATH\Boot.php(67): CodeIgniter\Boot::runCodeIgniter(Object(CodeIgniter\CodeIgniter))
 6 FCPATH\index.php(56): CodeIgniter\Boot::bootWeb(Object(Config\Paths))
INFO - 2025-08-05 15:48:30 --> Session: Class initialized using 'CodeIgniter\Session\Handlers\FileHandler' driver.
WARNING - 2025-08-05 15:48:30 --> [DEPRECATED] Creation of dynamic property App\Controllers\DashboardController::$db is deprecated in APPPATH\Controllers\DashboardController.php on line 14.
 1 SYSTEMPATH\CodeIgniter.php(903): App\Controllers\DashboardController->__construct()
 2 SYSTEMPATH\CodeIgniter.php(500): CodeIgniter\CodeIgniter->createController()
 3 SYSTEMPATH\CodeIgniter.php(355): CodeIgniter\CodeIgniter->handleRequest(null, Object(Config\Cache), false)
 4 SYSTEMPATH\Boot.php(325): CodeIgniter\CodeIgniter->run()
 5 SYSTEMPATH\Boot.php(67): CodeIgniter\Boot::runCodeIgniter(Object(CodeIgniter\CodeIgniter))
 6 FCPATH\index.php(56): CodeIgniter\Boot::bootWeb(Object(Config\Paths))
WARNING - 2025-08-05 15:48:30 --> [DEPRECATED] Creation of dynamic property App\Controllers\DashboardController::$session is deprecated in APPPATH\Controllers\DashboardController.php on line 15.
 1 SYSTEMPATH\CodeIgniter.php(903): App\Controllers\DashboardController->__construct()
 2 SYSTEMPATH\CodeIgniter.php(500): CodeIgniter\CodeIgniter->createController()
 3 SYSTEMPATH\CodeIgniter.php(355): CodeIgniter\CodeIgniter->handleRequest(null, Object(Config\Cache), false)
 4 SYSTEMPATH\Boot.php(325): CodeIgniter\CodeIgniter->run()
 5 SYSTEMPATH\Boot.php(67): CodeIgniter\Boot::runCodeIgniter(Object(CodeIgniter\CodeIgniter))
 6 FCPATH\index.php(56): CodeIgniter\Boot::bootWeb(Object(Config\Paths))
WARNING - 2025-08-05 15:48:30 --> [DEPRECATED] Creation of dynamic property App\Controllers\DashboardController::$uri is deprecated in APPPATH\Controllers\DashboardController.php on line 16.
 1 SYSTEMPATH\CodeIgniter.php(903): App\Controllers\DashboardController->__construct()
 2 SYSTEMPATH\CodeIgniter.php(500): CodeIgniter\CodeIgniter->createController()
 3 SYSTEMPATH\CodeIgniter.php(355): CodeIgniter\CodeIgniter->handleRequest(null, Object(Config\Cache), false)
 4 SYSTEMPATH\Boot.php(325): CodeIgniter\CodeIgniter->run()
 5 SYSTEMPATH\Boot.php(67): CodeIgniter\Boot::runCodeIgniter(Object(CodeIgniter\CodeIgniter))
 6 FCPATH\index.php(56): CodeIgniter\Boot::bootWeb(Object(Config\Paths))
WARNING - 2025-08-05 15:48:30 --> [DEPRECATED] Creation of dynamic property App\Controllers\DashboardController::$form_validation is deprecated in APPPATH\Controllers\DashboardController.php on line 18.
 1 SYSTEMPATH\CodeIgniter.php(903): App\Controllers\DashboardController->__construct()
 2 SYSTEMPATH\CodeIgniter.php(500): CodeIgniter\CodeIgniter->createController()
 3 SYSTEMPATH\CodeIgniter.php(355): CodeIgniter\CodeIgniter->handleRequest(null, Object(Config\Cache), false)
 4 SYSTEMPATH\Boot.php(325): CodeIgniter\CodeIgniter->run()
 5 SYSTEMPATH\Boot.php(67): CodeIgniter\Boot::runCodeIgniter(Object(CodeIgniter\CodeIgniter))
 6 FCPATH\index.php(56): CodeIgniter\Boot::bootWeb(Object(Config\Paths))
WARNING - 2025-08-05 15:48:30 --> [DEPRECATED] Creation of dynamic property App\Controllers\DashboardController::$userValidation is deprecated in APPPATH\Controllers\DashboardController.php on line 19.
 1 SYSTEMPATH\CodeIgniter.php(903): App\Controllers\DashboardController->__construct()
 2 SYSTEMPATH\CodeIgniter.php(500): CodeIgniter\CodeIgniter->createController()
 3 SYSTEMPATH\CodeIgniter.php(355): CodeIgniter\CodeIgniter->handleRequest(null, Object(Config\Cache), false)
 4 SYSTEMPATH\Boot.php(325): CodeIgniter\CodeIgniter->run()
 5 SYSTEMPATH\Boot.php(67): CodeIgniter\Boot::runCodeIgniter(Object(CodeIgniter\CodeIgniter))
 6 FCPATH\index.php(56): CodeIgniter\Boot::bootWeb(Object(Config\Paths))
INFO - 2025-08-05 15:48:30 --> Session: Class initialized using 'CodeIgniter\Session\Handlers\FileHandler' driver.
WARNING - 2025-08-05 15:48:30 --> [DEPRECATED] Creation of dynamic property App\Controllers\DashboardController::$db is deprecated in APPPATH\Controllers\DashboardController.php on line 14.
 1 SYSTEMPATH\CodeIgniter.php(903): App\Controllers\DashboardController->__construct()
 2 SYSTEMPATH\CodeIgniter.php(500): CodeIgniter\CodeIgniter->createController()
 3 SYSTEMPATH\CodeIgniter.php(355): CodeIgniter\CodeIgniter->handleRequest(null, Object(Config\Cache), false)
 4 SYSTEMPATH\Boot.php(325): CodeIgniter\CodeIgniter->run()
 5 SYSTEMPATH\Boot.php(67): CodeIgniter\Boot::runCodeIgniter(Object(CodeIgniter\CodeIgniter))
 6 FCPATH\index.php(56): CodeIgniter\Boot::bootWeb(Object(Config\Paths))
WARNING - 2025-08-05 15:48:30 --> [DEPRECATED] Creation of dynamic property App\Controllers\DashboardController::$session is deprecated in APPPATH\Controllers\DashboardController.php on line 15.
 1 SYSTEMPATH\CodeIgniter.php(903): App\Controllers\DashboardController->__construct()
 2 SYSTEMPATH\CodeIgniter.php(500): CodeIgniter\CodeIgniter->createController()
 3 SYSTEMPATH\CodeIgniter.php(355): CodeIgniter\CodeIgniter->handleRequest(null, Object(Config\Cache), false)
 4 SYSTEMPATH\Boot.php(325): CodeIgniter\CodeIgniter->run()
 5 SYSTEMPATH\Boot.php(67): CodeIgniter\Boot::runCodeIgniter(Object(CodeIgniter\CodeIgniter))
 6 FCPATH\index.php(56): CodeIgniter\Boot::bootWeb(Object(Config\Paths))
WARNING - 2025-08-05 15:48:30 --> [DEPRECATED] Creation of dynamic property App\Controllers\DashboardController::$uri is deprecated in APPPATH\Controllers\DashboardController.php on line 16.
 1 SYSTEMPATH\CodeIgniter.php(903): App\Controllers\DashboardController->__construct()
 2 SYSTEMPATH\CodeIgniter.php(500): CodeIgniter\CodeIgniter->createController()
 3 SYSTEMPATH\CodeIgniter.php(355): CodeIgniter\CodeIgniter->handleRequest(null, Object(Config\Cache), false)
 4 SYSTEMPATH\Boot.php(325): CodeIgniter\CodeIgniter->run()
 5 SYSTEMPATH\Boot.php(67): CodeIgniter\Boot::runCodeIgniter(Object(CodeIgniter\CodeIgniter))
 6 FCPATH\index.php(56): CodeIgniter\Boot::bootWeb(Object(Config\Paths))
WARNING - 2025-08-05 15:48:30 --> [DEPRECATED] Creation of dynamic property App\Controllers\DashboardController::$form_validation is deprecated in APPPATH\Controllers\DashboardController.php on line 18.
 1 SYSTEMPATH\CodeIgniter.php(903): App\Controllers\DashboardController->__construct()
 2 SYSTEMPATH\CodeIgniter.php(500): CodeIgniter\CodeIgniter->createController()
 3 SYSTEMPATH\CodeIgniter.php(355): CodeIgniter\CodeIgniter->handleRequest(null, Object(Config\Cache), false)
 4 SYSTEMPATH\Boot.php(325): CodeIgniter\CodeIgniter->run()
 5 SYSTEMPATH\Boot.php(67): CodeIgniter\Boot::runCodeIgniter(Object(CodeIgniter\CodeIgniter))
 6 FCPATH\index.php(56): CodeIgniter\Boot::bootWeb(Object(Config\Paths))
WARNING - 2025-08-05 15:48:30 --> [DEPRECATED] Creation of dynamic property App\Controllers\DashboardController::$userValidation is deprecated in APPPATH\Controllers\DashboardController.php on line 19.
 1 SYSTEMPATH\CodeIgniter.php(903): App\Controllers\DashboardController->__construct()
 2 SYSTEMPATH\CodeIgniter.php(500): CodeIgniter\CodeIgniter->createController()
 3 SYSTEMPATH\CodeIgniter.php(355): CodeIgniter\CodeIgniter->handleRequest(null, Object(Config\Cache), false)
 4 SYSTEMPATH\Boot.php(325): CodeIgniter\CodeIgniter->run()
 5 SYSTEMPATH\Boot.php(67): CodeIgniter\Boot::runCodeIgniter(Object(CodeIgniter\CodeIgniter))
 6 FCPATH\index.php(56): CodeIgniter\Boot::bootWeb(Object(Config\Paths))
INFO - 2025-08-05 15:48:37 --> Session: Class initialized using 'CodeIgniter\Session\Handlers\FileHandler' driver.
INFO - 2025-08-05 15:48:37 --> Session: Class initialized using 'CodeIgniter\Session\Handlers\FileHandler' driver.
INFO - 2025-08-05 15:48:42 --> Session: Class initialized using 'CodeIgniter\Session\Handlers\FileHandler' driver.
INFO - 2025-08-05 15:48:42 --> Session: Class initialized using 'CodeIgniter\Session\Handlers\FileHandler' driver.
INFO - 2025-08-05 15:48:43 --> Session: Class initialized using 'CodeIgniter\Session\Handlers\FileHandler' driver.
INFO - 2025-08-05 15:48:43 --> Session: Class initialized using 'CodeIgniter\Session\Handlers\FileHandler' driver.
INFO - 2025-08-05 16:28:58 --> Session: Class initialized using 'CodeIgniter\Session\Handlers\FileHandler' driver.
INFO - 2025-08-05 16:28:58 --> Session: Class initialized using 'CodeIgniter\Session\Handlers\FileHandler' driver.
INFO - 2025-08-05 16:28:58 --> Session: Class initialized using 'CodeIgniter\Session\Handlers\FileHandler' driver.
INFO - 2025-08-05 16:28:58 --> Session: Class initialized using 'CodeIgniter\Session\Handlers\FileHandler' driver.
